%T(Ga)     a (RE)      amin        amax         lod       lodmin      lodmax       obli       oblimin     oblimax       pre           premin        premax
 0.000   60.142611   60.142611   60.142611   23.999996   23.999996   23.999996   23.254500   23.254500   23.254500     50.467727     50.467727     50.467727
 0.001   60.136601   60.136627   60.136575   23.994244   23.994269   23.994218   23.251864   23.251864   23.251864     50.491184     50.491236     50.491131
 0.002   60.130591   60.130199   60.131109   23.988462   23.988086   23.988961   23.249229   23.249228   23.249229     50.514718     50.513672     50.515510
 0.003   60.124581   60.123942   60.125218   23.982684   23.982069   23.983296   23.246593   23.246593   23.246593     50.538263     50.536975     50.539553
 0.004   60.118570   60.117719   60.119421   23.976907   23.976089   23.977724   23.243958   23.243957   23.243958     50.561819     50.560101     50.563538
 0.005   60.112560   60.111494   60.113626   23.971133   23.970108   23.972156   23.241323   23.241322   23.241323     50.585385     50.583231     50.587541
 0.006   60.106550   60.105265   60.107834   23.965361   23.964127   23.966594   23.238688   23.238687   23.238688     50.608961     50.606365     50.611560
 0.007   60.100540   60.099033   60.102046   23.959592   23.958146   23.961037   23.236053   23.236052   23.236054     50.632548     50.629503     50.635595
 0.008   60.094530   60.092799   60.096260   23.953825   23.952165   23.955484   23.233419   23.233418   23.233420     50.656145     50.652646     50.659647
 0.009   60.088520   60.086563   60.090475   23.948061   23.946185   23.949936   23.230786   23.230785   23.230787     50.679752     50.675796     50.683713
 0.010   60.082510   60.080320   60.084697   23.942300   23.940201   23.944397   23.228153   23.228151   23.228154     50.703370     50.698943     50.707801
 0.011   60.075766   60.073341   60.078194   23.935838   23.933515   23.938164   23.225199   23.225197   23.225200     50.729884     50.724969     50.734793
 0.012   60.069022   60.066356   60.071696   23.929378   23.926827   23.931940   23.222246   23.222244   23.222247     50.756412     50.750995     50.761811
 0.013   60.062277   60.059365   60.065204   23.922923   23.920136   23.925724   23.219293   23.219291   23.219295     50.782952     50.777024     50.788852
 0.014   60.055533   60.052370   60.058716   23.916470   23.913445   23.919515   23.216342   23.216340   23.216345     50.809505     50.803056     50.815915
 0.015   60.048789   60.045373   60.052230   23.910020   23.906754   23.913311   23.213392   23.213389   23.213395     50.836071     50.829096     50.842996
 0.016   60.042045   60.038375   60.045745   23.903574   23.900067   23.907110   23.210443   23.210440   23.210446     50.862650     50.855148     50.870092
 0.017   60.035301   60.031378   60.039259   23.897131   23.893385   23.900912   23.207495   23.207492   23.207499     50.889242     50.881215     50.897198
 0.018   60.028557   60.024384   60.032771   23.890690   23.886708   23.894714   23.204549   23.204545   23.204553     50.915847     50.907299     50.924313
 0.019   60.021813   60.017392   60.026280   23.884253   23.880036   23.888516   23.201603   23.201599   23.201608     50.942465     50.933400     50.951436
 0.020   60.013600   60.008941   60.018325   23.876420   23.871977   23.880925   23.198018   23.198013   23.198023     50.974895     50.965305     50.984354
 0.021   60.007192   60.002287   60.012162   23.870309   23.865634   23.875047   23.195222   23.195216   23.195227     51.000216     50.990124     51.010177
 0.022   60.000799   59.995650   60.006013   23.864217   23.859312   23.869186   23.192433   23.192427   23.192439     51.025484     51.014894     51.035944
 0.023   59.994423   59.989031   59.999879   23.858143   23.853009   23.863340   23.189653   23.189646   23.189660     51.050701     51.039615     51.061656
 0.024   59.988063   59.982430   59.993760   23.852087   23.846726   23.857511   23.186881   23.186873   23.186888     51.075864     51.064286     51.087313
 0.025   59.981719   59.975845   59.987656   23.846049   23.840462   23.851700   23.184116   23.184108   23.184124     51.100976     51.088906     51.112917
 0.026   59.975391   59.969277   59.981568   23.840029   23.834217   23.845905   23.181360   23.181351   23.181368     51.126036     51.113475     51.138469
 0.027   59.969079   59.962726   59.975495   23.834028   23.827990   23.840129   23.178611   23.178602   23.178620     51.151043     51.137993     51.163967
 0.028   59.962783   59.956191   59.969437   23.828045   23.821783   23.834369   23.175870   23.175860   23.175880     51.175999     51.162461     51.189411
 0.029   59.956503   59.949674   59.963393   23.822079   23.815594   23.828625   23.173137   23.173126   23.173147     51.200902     51.186880     51.214801
 0.030   59.950239   59.943175   59.957364   23.816131   23.809426   23.822896   23.170411   23.170400   23.170423     51.225754     51.211251     51.240135
 0.031   59.943991   59.936694   59.951348   23.810200   23.803278   23.817183   23.167694   23.167682   23.167706     51.250554     51.235574     51.265414
 0.032   59.937758   59.930230   59.945346   23.804288   23.797149   23.811486   23.164984   23.164971   23.164996     51.275303     51.259849     51.290638
 0.033   59.931542   59.923784   59.939358   23.798393   23.791039   23.805805   23.162281   23.162268   23.162295     51.300000     51.284075     51.315807
 0.034   59.925341   59.917354   59.933385   23.792515   23.784948   23.800141   23.159587   23.159572   23.159601     51.324645     51.308252     51.340923
 0.035   59.919156   59.910941   59.927427   23.786656   23.778877   23.794492   23.156899   23.156884   23.156914     51.349239     51.332379     51.365986
 0.036   59.912986   59.904544   59.921484   23.780813   23.772822   23.788861   23.154220   23.154204   23.154236     51.373782     51.356456     51.390998
 0.037   59.906833   59.898164   59.915556   23.774988   23.766786   23.783245   23.151548   23.151531   23.151564     51.398274     51.380482     51.415957
 0.038   59.900694   59.891799   59.909642   23.769180   23.760768   23.777647   23.148883   23.148865   23.148901     51.422715     51.404460     51.440863
 0.039   59.894572   59.885452   59.903743   23.763389   23.754769   23.772064   23.146226   23.146207   23.146245     51.447104     51.428389     51.465716
 0.040   59.888464   59.879122   59.897857   23.757616   23.748789   23.766496   23.143576   23.143557   23.143596     51.471443     51.452270     51.490514
 0.041   59.882373   59.872809   59.891985   23.751860   23.742828   23.760944   23.140934   23.140913   23.140955     51.495731     51.476105     51.515259
 0.042   59.876296   59.866514   59.886126   23.746121   23.736886   23.755406   23.138300   23.138278   23.138321     51.519969     51.499892     51.539949
 0.043   59.870235   59.860235   59.880281   23.740398   23.730963   23.749884   23.135672   23.135650   23.135695     51.544155     51.523632     51.564585
 0.044   59.864189   59.853973   59.874451   23.734693   23.725057   23.744378   23.133052   23.133029   23.133076     51.568292     51.547323     51.589170
 0.045   59.858159   59.847726   59.868635   23.729004   23.719169   23.738888   23.130440   23.130415   23.130464     51.592378     51.570965     51.613703
 0.046   59.852143   59.841495   59.862834   23.723333   23.713299   23.733413   23.127835   23.127809   23.127860     51.616414     51.594558     51.638185
 0.047   59.846143   59.835280   59.857047   23.717677   23.707445   23.727956   23.125237   23.125210   23.125264     51.640399     51.618101     51.662616
 0.048   59.840158   59.829081   59.851274   23.712039   23.701610   23.722513   23.122646   23.122618   23.122674     51.664335     51.641596     51.686996
 0.049   59.834188   59.822898   59.845516   23.706418   23.695793   23.717086   23.120063   23.120034   23.120092     51.688220     51.665044     51.711323
 0.050   59.828234   59.816732   59.839771   23.700813   23.689993   23.711674   23.117487   23.117457   23.117517     51.712056     51.688444     51.735598
 0.051   59.822294   59.810583   59.834038   23.695223   23.684212   23.706276   23.114919   23.114887   23.114950     51.735842     51.711799     51.759819
 0.052   59.816369   59.804450   59.828320   23.689651   23.678449   23.700894   23.112357   23.112325   23.112389     51.759578     51.735106     51.783987
 0.053   59.810459   59.798333   59.822615   23.684096   23.672704   23.695526   23.109803   23.109769   23.109836     51.783265     51.758367     51.808104
 0.054   59.804564   59.792232   59.816924   23.678557   23.666976   23.690173   23.107256   23.107221   23.107290     51.806902     51.781580     51.832169
 0.055   59.798684   59.786147   59.811247   23.673034   23.661266   23.684837   23.104716   23.104680   23.104751     51.830489     51.804744     51.856183
 0.056   59.792818   59.780077   59.805584   23.667526   23.655572   23.679516   23.102183   23.102146   23.102220     51.854027     51.827859     51.880148
 0.057   59.786968   59.774022   59.799936   23.662036   23.649895   23.674210   23.099657   23.099619   23.099695     51.877515     51.850926     51.904062
 0.058   59.781132   59.767983   59.794302   23.656562   23.644235   23.668920   23.097139   23.097099   23.097178     51.900954     51.873944     51.927925
 0.059   59.775312   59.761960   59.788682   23.651104   23.638592   23.663645   23.094627   23.094586   23.094668     51.924342     51.896914     51.951736
 0.060   59.769506   59.755953   59.783075   23.645662   23.632967   23.658384   23.092123   23.092081   23.092165     51.947681     51.919838     51.975494
 0.061   59.763715   59.749962   59.777482   23.640237   23.627360   23.653139   23.089626   23.089582   23.089669     51.970970     51.942714     51.999200
 0.062   59.757939   59.743988   59.771902   23.634827   23.621771   23.647908   23.087136   23.087091   23.087180     51.994208     51.965543     52.022853
 0.063   59.752178   59.738030   59.766336   23.629434   23.616199   23.642692   23.084653   23.084607   23.084699     52.017396     51.988323     52.046452
 0.064   59.746432   59.732088   59.760784   23.624057   23.610644   23.637491   23.082177   23.082130   23.082224     52.040533     52.011053     52.070000
 0.065   59.740701   59.726161   59.755247   23.618697   23.605106   23.632306   23.079709   23.079660   23.079757     52.063618     52.033733     52.093494
 0.066   59.734986   59.720251   59.749725   23.613352   23.599585   23.627138   23.077248   23.077198   23.077298     52.086650     52.056362     52.116936
 0.067   59.729286   59.714356   59.744218   23.608026   23.594081   23.621986   23.074794   23.074742   23.074845     52.109630     52.078938     52.140324
 0.068   59.723602   59.708478   59.738726   23.602715   23.588596   23.616849   23.072348   23.072295   23.072400     52.132555     52.101461     52.163657
 0.069   59.717935   59.702616   59.733249   23.597422   23.583128   23.611729   23.069909   23.069855   23.069963     52.155426     52.123931     52.186933
 0.070   59.712283   59.696773   59.727787   23.592147   23.577679   23.606624   23.067478   23.067422   23.067533     52.178239     52.146346     52.210149
 0.071   59.706648   59.690948   59.722340   23.586888   23.572250   23.601536   23.065055   23.064998   23.065112     52.200994     52.168706     52.233304
 0.072   59.701031   59.685141   59.716910   23.581649   23.566840   23.596466   23.062640   23.062581   23.062698     52.223688     52.191008     52.256396
 0.073   59.695431   59.679353   59.711496   23.576428   23.561449   23.591412   23.060233   23.060173   23.060293     52.246320     52.213249     52.279423
 0.074   59.689850   59.673584   59.706100   23.571228   23.556079   23.586378   23.057835   23.057773   23.057896     52.268886     52.235426     52.302384
 0.075   59.684289   59.667835   59.700723   23.566046   23.550729   23.581362   23.055446   23.055383   23.055508     52.291384     52.257535     52.325276
 0.076   59.678746   59.662106   59.695364   23.560884   23.545400   23.576366   23.053065   23.053001   23.053129     52.313811     52.279575     52.348097
 0.077   59.673223   59.656397   59.690025   23.555743   23.540092   23.571389   23.050694   23.050628   23.050760     52.336169     52.301547     52.370847
 0.078   59.667720   59.650708   59.684703   23.550621   23.534805   23.566432   23.048332   23.048264   23.048399     52.358458     52.323453     52.393527
 0.079   59.662233   59.645037   59.679397   23.545518   23.529536   23.561490   23.045977   23.045908   23.046046     52.380687     52.345301     52.416144
 0.080   59.656761   59.639383   59.674104   23.540431   23.524285   23.556563   23.043630   23.043559   23.043700     52.402865     52.367101     52.438706
 0.081   59.651297   59.633738   59.668816   23.535352   23.519045   23.551642   23.041286   23.041214   23.041358     52.425022     52.388886     52.461244
 0.082   59.645841   59.628103   59.663535   23.530282   23.513816   23.546728   23.038947   23.038873   23.039020     52.447153     52.410648     52.483753
 0.083   59.640393   59.622478   59.658260   23.525223   23.508599   23.541824   23.036611   23.036536   23.036686     52.469261     52.432390     52.506236
 0.084   59.634952   59.616860   59.652992   23.520172   23.503391   23.536927   23.034280   23.034203   23.034356     52.491347     52.454111     52.528697
 0.085   59.629518   59.611250   59.647730   23.515129   23.498191   23.532038   23.031952   23.031873   23.032030     52.513415     52.475814     52.551138
 0.086   59.624091   59.605647   59.642474   23.510095   23.493000   23.527156   23.029627   23.029547   23.029706     52.535466     52.497502     52.573560
 0.087   59.618669   59.600051   59.637223   23.505068   23.487818   23.522280   23.027305   23.027223   23.027386     52.557502     52.519178     52.595965
 0.088   59.613253   59.594463   59.631974   23.500047   23.482645   23.517409   23.024986   23.024903   23.025069     52.579526     52.540845     52.618353
 0.089   59.607841   59.588882   59.626728   23.495032   23.477480   23.512541   23.022670   23.022585   23.022754     52.601539     52.562507     52.640725
 0.090   59.602433   59.583309   59.621483   23.490023   23.472326   23.507677   23.020356   23.020270   23.020442     52.623543     52.584166     52.663080
 0.091   59.597030   59.577744   59.616238   23.485021   23.467180   23.502814   23.018044   23.017956   23.018132     52.645540     52.605825     52.685421
 0.092   59.591630   59.572186   59.610993   23.480023   23.462044   23.497953   23.015735   23.015645   23.015824     52.667532     52.627486     52.707749
 0.093   59.586233   59.566635   59.605749   23.475030   23.456915   23.493094   23.013427   23.013336   23.013519     52.689519     52.649149     52.730065
 0.094   59.580839   59.561090   59.600504   23.470042   23.451794   23.488237   23.011122   23.011029   23.011215     52.711504     52.670815     52.752372
 0.095   59.575447   59.555549   59.595261   23.465057   23.446679   23.483384   23.008818   23.008723   23.008912     52.733485     52.692481     52.774672
 0.096   59.570059   59.550012   59.590020   23.460078   23.441569   23.478534   23.006516   23.006419   23.006612     52.755465     52.714143     52.796970
 0.097   59.564673   59.544475   59.584785   23.455103   23.436463   23.473690   23.004215   23.004117   23.004313     52.777442     52.735800     52.819268
 0.098   59.559290   59.538939   59.579555   23.450133   23.431358   23.468854   23.001917   23.001817   23.002017     52.799416     52.757447     52.841569
 0.099   59.553910   59.533403   59.574331   23.445166   23.426255   23.464026   22.999620   22.999518   22.999721     52.821387     52.779084     52.863874
 0.100   59.548533   59.527867   59.569114   23.440205   23.421154   23.459206   22.997325   22.997222   22.997428     52.843354     52.800709     52.886180
 0.101   59.543159   59.522331   59.563905   23.435248   23.416056   23.454393   22.995032   22.994927   22.995137     52.865315     52.822320     52.908488
 0.102   59.537789   59.516796   59.558702   23.430298   23.410961   23.449590   22.992742   22.992635   22.992849     52.887270     52.843918     52.930796
 0.103   59.532423   59.511262   59.553506   23.425353   23.405868   23.444794   22.990453   22.990344   22.990562     52.909217     52.865502     52.953101
 0.104   59.527062   59.505731   59.548317   23.420413   23.400780   23.440007   22.988168   22.988057   22.988278     52.931154     52.887071     52.975401
 0.105   59.521705   59.500204   59.543134   23.415480   23.395698   23.435226   22.985884   22.985772   22.985997     52.953081     52.908627     52.997693
 0.106   59.516354   59.494681   59.537958   23.410554   23.390621   23.430453   22.983604   22.983489   22.983718     52.974996     52.930168     53.019973
 0.107   59.511007   59.489164   59.532787   23.405634   23.385552   23.425687   22.981326   22.981210   22.981442     52.996896     52.951695     53.042240
 0.108   59.505667   59.483652   59.527622   23.400722   23.380489   23.420929   22.979052   22.978933   22.979170     53.018782     52.973206     53.064492
 0.109   59.500333   59.478146   59.522463   23.395817   23.375434   23.416178   22.976780   22.976660   22.976900     53.040651     52.994699     53.086729
 0.110   59.495005   59.472645   59.517312   23.390918   23.370386   23.411436   22.974512   22.974390   22.974634     53.062504     53.016172     53.108951
 0.111   59.489683   59.467150   59.512169   23.386029   23.365345   23.406702   22.972247   22.972124   22.972371     53.084338     53.037625     53.131156
 0.112   59.484368   59.461661   59.507034   23.381148   23.360311   23.401978   22.969986   22.969860   22.970111     53.106153     53.059055     53.153345
 0.113   59.479060   59.456177   59.501907   23.376274   23.355285   23.397263   22.967728   22.967600   22.967855     53.127948     53.080464     53.175516
 0.114   59.473759   59.450701   59.496788   23.371409   23.350267   23.392557   22.965474   22.965344   22.965603     53.149723     53.101849     53.197668
 0.115   59.468465   59.445231   59.491677   23.366551   23.345256   23.387860   22.963223   22.963091   22.963354     53.171478     53.123213     53.219801
 0.116   59.463179   59.439767   59.486573   23.361703   23.340253   23.383171   22.960976   22.960842   22.961109     53.193212     53.144555     53.241913
 0.117   59.457899   59.434311   59.481474   23.356863   23.335260   23.378490   22.958732   22.958597   22.958867     53.214924     53.165879     53.264004
 0.118   59.452627   59.428862   59.476382   23.352031   23.330274   23.373815   22.956492   22.956355   22.956630     53.236614     53.187184     53.286075
 0.119   59.447362   59.423419   59.471294   23.347208   23.325296   23.369146   22.954256   22.954117   22.954395     53.258282     53.208473     53.308125
 0.120   59.442104   59.417982   59.466210   23.342393   23.320326   23.364483   22.952024   22.951882   22.952165     53.279929     53.229746     53.330156
 0.121   59.436854   59.412552   59.461131   23.337587   23.315364   23.359825   22.949795   22.949652   22.949938     53.301555     53.251003     53.352168
 0.122   59.431611   59.407128   59.456056   23.332789   23.310408   23.355174   22.947570   22.947424   22.947715     53.323160     53.272245     53.374162
 0.123   59.426374   59.401710   59.450987   23.327998   23.305461   23.350529   22.945348   22.945200   22.945495     53.344745     53.293469     53.396138
 0.124   59.421144   59.396297   59.445924   23.323216   23.300520   23.345891   22.943129   22.942980   22.943278     53.366312     53.314677     53.418097
 0.125   59.415920   59.390890   59.440866   23.318441   23.295587   23.341260   22.940914   22.940762   22.941065     53.387863     53.335869     53.440041
 0.126   59.410701   59.385488   59.435812   23.313673   23.290660   23.336633   22.938701   22.938547   22.938854     53.409399     53.357050     53.461972
 0.127   59.405488   59.380091   59.430759   23.308910   23.285738   23.332010   22.936491   22.936335   22.936646     53.430924     53.378228     53.483892
 0.128   59.400278   59.374696   59.425704   23.304154   23.280822   23.327385   22.934283   22.934125   22.934441     53.452440     53.399409     53.505806
 0.129   59.395071   59.369304   59.420644   23.299401   23.275909   23.322760   22.932077   22.931917   22.932237     53.473951     53.420602     53.527718
 0.130   59.389867   59.363912   59.415578   23.294653   23.270999   23.318128   22.929873   22.929711   22.930034     53.495462     53.441812     53.549631
 0.131   59.384663   59.358520   59.410503   23.289907   23.266090   23.313492   22.927669   22.927505   22.927833     53.516976     53.463046     53.571552
 0.132   59.379460   59.353127   59.405419   23.285163   23.261182   23.308848   22.925466   22.925300   22.925632     53.538499     53.484307     53.593484
 0.133   59.374254   59.347729   59.400327   23.280420   23.256271   23.304198   22.923263   22.923095   22.923431     53.560038     53.505597     53.615437
 0.134   59.369046   59.342325   59.395226   23.275673   23.251357   23.299543   22.921059   22.920888   22.921229     53.581599     53.526921     53.637420
 0.135   59.363831   59.336914   59.390116   23.270924   23.246438   23.294880   22.918853   22.918680   22.919025     53.603195     53.548285     53.659438
 0.136   59.358607   59.331494   59.384993   23.266168   23.241514   23.290208   22.916643   22.916468   22.916818     53.624836     53.569701     53.681501
 0.137   59.353370   59.326066   59.379855   23.261402   23.236583   23.285524   22.914429   22.914252   22.914606     53.646539     53.591185     53.703617
 0.138   59.348116   59.320629   59.374695   23.256623   23.231646   23.280821   22.912208   22.912029   22.912387     53.668319     53.612756     53.725795
 0.139   59.342842   59.315179   59.369507   23.251826   23.226700   23.276094   22.909979   22.909798   22.910161     53.690194     53.634438     53.748050
 0.140   59.337542   59.309714   59.364284   23.247009   23.221741   23.271337   22.907740   22.907556   22.907924     53.712182     53.656252     53.770398
 0.141   59.332213   59.304230   59.359022   23.242166   23.216768   23.266546   22.905489   22.905303   22.905675     53.734302     53.678219     53.792856
 0.142   59.326849   59.298721   59.353717   23.237295   23.211774   23.261718   22.903224   22.903035   22.903412     53.756573     53.700355     53.815446
 0.143   59.321448   59.293178   59.348366   23.232390   23.206751   23.256850   22.900943   22.900753   22.901134     53.779011     53.722674     53.838192
 0.144   59.316005   59.287597   59.342968   23.227450   23.201695   23.251942   22.898646   22.898453   22.898839     53.801629     53.745184     53.861115
 0.145   59.310518   59.281974   59.337523   23.222471   23.196603   23.246992   22.896330   22.896135   22.896526     53.824437     53.767890     53.884224
 0.146   59.304988   59.276312   59.332032   23.217455   23.191479   23.242002   22.893997   22.893800   22.894196     53.847438     53.790796     53.907514
 0.147   59.299413   59.270618   59.326495   23.212401   23.186327   23.236972   22.891646   22.891446   22.891847     53.870633     53.813899     53.930973
 0.148   59.293795   59.264901   59.320911   23.207309   23.181156   23.231902   22.889277   22.889075   22.889481     53.894018     53.837197     53.954581
 0.149   59.288136   59.259169   59.315282   23.202183   23.175974   23.226793   22.886892   22.886687   22.887098     53.917582     53.860685     53.978313
 0.150   59.282439   59.253430   59.309609   23.197024   23.170787   23.221646   22.884491   22.884284   22.884700     53.941313     53.884352     54.002149
 0.151   59.276709   59.247689   59.303896   23.191838   23.165602   23.216465   22.882077   22.881867   22.882288     53.965195     53.908184     54.026068
 0.152   59.270949   59.241949   59.298147   23.186626   23.160418   23.211253   22.879651   22.879439   22.879865     53.989207     53.932161     54.050054
 0.153   59.265166   59.236211   59.292366   23.181396   23.155239   23.206016   22.877216   22.877001   22.877432     54.013330     53.956263     54.074098
 0.154   59.259364   59.230472   59.286561   23.176150   23.150061   23.200757   22.874773   22.874556   22.874992     54.037541     53.980465     54.098191
 0.155   59.253549   59.224732   59.280740   23.170895   23.144885   23.195486   22.872326   22.872107   22.872548     54.061816     54.004740     54.122324
 0.156   59.247727   59.218992   59.274912   23.165636   23.139709   23.190211   22.869876   22.869655   22.870101     54.086133     54.029054     54.146483
 0.157   59.241902   59.213255   59.269087   23.160376   23.134539   23.184941   22.867426   22.867202   22.867653     54.110470     54.053377     54.170651
 0.158   59.236080   59.207528   59.263274   23.155121   23.129380   23.179685   22.864978   22.864752   22.865208     54.134805     54.077679     54.194802
 0.159   59.230266   59.201821   59.257481   23.149876   23.124242   23.174448   22.862534   22.862305   22.862766     54.159118     54.101935     54.218905
 0.160   59.224464   59.196142   59.251711   23.144643   23.119131   23.169235   22.860096   22.859864   22.860330     54.183392     54.126126     54.242933
 0.161   59.218678   59.190499   59.245969   23.139427   23.114054   23.164048   22.857665   22.857431   22.857902     54.207609     54.150235     54.266865
 0.162   59.212911   59.184893   59.240257   23.134230   23.109011   23.158891   22.855242   22.855006   22.855482     54.231756     54.174252     54.290687
 0.163   59.207166   59.179328   59.234574   23.129055   23.104008   23.153761   22.852830   22.852591   22.853072     54.255821     54.198174     54.314388
 0.164   59.201445   59.173802   59.228916   23.123904   23.099043   23.148657   22.850428   22.850187   22.850673     54.279796     54.222001     54.337965
 0.165   59.195750   59.168311   59.223286   23.118777   23.094110   23.143581   22.848038   22.847794   22.848285     54.303673     54.245725     54.361427
 0.166   59.190081   59.162846   59.217690   23.113678   23.089202   23.138536   22.845659   22.845413   22.845908     54.327451     54.269335     54.384788
 0.167   59.184438   59.157397   59.212135   23.108602   23.084311   23.133530   22.843292   22.843044   22.843544     54.351129     54.292815     54.408070
 0.168   59.178821   59.151957   59.206628   23.103552   23.079430   23.128570   22.840937   22.840686   22.841191     54.374708     54.316147     54.431289
 0.169   59.173228   59.146522   59.201177   23.098527   23.074554   23.123662   22.838592   22.838339   22.838848     54.398194     54.339320     54.454457
 0.170   59.167659   59.141088   59.195784   23.093524   23.069683   23.118808   22.836257   22.836002   22.836516     54.421592     54.362331     54.477582
 0.171   59.162110   59.135654   59.190451   23.088542   23.064812   23.114010   22.833932   22.833674   22.834193     54.444912     54.385182     54.500674
 0.172   59.156580   59.130220   59.185171   23.083578   23.059944   23.109261   22.831616   22.831355   22.831879     54.468164     54.407892     54.523736
 0.173   59.151066   59.124791   59.179932   23.078631   23.055081   23.104552   22.829307   22.829043   22.829572     54.491358     54.430490     54.546763
 0.174   59.145565   59.119371   59.174722   23.073697   23.050229   23.099869   22.827003   22.826737   22.827271     54.514508     54.453010     54.569756
 0.175   59.140073   59.113955   59.169533   23.068773   23.045382   23.095208   22.824704   22.824436   22.824974     54.537627     54.475474     54.592728
 0.176   59.134587   59.108534   59.164363   23.063856   23.040532   23.090564   22.822408   22.822138   22.822680     54.560732     54.497896     54.615709
 0.177   59.129103   59.103091   59.159216   23.058942   23.035665   23.085943   22.820114   22.819841   22.820388     54.583837     54.520275     54.638739
 0.178   59.123617   59.097611   59.154098   23.054030   23.030767   23.081350   22.817819   22.817544   22.818096     54.606959     54.542604     54.661863
 0.179   59.118126   59.092076   59.149017   23.049115   23.025820   23.076792   22.815523   22.815245   22.815802     54.630113     54.564874     54.685123
 0.180   59.112625   59.086473   59.143980   23.044192   23.020817   23.072275   22.813224   22.812943   22.813505     54.653315     54.587080     54.708554
 0.181   59.107112   59.080798   59.138987   23.039261   23.015749   23.067799   22.810920   22.810636   22.811203     54.676580     54.609229     54.732176
 0.182   59.101584   59.075050   59.134030   23.034317   23.010619   23.063356   22.808609   22.808323   22.808895     54.699922     54.631344     54.755994
 0.183   59.096036   59.069242   59.129094   23.029358   23.005437   23.058935   22.806292   22.806003   22.806580     54.723352     54.653462     54.779990
 0.184   59.090467   59.063385   59.124165   23.024383   23.000214   23.054520   22.803966   22.803674   22.804256     54.746884     54.675621     54.804145
 0.185   59.084873   59.057485   59.119230   23.019387   22.994955   23.050103   22.801631   22.801336   22.801923     54.770526     54.697852     54.828451
 0.186   59.079254   59.051539   59.114285   23.014371   22.989657   23.045678   22.799285   22.798988   22.799580     54.794287     54.720166     54.852919
 0.187   59.073608   59.045537   59.109334   23.009332   22.984311   23.041248   22.796929   22.796628   22.797226     54.818175     54.742562     54.877576
 0.188   59.067932   59.039461   59.104385   23.004269   22.978902   23.036823   22.794562   22.794257   22.794861     54.842194     54.765022     54.902459
 0.189   59.062228   59.033293   59.099452   22.999183   22.973412   23.032411   22.792182   22.791875   22.792484     54.866347     54.787521     54.927610
 0.190   59.056494   59.027018   59.094545   22.994071   22.967830   23.028027   22.789791   22.789481   22.790096     54.890637     54.810034     54.953063
 0.191   59.050730   59.020631   59.089670   22.988935   22.962151   23.023672   22.787389   22.787075   22.787696     54.915061     54.832554     54.978826
 0.192   59.044937   59.014138   59.084823   22.983776   22.956380   23.019342   22.784975   22.784657   22.785285     54.939619     54.855084     55.004887
 0.193   59.039117   59.007555   59.079993   22.978594   22.950533   23.015030   22.782550   22.782229   22.782863     54.964304     54.877645     55.031209
 0.194   59.033270   59.000902   59.075169   22.973392   22.944625   23.010725   22.780115   22.779790   22.780430     54.989112     54.900260     55.057747
 0.195   59.027399   58.994196   59.070341   22.968169   22.938673   23.006418   22.777670   22.777342   22.777989     55.014034     54.922942     55.084462
 0.196   59.021506   58.987446   59.065507   22.962928   22.932686   23.002106   22.775217   22.774884   22.775538     55.039062     54.945697     55.111327
 0.197   59.015592   58.980655   59.060669   22.957673   22.926663   22.997793   22.772756   22.772420   22.773081     55.064185     54.968510     55.138336
 0.198   59.009662   58.973815   59.055838   22.952403   22.920601   22.993487   22.770289   22.769948   22.770617     55.089392     54.991357     55.165497
 0.199   59.003717   58.966912   59.051027   22.947124   22.914486   22.989200   22.767816   22.767471   22.768147     55.114672     55.014199     55.192835
 0.200   58.997760   58.959935   59.046252   22.941836   22.908309   22.984947   22.765339   22.764990   22.765674     55.140013     55.037002     55.220368
 0.201   58.991795   58.952881   59.041518   22.936543   22.902065   22.980732   22.762860   22.762506   22.763197     55.165403     55.059745     55.248096
 0.202   58.985823   58.945756   59.036825   22.931246   22.895763   22.976555   22.760378   22.760019   22.760719     55.190829     55.082423     55.276000
 0.203   58.979848   58.938573   59.032169   22.925948   22.889412   22.972412   22.757896   22.757532   22.758241     55.216282     55.105039     55.304048
 0.204   58.973873   58.931349   59.027542   22.920653   22.883028   22.968295   22.755414   22.755046   22.755763     55.241747     55.127606     55.332197
 0.205   58.967900   58.924101   59.022935   22.915361   22.876627   22.964199   22.752934   22.752560   22.753286     55.267214     55.150134     55.360404
 0.206   58.961932   58.916846   59.018343   22.910076   22.870221   22.960118   22.750456   22.750078   22.750813     55.292672     55.172628     55.388631
 0.207   58.955971   58.909592   59.013767   22.904800   22.863821   22.956050   22.747982   22.747599   22.748343     55.318107     55.195083     55.416849
 0.208   58.950021   58.902343   59.009211   22.899536   22.857428   22.952003   22.745514   22.745125   22.745879     55.343510     55.217482     55.445049
 0.209   58.944084   58.895093   59.004685   22.894285   22.851038   22.947983   22.743051   22.742657   22.743421     55.368868     55.239800     55.473234
 0.210   58.938163   58.887837   59.000199   22.889050   22.844645   22.944001   22.740596   22.740197   22.740970     55.394169     55.262008     55.501411
 0.211   58.932260   58.880574   58.995758   22.883833   22.838249   22.940059   22.738149   22.737744   22.738528     55.419403     55.284089     55.529577
 0.212   58.926379   58.873309   58.991364   22.878638   22.831854   22.936160   22.735712   22.735301   22.736095     55.444558     55.306035     55.557715
 0.213   58.920521   58.866048   58.987016   22.873465   22.825468   22.932304   22.733285   22.732868   22.733673     55.469622     55.327842     55.585803
 0.214   58.914689   58.858802   58.982711   22.868319   22.819096   22.928486   22.730870   22.730447   22.731263     55.494583     55.349509     55.613818
 0.215   58.908887   58.851576   58.978445   22.863200   22.812746   22.924705   22.728467   22.728038   22.728866     55.519429     55.371037     55.641737
 0.216   58.903118   58.844376   58.974217   22.858112   22.806421   22.920957   22.726079   22.725643   22.726482     55.544147     55.392425     55.669545
 0.217   58.897384   58.837203   58.970025   22.853056   22.800124   22.917243   22.723705   22.723264   22.724114     55.568724     55.413670     55.697230
 0.218   58.891688   58.830057   58.965871   22.848037   22.793853   22.913564   22.721349   22.720901   22.721763     55.593144     55.434758     55.724785
 0.219   58.886035   58.822936   58.961761   22.843058   22.787608   22.909925   22.719011   22.718556   22.719430     55.617393     55.455671     55.752208
 0.220   58.880428   58.815839   58.957701   22.838121   22.781386   22.906331   22.716692   22.716231   22.717117     55.641455     55.476384     55.779493
 0.221   58.874871   58.808767   58.953697   22.833229   22.775190   22.902788   22.714395   22.713927   22.714825     55.665313     55.496881     55.806627
 0.222   58.869368   58.801728   58.949752   22.828388   22.769025   22.899298   22.712120   22.711646   22.712556     55.688949     55.517143     55.833586
 0.223   58.863923   58.794733   58.945870   22.823598   22.762901   22.895864   22.709870   22.709389   22.710312     55.712345     55.537155     55.860336
 0.224   58.858541   58.787794   58.942053   22.818867   22.756830   22.892488   22.707647   22.707159   22.708094     55.735481     55.556899     55.886842
 0.225   58.853226   58.780917   58.938306   22.814196   22.750815   22.889176   22.705452   22.704957   22.705904     55.758337     55.576357     55.913082
 0.226   58.847983   58.774100   58.934632   22.809589   22.744857   22.885929   22.703287   22.702786   22.703745     55.780891     55.595510     55.939045
 0.227   58.842817   58.767340   58.931036   22.805052   22.738950   22.882753   22.701154   22.700646   22.701618     55.803121     55.614336     55.964731
 0.228   58.837734   58.760628   58.927524   22.800590   22.733089   22.879649   22.699057   22.698542   22.699526     55.825004     55.632812     55.990143
 0.229   58.832739   58.753959   58.924102   22.796206   22.727267   22.876628   22.696996   22.696474   22.697471     55.846517     55.650913     56.015283
 0.230   58.827837   58.747329   58.920776   22.791906   22.721483   22.873690   22.694973   22.694445   22.695454     55.867636     55.668613     56.040147
 0.231   58.823033   58.740742   58.917551   22.787693   22.715737   22.870845   22.692992   22.692457   22.693479     55.888339     55.685890     56.064716
 0.232   58.818333   58.734205   58.914432   22.783572   22.710040   22.868092   22.691054   22.690512   22.691546     55.908604     55.702723     56.088959
 0.233   58.813741   58.727740   58.911424   22.779547   22.704407   22.865438   22.689161   22.688613   22.689659     55.928410     55.719092     56.112823
 0.234   58.809261   58.721366   58.908528   22.775622   22.698854   22.862883   22.687315   22.686760   22.687818     55.947737     55.734980     56.136256
 0.235   58.804898   58.715091   58.905750   22.771800   22.693392   22.860433   22.685517   22.684955   22.686026     55.966568     55.750370     56.159230
 0.236   58.800655   58.708915   58.903093   22.768085   22.688017   22.858090   22.683769   22.683201   22.684283     55.984887     55.765245     56.181738
 0.237   58.796534   58.702827   58.900562   22.764478   22.682722   22.855858   22.682072   22.681497   22.682592     56.002681     55.779590     56.203797
 0.238   58.792539   58.696809   58.898159   22.760981   22.677490   22.853740   22.680426   22.679845   22.680952     56.019940     55.793392     56.225438
 0.239   58.788670   58.690843   58.895887   22.757596   22.672304   22.851737   22.678833   22.678246   22.679364     56.036659     55.806643     56.246701
 0.240   58.784927   58.684912   58.893748   22.754323   22.667152   22.849853   22.677292   22.676699   22.677829     56.052836     55.819340     56.267618
 0.241   58.781310   58.679011   58.891740   22.751159   22.662027   22.848083   22.675804   22.675204   22.676346     56.068474     55.831485     56.288204
 0.242   58.777816   58.673143   58.889863   22.748104   22.656934   22.846430   22.674366   22.673760   22.674914     56.083583     55.843086     56.308453
 0.243   58.774443   58.667325   58.888113   22.745156   22.651886   22.844888   22.672978   22.672367   22.673531     56.098175     55.854157     56.328338
 0.244   58.771186   58.661575   58.886484   22.742310   22.646898   22.843453   22.671638   22.671021   22.672196     56.112268     55.864715     56.347830
 0.245   58.768040   58.655903   58.884971   22.739562   22.641980   22.842120   22.670344   22.669721   22.670908     56.125883     55.874789     56.366914
 0.246   58.765000   58.650310   58.883562   22.736907   22.637133   22.840880   22.669093   22.668465   22.669663     56.139044     55.884411     56.385602
 0.247   58.762058   58.644786   58.882247   22.734337   22.632348   22.839722   22.667884   22.667250   22.668458     56.151781     55.893619     56.403932
 0.248   58.759208   58.639307   58.881014   22.731848   22.627602   22.838636   22.666712   22.666073   22.667292     56.164125     55.902454     56.421968
 0.249   58.756440   58.633844   58.879853   22.729433   22.622873   22.837615   22.665574   22.664930   22.666159     56.176112     55.910956     56.439792
 0.250   58.753747   58.628369   58.878755   22.727082   22.618135   22.836648   22.664467   22.663818   22.665057     56.187782     55.919164     56.457484
 0.251   58.751118   58.622867   58.877710   22.724788   22.613375   22.835728   22.663386   22.662732   22.663982     56.199175     55.927121     56.475098
 0.252   58.748543   58.617332   58.876709   22.722541   22.608589   22.834847   22.662328   22.661669   22.662929     56.210334     55.934866     56.492666
 0.253   58.746014   58.611769   58.875747   22.720335   22.603781   22.834000   22.661289   22.660625   22.661895     56.221298     55.942429     56.510200
 0.254   58.743521   58.606188   58.874818   22.718161   22.598959   22.833183   22.660264   22.659596   22.660876     56.232107     55.949844     56.527696
 0.255   58.741056   58.600602   58.873915   22.716012   22.594133   22.832388   22.659252   22.658578   22.659869     56.242796     55.957143     56.545146
 0.256   58.738613   58.595017   58.873027   22.713881   22.589311   22.831607   22.658248   22.657569   22.658870     56.253395     55.964365     56.562548
 0.257   58.736183   58.589436   58.872142   22.711764   22.584495   22.830828   22.657250   22.656567   22.657878     56.263933     55.971550     56.579915
 0.258   58.733763   58.583851   58.871247   22.709654   22.579676   22.830041   22.656256   22.655568   22.656890     56.274434     55.978737     56.597276
 0.259   58.731347   58.578243   58.870332   22.707549   22.574840   22.829236   22.655264   22.654571   22.655903     56.284921     55.985962     56.614680
 0.260   58.728929   58.572596   58.869387   22.705442   22.569972   22.828404   22.654271   22.653573   22.654916     56.295414     55.993256     56.632174
 0.261   58.726506   58.566901   58.868404   22.703331   22.565064   22.827540   22.653276   22.652573   22.653927     56.305936     56.000643     56.649791
 0.262   58.724070   58.561152   58.867382   22.701209   22.560111   22.826641   22.652276   22.651568   22.652933     56.316512     56.008144     56.667553
 0.263   58.721616   58.555345   58.866320   22.699072   22.555112   22.825707   22.651269   22.650555   22.651932     56.327170     56.015771     56.685483
 0.264   58.719135   58.549482   58.865218   22.696912   22.550064   22.824737   22.650251   22.649531   22.650920     56.337947     56.023545     56.703600
 0.265   58.716617   58.543563   58.864070   22.694720   22.544972   22.823728   22.649218   22.648493   22.649894     56.348885     56.031500     56.721920
 0.266   58.714051   58.537593   58.862864   22.692487   22.539838   22.822668   22.648165   22.647434   22.648848     56.360036     56.039687     56.740462
 0.267   58.711423   58.531571   58.861581   22.690200   22.534660   22.821539   22.647087   22.646350   22.647777     56.371456     56.048174     56.759256
 0.268   58.708719   58.525489   58.860198   22.687847   22.529434   22.820323   22.645977   22.645234   22.646674     56.383213     56.057045     56.778352
 0.269   58.705921   58.519334   58.858690   22.685413   22.524147   22.818998   22.644830   22.644080   22.645534     56.395379     56.066393     56.797818
 0.270   58.703011   58.513085   58.857030   22.682882   22.518782   22.817539   22.643636   22.642880   22.644349     56.408034     56.076312     56.817738
 0.271   58.699970   58.506721   58.855197   22.680237   22.513320   22.815928   22.642389   22.641626   22.643111     56.421262     56.086892     56.838200
 0.272   58.696777   58.500220   58.853173   22.677462   22.507743   22.814149   22.641080   22.640310   22.641811     56.435153     56.098218     56.859299
 0.273   58.693411   58.493553   58.850944   22.674536   22.502026   22.812191   22.639701   22.638922   22.640441     56.449802     56.110365     56.881145
 0.274   58.689849   58.486691   58.848497   22.671441   22.496145   22.810041   22.638241   22.637454   22.638992     56.465308     56.123414     56.903853
 0.275   58.686067   58.479612   58.845816   22.668155   22.490081   22.807686   22.636691   22.635895   22.637453     56.481775     56.137452     56.927523
 0.276   58.682041   58.472300   58.842879   22.664658   22.483820   22.805108   22.635041   22.634236   22.635816     56.499311     56.152577     56.952245
 0.277   58.677745   58.464743   58.839662   22.660929   22.477352   22.802283   22.633281   22.632465   22.634070     56.518028     56.168902     56.978102
 0.278   58.673154   58.456930   58.836134   22.656943   22.470670   22.799186   22.631401   22.630574   22.632204     56.538037     56.186548     57.005176
 0.279   58.668242   58.448849   58.832260   22.652681   22.463761   22.795786   22.629390   22.628551   22.630208     56.559450     56.205646     57.033550
 0.280   58.662986   58.440484   58.828009   22.648122   22.456613   22.792057   22.627238   22.626386   22.628074     56.582378     56.226320     57.063317
 0.281   58.657359   58.431813   58.823354   22.643243   22.449209   22.787974   22.624935   22.624069   22.625789     56.606927     56.248685     57.094579
 0.282   58.651341   58.422808   58.818274   22.638026   22.441524   22.783520   22.622473   22.621591   22.623347     56.633200     56.272836     57.127448
 0.283   58.644908   58.413435   58.812752   22.632453   22.433530   22.778681   22.619842   22.618944   22.620738     56.661293     56.298860     57.162054
 0.284   58.638041   58.403657   58.806776   22.626506   22.425196   22.773446   22.617034   22.616119   22.617953     56.691296     56.326828     57.198519
 0.285   58.630722   58.393448   58.800336   22.620171   22.416501   22.767805   22.614042   22.613108   22.614987     56.723292     56.356808     57.236946
 0.286   58.622935   58.382790   58.793419   22.613434   22.407428   22.761751   22.610860   22.609906   22.611832     56.757355     56.388862     57.277413
 0.287   58.614665   58.371677   58.786015   22.606284   22.397977   22.755274   22.607482   22.606507   22.608483     56.793550     56.423051     57.319968
 0.288   58.605900   58.360111   58.778110   22.598710   22.388148   22.748361   22.603903   22.602906   22.604936     56.831935     56.459433     57.364638
 0.289   58.596632   58.348101   58.769689   22.590706   22.377949   22.741002   22.600120   22.599099   22.601187     56.872554     56.498065     57.411429
 0.290   58.586852   58.335655   58.760741   22.582265   22.367389   22.733186   22.596130   22.595084   22.597233     56.915444     56.538992     57.460347
 0.291   58.576557   58.322771   58.751258   22.573386   22.356467   22.724911   22.591932   22.590859   22.593073     56.960629     56.582244     57.511407
 0.292   58.565744   58.309445   58.741241   22.564067   22.345180   22.716173   22.587525   22.586424   22.588707     57.008122     56.627832     57.564631
 0.293   58.554415   58.295661   58.730692   22.554311   22.333516   22.706978   22.582910   22.581779   22.584135     57.057925     56.675754     57.620056
 0.294   58.542572   58.281405   58.719617   22.544120   22.321463   22.697331   22.578088   22.576926   22.579358     57.110032     56.725994     57.677711
 0.295   58.530221   58.266669   58.708026   22.533500   22.309016   22.687244   22.573062   22.571867   22.574380     57.164424     56.778526     57.737612
 0.296   58.517369   58.251452   58.695932   22.522460   22.296177   22.676727   22.567835   22.566606   22.569203     57.221075     56.833311     57.799746
 0.297   58.504026   58.235764   58.683347   22.511008   22.282955   22.665793   22.562411   22.561148   22.563832     57.279949     56.890306     57.864075
 0.298   58.490203   58.219629   58.670286   22.499154   22.269370   22.654454   22.556797   22.555496   22.558272     57.341001     56.949463     57.930535
 0.299   58.475914   58.203074   58.656761   22.486914   22.255447   22.642724   22.550996   22.549657   22.552528     57.404179     57.010730     57.999036
 0.300   58.461173   58.186129   58.642785   22.474298   22.241213   22.630615   22.545017   22.543638   22.546607     57.469422     57.074051     58.069488
 0.301   58.445999   58.168817   58.628376   22.461326   22.226686   22.618140   22.538865   22.537446   22.540517     57.536662     57.139358     58.141809
 0.302   58.430410   58.151152   58.613551   22.448011   22.211881   22.605321   22.532550   22.531089   22.534265     57.605821     57.206575     58.215932
 0.303   58.414425   58.133142   58.598331   22.434375   22.196805   22.592172   22.526080   22.524576   22.527859     57.676817     57.275619     58.291798
 0.304   58.398068   58.114796   58.582737   22.420435   22.181466   22.578715   22.519463   22.517915   22.521309     57.749559     57.346401     58.369348
 0.305   58.381360   58.096123   58.566792   22.406212   22.165874   22.564970   22.512710   22.511116   22.514625     57.823951     57.418824     58.448512
 0.306   58.364326   58.077140   58.550523   22.391729   22.150042   22.550961   22.505830   22.504190   22.507816     57.899888     57.492783     58.529203
 0.307   58.346993   58.057871   58.533954   22.377009   22.133993   22.536709   22.498835   22.497148   22.500893     57.977262     57.568168     58.611318
 0.308   58.329386   58.038348   58.517113   22.362074   22.117754   22.522241   22.491735   22.490000   22.493866     58.055958     57.644866     58.694727
 0.309   58.311534   58.018611   58.500029   22.346948   22.101357   22.507580   22.484542   22.482758   22.486749     58.135857     57.722754     58.779286
 0.310   58.293466   57.998698   58.482730   22.331658   22.084836   22.492752   22.477268   22.475434   22.479551     58.216836     57.801711     58.864847
 0.311   58.275210   57.978643   58.465245   22.316229   22.068221   22.477782   22.469925   22.468041   22.472285     58.298765     57.881608     58.951273
 0.312   58.256797   57.958472   58.447606   22.300686   22.051532   22.462698   22.462524   22.460589   22.464963     58.381514     57.962314     59.038438
 0.313   58.238257   57.938208   58.429842   22.285055   22.034787   22.447527   22.455079   22.453093   22.457597     58.464950     58.043694     59.126227
 0.314   58.219621   57.917870   58.411986   22.269363   22.018005   22.432294   22.447602   22.445564   22.450199     58.548934     58.125611     59.214527
 0.315   58.200920   57.897482   58.394066   22.253638   22.001205   22.417027   22.440105   22.438015   22.442783     58.633327     58.207929     59.303211
 0.316   58.182187   57.877074   58.376112   22.237903   21.984411   22.401748   22.432601   22.430459   22.435361     58.717988     58.290514     59.392143
 0.317   58.163453   57.856682   58.358153   22.222189   21.967654   22.386485   22.425104   22.422909   22.427944     58.802773     58.373229     59.481171
 0.318   58.144750   57.836345   58.340218   22.206520   21.950963   22.371259   22.417625   22.415378   22.420547     58.887538     58.455937     59.570130
 0.319   58.126110   57.816106   58.322337   22.190923   21.934377   22.356099   22.410178   22.407878   22.413181     58.972136     58.538495     59.658849
 0.320   58.107565   57.796007   58.304541   22.175425   21.917926   22.341029   22.402775   22.400423   22.405859     59.056420     58.620760     59.747159
 0.321   58.089147   57.776083   58.286862   22.160053   21.901640   22.326075   22.395429   22.393025   22.398595     59.140243     58.702586     59.834904
 0.322   58.070888   57.756362   58.269334   22.144833   21.885541   22.311267   22.388152   22.385697   22.391399     59.223456     58.783822     59.921945
 0.323   58.052820   57.736862   58.251990   22.129789   21.869645   22.296631   22.380958   22.378451   22.384284     59.305913     58.864315     60.008160
 0.324   58.034975   57.717603   58.234866   22.114949   21.853964   22.282198   22.373857   22.371300   22.377263     59.387468     58.943912     60.093430
 0.325   58.017382   57.698611   58.217993   22.100336   21.838521   22.267993   22.366863   22.364256   22.370347     59.467975     59.022468     60.177620
 0.326   58.000071   57.679920   58.201397   22.085976   21.823341   22.254038   22.359987   22.357330   22.363548     59.547292     59.099849     60.260576
 0.327   57.983074   57.661570   58.185103   22.071890   21.808457   22.240351   22.353240   22.350535   22.356878     59.625279     59.175927     60.342134
 0.328   57.966417   57.643606   58.169133   22.058102   21.793902   22.226951   22.346633   22.343880   22.350346     59.701800     59.250580     60.422118
 0.329   57.950128   57.626073   58.153509   22.044635   21.779714   22.213855   22.340177   22.337378   22.343963     59.776722     59.323689     60.500356
 0.330   57.934235   57.609010   58.138253   22.031507   21.765923   22.201081   22.333883   22.331038   22.337740     59.849917     59.395135     60.576689
 0.331   57.918761   57.592448   58.123389   22.018740   21.752551   22.188649   22.327759   22.324869   22.331686     59.921263     59.464800     60.650985
 0.332   57.903730   57.576403   58.108944   22.006352   21.739610   22.176577   22.321814   22.318881   22.325810     59.990645     59.532566     60.723139
 0.333   57.889165   57.560881   58.094944   21.994359   21.727104   22.164890   22.316058   22.313083   22.320119     60.057954     59.598309     60.793079
 0.334   57.875086   57.545884   58.081418   21.982776   21.715033   22.153608   22.310497   22.307481   22.314622     60.123090     59.661915     60.860745
 0.335   57.861509   57.531417   58.068386   21.971618   21.703401   22.142748   22.305138   22.302083   22.309325     60.185963     59.723286     60.926075
 0.336   57.848453   57.517493   58.055865   21.960897   21.692215   22.132323   22.299987   22.296894   22.304234     60.246491     59.782341     60.988993
 0.337   57.835930   57.504131   58.043863   21.950623   21.681490   22.122339   22.295049   22.291920   22.299354     60.304603     59.839021     61.049414
 0.338   57.823951   57.491358   58.032386   21.940803   21.671248   22.112798   22.290329   22.287166   22.294688     60.360241     59.893281     61.107244
 0.339   57.812525   57.479203   58.021433   21.931444   21.661508   22.103700   22.285829   22.282633   22.290241     60.413356     59.945094     61.162390
 0.340   57.801659   57.467688   58.011004   21.922550   21.652288   22.095043   22.281552   22.278324   22.286013     60.463913     59.994439     61.214779
 0.341   57.791356   57.456823   58.001101   21.914122   21.643595   22.086829   22.277498   22.274240   22.282007     60.511889     60.041298     61.264375
 0.342   57.781616   57.446603   57.991726   21.906161   21.635424   22.079057   22.273668   22.270381   22.278221     60.557276     60.085658     61.311178
 0.343   57.772438   57.437011   57.982884   21.898664   21.627762   22.071733   22.270060   22.266746   22.274655     60.600078     60.127505     61.355226
 0.344   57.763816   57.428026   57.974581   21.891625   21.620586   22.064858   22.266672   22.263333   22.271306     60.640312     60.166839     61.396577
 0.345   57.755743   57.419620   57.966814   21.885037   21.613878   22.058431   22.263500   22.260138   22.268172     60.678010     60.203675     61.435303
 0.346   57.748208   57.411772   57.959574   21.878892   21.607619   22.052443   22.260542   22.257157   22.265248     60.713215     60.238054     61.471475
 0.347   57.741198   57.404464   57.952846   21.873178   21.601793   22.046881   22.257790   22.254384   22.262529     60.745985     60.270037     61.505160
 0.348   57.734698   57.397687   57.946609   21.867882   21.596392   22.041727   22.255239   22.251814   22.260008     60.776387     60.299706     61.536413
 0.349   57.728690   57.391435   57.940836   21.862989   21.591413   22.036958   22.252882   22.249440   22.257679     60.804501     60.327162     61.565286
 0.350   57.723154   57.385703   57.935499   21.858482   21.586849   22.032551   22.250711   22.247252   22.255533     60.830418     60.352510     61.591838
 0.351   57.718069   57.380473   57.930574   21.854343   21.582686   22.028486   22.248717   22.245243   22.253562     60.854235     60.375856     61.616158
 0.352   57.713410   57.375720   57.926040   21.850553   21.578905   22.024745   22.246890   22.243402   22.251757     60.876061     60.397300     61.638359
 0.353   57.709154   57.371413   57.921878   21.847091   21.575479   22.021312   22.245222   22.241721   22.250108     60.896011     60.416943     61.658570
 0.354   57.705274   57.367515   57.918072   21.843937   21.572380   22.018172   22.243702   22.240189   22.248606     60.914202     60.434884     61.676935
 0.355   57.701743   57.363988   57.914601   21.841066   21.569575   22.015311   22.242318   22.238795   22.247238     60.930760     60.451229     61.693607
 0.356   57.698534   57.360791   57.911444   21.838458   21.567034   22.012709   22.241061   22.237529   22.245996     60.945810     60.466094     61.708742
 0.357   57.695621   57.357887   57.908574   21.836092   21.564726   22.010343   22.239920   22.236379   22.244869     60.959478     60.479601     61.722490
 0.358   57.692976   57.355246   57.905961   21.833942   21.562628   22.008189   22.238884   22.235336   22.243845     60.971891     60.491884     61.734985
 0.359   57.690573   57.352844   57.903572   21.831990   21.560719   22.006221   22.237943   22.234387   22.242915     60.983170     60.503081     61.746345
 0.360   57.688386   57.350660   57.901374   21.830214   21.558986   22.004410   22.237087   22.233525   22.242069     60.993437     60.513324     61.756680
 0.361   57.686390   57.348671   57.899341   21.828593   21.557406   22.002737   22.236305   22.232737   22.241296     61.002807     60.522735     61.766103
 0.362   57.684562   57.346855   57.897450   21.827109   21.555964   22.001179   22.235589   22.232016   22.240589     61.011393     60.531422     61.774725
 0.363   57.682878   57.345191   57.895683   21.825742   21.554643   21.999724   22.234930   22.231352   22.239938     61.019302     60.539482     61.782646
 0.364   57.681318   57.343660   57.894023   21.824475   21.553427   21.998358   22.234319   22.230737   22.239334     61.026632     60.547003     61.789965
 0.365   57.679860   57.342236   57.892457   21.823293   21.552296   21.997069   22.233749   22.230162   22.238770     61.033477     60.554062     61.796785
 0.366   57.678489   57.340892   57.890972   21.822180   21.551231   21.995845   22.233212   22.229622   22.238240     61.039919     60.560734     61.803211
 0.367   57.677188   57.339603   57.889553   21.821124   21.550207   21.994678   22.232703   22.229109   22.237737     61.046032     60.567084     61.809342
 0.368   57.675944   57.338344   57.888188   21.820114   21.549208   21.993554   22.232216   22.228618   22.237256     61.051879     60.573179     61.815266
 0.369   57.674745   57.337096   57.886860   21.819142   21.548218   21.992462   22.231747   22.228145   22.236792     61.057514     60.579078     61.821053
 0.370   57.673582   57.335846   57.885557   21.818198   21.547225   21.991389   22.231292   22.227687   22.236342     61.062980     60.584835     61.826758
 0.371   57.672447   57.334584   57.884270   21.817277   21.546224   21.990331   22.230848   22.227239   22.235903     61.068315     60.590489     61.832420
 0.372   57.671333   57.333307   57.882993   21.816374   21.545211   21.989280   22.230412   22.226801   22.235473     61.073551     60.596070     61.838066
 0.373   57.670235   57.332016   57.881722   21.815483   21.544187   21.988234   22.229983   22.226368   22.235048     61.078712     60.601599     61.843704
 0.374   57.669148   57.330716   57.880455   21.814602   21.543156   21.987192   22.229557   22.225939   22.234628     61.083823     60.607093     61.849336
 0.375   57.668068   57.329409   57.879190   21.813726   21.542119   21.986152   22.229135   22.225514   22.234210     61.088901     60.612566     61.854967
 0.376   57.666992   57.328095   57.877927   21.812852   21.541077   21.985113   22.228714   22.225090   22.233794     61.093962     60.618027     61.860605
 0.377   57.665916   57.326770   57.876662   21.811980   21.540027   21.984073   22.228293   22.224666   22.233378     61.099021     60.623490     61.866267
 0.378   57.664839   57.325426   57.875394   21.811107   21.538961   21.983030   22.227872   22.224241   22.232962     61.104088     60.628966     61.871979
 0.379   57.663758   57.324051   57.874119   21.810230   21.537871   21.981981   22.227449   22.223815   22.232544     61.109175     60.634468     61.877770
 0.380   57.662670   57.322636   57.872832   21.809349   21.536749   21.980923   22.227023   22.223387   22.232124     61.114289     60.640011     61.883666
 0.381   57.661576   57.321178   57.871532   21.808462   21.535593   21.979855   22.226595   22.222956   22.231701     61.119438     60.645601     61.889680
 0.382   57.660473   57.319676   57.870218   21.807567   21.534403   21.978775   22.226164   22.222521   22.231275     61.124627     60.651243     61.895815
 0.383   57.659361   57.318132   57.868892   21.806666   21.533180   21.977685   22.225729   22.222083   22.230845     61.129858     60.656934     61.902066
 0.384   57.658240   57.316553   57.867556   21.805757   21.531927   21.976586   22.225291   22.221642   22.230412     61.135134     60.662674     61.908422
 0.385   57.657109   57.314949   57.866208   21.804841   21.530656   21.975479   22.224849   22.221196   22.229975     61.140455     60.668462     61.914859
 0.386   57.655969   57.313332   57.864848   21.803917   21.529375   21.974361   22.224403   22.220747   22.229534     61.145823     60.674303     61.921350
 0.387   57.654818   57.311713   57.863473   21.802984   21.528093   21.973231   22.223953   22.220294   22.229089     61.151239     60.680202     61.927871
 0.388   57.653656   57.310099   57.862079   21.802043   21.526814   21.972087   22.223499   22.219836   22.228641     61.156707     60.686170     61.934408
 0.389   57.652483   57.308490   57.860664   21.801093   21.525540   21.970924   22.223040   22.219375   22.228188     61.162229     60.692214     61.940963
 0.390   57.651298   57.306884   57.859225   21.800132   21.524268   21.969742   22.222577   22.218908   22.227730     61.167810     60.698344     61.947541
 0.391   57.650100   57.305280   57.857760   21.799161   21.522998   21.968539   22.222108   22.218436   22.227267     61.173452     60.704565     61.954148
 0.392   57.648888   57.303676   57.856270   21.798181   21.521728   21.967315   22.221635   22.217959   22.226799     61.179156     60.710873     61.960790
 0.393   57.647664   57.302066   57.854759   21.797189   21.520452   21.966075   22.221156   22.217477   22.226326     61.184922     60.717262     61.967476
 0.394   57.646427   57.300446   57.853231   21.796187   21.519171   21.964819   22.220673   22.216990   22.225848     61.190747     60.723721     61.974215
 0.395   57.645179   57.298818   57.851688   21.795176   21.517882   21.963552   22.220185   22.216499   22.225366     61.196628     60.730243     61.981003
 0.396   57.643920   57.297188   57.850129   21.794157   21.516591   21.962273   22.219693   22.216003   22.224880     61.202558     60.736826     61.987823
 0.397   57.642651   57.295565   57.848553   21.793130   21.515307   21.960979   22.219197   22.215504   22.224390     61.208534     60.743470     61.994650
 0.398   57.641375   57.293960   57.846957   21.792096   21.514037   21.959670   22.218699   22.215002   22.223897     61.214547     60.750181     62.001457
 0.399   57.640092   57.292383   57.845338   21.791058   21.512789   21.958340   22.218197   22.214497   22.223402     61.220591     60.756961     62.008217
 0.400   57.638804   57.290841   57.843692   21.790015   21.511570   21.956990   22.217694   22.213990   22.222905     61.226661     60.763813     62.014909
 0.401   57.637513   57.289339   57.842021   21.788970   21.510381   21.955619   22.217190   22.213482   22.222406     61.232748     60.770732     62.021522
 0.402   57.636219   57.287874   57.840327   21.787923   21.509222   21.954230   22.216684   22.212973   22.221907     61.238845     60.777709     62.028056
 0.403   57.634925   57.286439   57.838615   21.786876   21.508088   21.952825   22.216179   22.212464   22.221407     61.244946     60.784731     62.034523
 0.404   57.633631   57.285026   57.836890   21.785828   21.506970   21.951409   22.215673   22.211955   22.220908     61.251045     60.791780     62.040940
 0.405   57.632339   57.283629   57.835158   21.784783   21.505866   21.949989   22.215169   22.211447   22.220409     61.257136     60.798841     62.047316
 0.406   57.631051   57.282247   57.833425   21.783741   21.504773   21.948568   22.214665   22.210940   22.219912     61.263213     60.805897     62.053651
 0.407   57.629765   57.280885   57.831695   21.782701   21.503695   21.947150   22.214163   22.210435   22.219416     61.269274     60.812940     62.059934
 0.408   57.628484   57.279550   57.829969   21.781665   21.502640   21.945735   22.213663   22.209931   22.218921     61.275318     60.819965     62.066145
 0.409   57.627207   57.278254   57.828244   21.780632   21.501616   21.944321   22.213164   22.209429   22.218428     61.281342     60.826977     62.072259
 0.410   57.625933   57.277004   57.826519   21.779602   21.500628   21.942907   22.212667   22.208928   22.217937     61.287348     60.833981     62.078257
 0.411   57.624664   57.275805   57.824791   21.778576   21.499680   21.941491   22.212171   22.208429   22.217447     61.293336     60.840982     62.084132
 0.412   57.623398   57.274652   57.823061   21.777551   21.498769   21.940074   22.211677   22.207932   22.216959     61.299309     60.847980     62.089891
 0.413   57.622136   57.273540   57.821328   21.776531   21.497890   21.938654   22.211184   22.207435   22.216472     61.305264     60.854977     62.095552
 0.414   57.620877   57.272457   57.819593   21.775513   21.497035   21.937233   22.210693   22.206941   22.215987     61.311204     60.861970     62.101135
 0.415   57.619623   57.271396   57.817860   21.774499   21.496197   21.935813   22.210203   22.206448   22.215503     61.317124     60.868952     62.106660
 0.416   57.618373   57.270349   57.816131   21.773488   21.495370   21.934397   22.209716   22.205956   22.215021     61.323024     60.875911     62.112142
 0.417   57.617128   57.269314   57.814413   21.772482   21.494552   21.932990   22.209230   22.205467   22.214541     61.328898     60.882834     62.117584
 0.418   57.615890   57.268294   57.812710   21.771482   21.493746   21.931595   22.208747   22.204981   22.214063     61.334742     60.889707     62.122977
 0.419   57.614660   57.267295   57.811026   21.770487   21.492957   21.930216   22.208266   22.204497   22.213588     61.340551     60.896522     62.128303
 0.420   57.613438   57.266326   57.809361   21.769501   21.492191   21.928853   22.207790   22.204017   22.213117     61.346320     60.903270     62.133539
 0.421   57.612227   57.265391   57.807718   21.768522   21.491453   21.927508   22.207317   22.203541   22.212650     61.352041     60.909945     62.138674
 0.422   57.611026   57.264489   57.806098   21.767552   21.490740   21.926182   22.206848   22.203070   22.212187     61.357709     60.916543     62.143706
 0.423   57.609839   57.263618   57.804498   21.766592   21.490053   21.924872   22.206385   22.202603   22.211729     61.363320     60.923063     62.148636
 0.424   57.608664   57.262775   57.802917   21.765644   21.489386   21.923579   22.205927   22.202142   22.211276     61.368868     60.929509     62.153470
 0.425   57.607503   57.261955   57.801354   21.764706   21.488739   21.922300   22.205474   22.201686   22.210829     61.374351     60.935881     62.158219
 0.426   57.606357   57.261153   57.799809   21.763779   21.488106   21.921036   22.205026   22.201235   22.210387     61.379768     60.942180     62.162891
 0.427   57.605224   57.260366   57.798281   21.762865   21.487485   21.919786   22.204585   22.200791   22.209950     61.385119     60.948405     62.167494
 0.428   57.604105   57.259594   57.796773   21.761961   21.486875   21.918552   22.204148   22.200351   22.209519     61.390405     60.954553     62.172031
 0.429   57.602999   57.258837   57.795286   21.761068   21.486277   21.917336   22.203717   22.199917   22.209093     61.395632     60.960623     62.176501
 0.430   57.601905   57.258098   57.793821   21.760185   21.485693   21.916138   22.203290   22.199487   22.208671     61.400804     60.966614     62.180904
 0.431   57.600820   57.257375   57.792378   21.759308   21.485123   21.914958   22.202867   22.199061   22.208253     61.405928     60.972532     62.185243
 0.432   57.599745   57.256666   57.790953   21.758440   21.484564   21.913793   22.202447   22.198639   22.207838     61.411013     60.978386     62.189528
 0.433   57.598675   57.255971   57.789544   21.757577   21.484015   21.912640   22.202030   22.198219   22.207426     61.416068     60.984191     62.193768
 0.434   57.597610   57.255285   57.788146   21.756717   21.483474   21.911498   22.201615   22.197801   22.207016     61.421102     60.989962     62.197977
 0.435   57.596548   57.254604   57.786753   21.755859   21.482936   21.910359   22.201201   22.197384   22.206606     61.426127     60.995714     62.202168
 0.436   57.595485   57.253923   57.785363   21.755002   21.482398   21.909223   22.200786   22.196967   22.206197     61.431151     61.001460     62.206360
 0.437   57.594420   57.253237   57.783974   21.754143   21.481858   21.908088   22.200371   22.196549   22.205787     61.436186     61.007211     62.210568
 0.438   57.593351   57.252543   57.782584   21.753279   21.481309   21.906951   22.199954   22.196129   22.205375     61.441241     61.012975     62.214807
 0.439   57.592276   57.251836   57.781192   21.752412   21.480752   21.905814   22.199535   22.195707   22.204960     61.446327     61.018757     62.219089
 0.440   57.591192   57.251116   57.779800   21.751537   21.480183   21.904677   22.199112   22.195282   22.204543     61.451454     61.024563     62.223426
 0.441   57.590097   57.250379   57.778405   21.750653   21.479603   21.903537   22.198685   22.194852   22.204121     61.456632     61.030402     62.227825
 0.442   57.588989   57.249626   57.777005   21.749760   21.479008   21.902393   22.198254   22.194417   22.203694     61.461872     61.036283     62.232296
 0.443   57.587867   57.248857   57.775597   21.748854   21.478401   21.901243   22.197816   22.193977   22.203262     61.467181     61.042220     62.236840
 0.444   57.586728   57.248072   57.774178   21.747936   21.477782   21.900084   22.197372   22.193530   22.202823     61.472570     61.048224     62.241461
 0.445   57.585571   57.247268   57.772743   21.747002   21.477148   21.898912   22.196921   22.193076   22.202377     61.478046     61.054309     62.246171
 0.446   57.584394   57.246440   57.771289   21.746053   21.476494   21.897725   22.196462   22.192614   22.201924     61.483617     61.060484     62.250987
 0.447   57.583195   57.245578   57.769815   21.745087   21.475815   21.896521   22.195995   22.192144   22.201463     61.489288     61.066760     62.255931
 0.448   57.581975   57.244675   57.768317   21.744102   21.475103   21.895298   22.195520   22.191665   22.200992     61.495065     61.073143     62.261026
 0.449   57.580730   57.243724   57.766796   21.743099   21.474352   21.894057   22.195035   22.191177   22.200513     61.500955     61.079638     62.266290
 0.450   57.579462   57.242720   57.765251   21.742076   21.473560   21.892795   22.194540   22.190680   22.200025     61.506961     61.086247     62.271738
 0.451   57.578167   57.241660   57.763681   21.741032   21.472724   21.891514   22.194036   22.190172   22.199526     61.513090     61.092976     62.277377
 0.452   57.576846   57.240545   57.762086   21.739967   21.471845   21.890213   22.193521   22.189654   22.199017     61.519347     61.099830     62.283208
 0.453   57.575496   57.239380   57.760462   21.738879   21.470927   21.888887   22.192995   22.189125   22.198498     61.525737     61.106818     62.289223
 0.454   57.574118   57.238172   57.758808   21.737768   21.469975   21.887537   22.192458   22.188584   22.197967     61.532265     61.113946     62.295411
 0.455   57.572709   57.236924   57.757124   21.736632   21.468990   21.886163   22.191910   22.188032   22.197425     61.538938     61.121218     62.301766
 0.456   57.571269   57.235635   57.755410   21.735472   21.467975   21.884765   22.191349   22.187467   22.196871     61.545759     61.128634     62.308291
 0.457   57.569796   57.234303   57.753668   21.734285   21.466925   21.883344   22.190775   22.186890   22.196304     61.552735     61.136194     62.314997
 0.458   57.568290   57.232920   57.751900   21.733071   21.465834   21.881902   22.190188   22.186299   22.195724     61.559870     61.143897     62.321903
 0.459   57.566749   57.231478   57.750106   21.731830   21.464698   21.880440   22.189588   22.185695   22.195131     61.567172     61.151744     62.329033
 0.460   57.565172   57.229969   57.748287   21.730560   21.463509   21.878957   22.188974   22.185077   22.194524     61.574648     61.159739     62.336407
 0.461   57.563556   57.228389   57.746442   21.729259   21.462264   21.877452   22.188345   22.184444   22.193902     61.582305     61.167889     62.344039
 0.462   57.561900   57.226738   57.744567   21.727925   21.460963   21.875924   22.187700   22.183795   22.193265     61.590155     61.176206     62.351936
 0.463   57.560202   57.225018   57.742657   21.726557   21.459608   21.874367   22.187039   22.183130   22.192612     61.598207     61.184707     62.360095
 0.464   57.558459   57.223235   57.740707   21.725153   21.458204   21.872778   22.186360   22.182447   22.191941     61.606472     61.193409     62.368512
 0.465   57.556668   57.221393   57.738713   21.723712   21.456753   21.871153   22.185663   22.181745   22.191252     61.614962     61.202328     62.377182
 0.466   57.554828   57.219494   57.736674   21.722231   21.455258   21.869492   22.184947   22.181024   22.190545     61.623688     61.211474     62.386107
 0.467   57.552936   57.217537   57.734589   21.720707   21.453717   21.867793   22.184211   22.180283   22.189817     61.632664     61.220853     62.395295
 0.468   57.550988   57.215518   57.732458   21.719141   21.452128   21.866057   22.183453   22.179520   22.189068     61.641903     61.230471     62.404764
 0.469   57.548983   57.213430   57.730284   21.717527   21.450484   21.864287   22.182672   22.178735   22.188296     61.651419     61.240333     62.414539
 0.470   57.546916   57.211263   57.728065   21.715864   21.448778   21.862480   22.181868   22.177926   22.187502     61.661227     61.250449     62.424647
 0.471   57.544784   57.209013   57.725799   21.714149   21.447008   21.860635   22.181039   22.177091   22.186682     61.671346     61.260834     62.435110
 0.472   57.542583   57.206677   57.723480   21.712378   21.445170   21.858747   22.180182   22.176229   22.185836     61.681792     61.271507     62.445943
 0.473   57.540310   57.204252   57.721102   21.710550   21.443261   21.856812   22.179298   22.175339   22.184962     61.692587     61.282498     62.457163
 0.474   57.537959   57.201738   57.718655   21.708660   21.441285   21.854821   22.178384   22.174419   22.184058     61.703750     61.293837     62.468781
 0.475   57.535527   57.199135   57.716132   21.706704   21.439238   21.852767   22.177438   22.173467   22.183123     61.715302     61.305549     62.480806
 0.476   57.533009   57.196444   57.713530   21.704680   21.437121   21.850650   22.176459   22.172482   22.182156     61.727261     61.317655     62.493250
 0.477   57.530402   57.193664   57.710844   21.702585   21.434936   21.848466   22.175445   22.171462   22.181154     61.739650     61.330174     62.506126
 0.478   57.527700   57.190791   57.708074   21.700414   21.432677   21.846214   22.174395   22.170405   22.180116     61.752490     61.343118     62.519452
 0.479   57.524900   57.187819   57.705221   21.698164   21.430341   21.843893   22.173306   22.169309   22.179040     61.765801     61.356498     62.533252
 0.480   57.521996   57.184743   57.702283   21.695832   21.427925   21.841505   22.172177   22.168174   22.177924     61.779606     61.370327     62.547553
 0.481   57.518985   57.181556   57.699257   21.693413   21.425421   21.839045   22.171007   22.166996   22.176768     61.793929     61.384626     62.562381
 0.482   57.515859   57.178254   57.696136   21.690903   21.422828   21.836510   22.169793   22.165774   22.175567     61.808794     61.399423     62.577760
 0.483   57.512615   57.174832   57.692913   21.688300   21.420141   21.833891   22.168532   22.164505   22.174322     61.824228     61.414750     62.593717
 0.484   57.509247   57.171282   57.689576   21.685595   21.417354   21.831180   22.167224   22.163189   22.173028     61.840259     61.430646     62.610279
 0.485   57.505748   57.167602   57.686115   21.682787   21.414465   21.828370   22.165865   22.161821   22.171685     61.856915     61.447150     62.627475
 0.486   57.502112   57.163784   57.682522   21.679871   21.411469   21.825453   22.164453   22.160400   22.170289     61.874228     61.464297     62.645332
 0.487   57.498332   57.159823   57.678789   21.676839   21.408362   21.822423   22.162985   22.158923   22.168839     61.892232     61.482122     62.663881
 0.488   57.494401   57.155714   57.674911   21.673687   21.405140   21.819276   22.161459   22.157387   22.167331     61.910960     61.500658     62.683157
 0.489   57.490311   57.151449   57.670882   21.670408   21.401795   21.816008   22.159871   22.155790   22.165762     61.930451     61.519931     62.703193
 0.490   57.486055   57.147020   57.666700   21.666998   21.398324   21.812615   22.158220   22.154128   22.164129     61.950742     61.539975     62.724030
 0.491   57.481624   57.142418   57.662355   21.663447   21.394718   21.809093   22.156500   22.152398   22.162430     61.971873     61.560826     62.745708
 0.492   57.477009   57.137636   57.657840   21.659751   21.390972   21.805434   22.154710   22.150597   22.160660     61.993888     61.582527     62.768270
 0.493   57.472201   57.132662   57.653142   21.655901   21.387077   21.801627   22.152846   22.148720   22.158817     62.016831     61.605128     62.791765
 0.494   57.467191   57.127485   57.648250   21.651891   21.383024   21.797664   22.150903   22.146765   22.156897     62.040750     61.628684     62.816243
 0.495   57.461967   57.122096   57.643150   21.647711   21.378807   21.793534   22.148878   22.144728   22.154896     62.065698     61.653251     62.841755
 0.496   57.456519   57.116484   57.637828   21.643353   21.374416   21.789225   22.146766   22.142603   22.152809     62.091729     61.678892     62.868355
 0.497   57.450834   57.110639   57.632270   21.638808   21.369846   21.784727   22.144563   22.140386   22.150632     62.118901     61.705667     62.896095
 0.498   57.444901   57.104553   57.626464   21.634065   21.365088   21.780031   22.142265   22.138074   22.148360     62.147275     61.733637     62.925030
 0.499   57.438706   57.098214   57.620399   21.629115   21.360135   21.775127   22.139866   22.135659   22.145989     62.176913     61.762860     62.955219
 0.500   57.432237   57.091612   57.614064   21.623949   21.354978   21.770006   22.137361   22.133139   22.143513     62.207877     61.793396     62.986719
 0.501   57.425481   57.084733   57.607447   21.618555   21.349608   21.764660   22.134746   22.130508   22.140929     62.240231     61.825306     63.019596
 0.502   57.418426   57.077565   57.600533   21.612926   21.344014   21.759077   22.132016   22.127761   22.138231     62.274037     61.858652     63.053912
 0.503   57.411059   57.070093   57.593311   21.607050   21.338185   21.753247   22.129167   22.124893   22.135414     62.309356     61.893500     63.089735
 0.504   57.403368   57.062303   57.585767   21.600920   21.332112   21.747160   22.126193   22.121900   22.132475     62.346247     61.929911     63.127130
 0.505   57.395343   57.054181   57.577889   21.594525   21.325784   21.740808   22.123091   22.118779   22.129409     62.384767     61.967940     63.166157
 0.506   57.386972   57.045718   57.569668   21.587860   21.319193   21.734182   22.119856   22.115524   22.126213     62.424968     62.007640     63.206871
 0.507   57.378247   57.036905   57.561096   21.580915   21.312333   21.727277   22.116486   22.112132   22.122882     62.466900     62.049053     63.249318
 0.508   57.369159   57.027735   57.552168   21.573687   21.305201   21.720089   22.112977   22.108601   22.119414     62.510607     62.092221     63.293539
 0.509   57.359701   57.018204   57.542877   21.566168   21.297791   21.712614   22.109327   22.104927   22.115806     62.556129     62.137175     63.339565
 0.510   57.349865   57.008309   57.533220   21.558354   21.290102   21.704849   22.105532   22.101109   22.112056     62.603499     62.183948     63.387427
 0.511   57.339648   56.998044   57.523191   21.550243   21.282132   21.696790   22.101592   22.097144   22.108162     62.652746     62.232566     63.437151
 0.512   57.329045   56.987405   57.512786   21.541831   21.273878   21.688436   22.097506   22.093031   22.104124     62.703891     62.283052     63.488760
 0.513   57.318055   56.976388   57.502001   21.533118   21.265336   21.679782   22.093272   22.088771   22.099939     62.756950     62.335428     63.542275
 0.514   57.306677   56.964989   57.490832   21.524104   21.256503   21.670825   22.088890   22.084361   22.095609     62.811930     62.389707     63.597713
 0.515   57.294911   56.953206   57.479278   21.514790   21.247381   21.661568   22.084362   22.079804   22.091133     62.868833     62.445893     63.655078
 0.516   57.282760   56.941042   57.467343   21.505179   21.237970   21.652013   22.079688   22.075101   22.086514     62.927652     62.503979     63.714365
 0.517   57.270228   56.928502   57.455033   21.495273   21.228277   21.642164   22.074870   22.070252   22.081752     62.988374     62.563947     63.775559
 0.518   57.257320   56.915593   57.442355   21.485079   21.218307   21.632031   22.069910   22.065261   22.076850     63.050978     62.625769     63.838632
 0.519   57.244043   56.902324   57.429320   21.474604   21.208067   21.621619   22.064812   22.060130   22.071810     63.115437     62.689409     63.903550
 0.520   57.230406   56.888708   57.415939   21.463853   21.197569   21.610942   22.059578   22.054863   22.066637     63.181714     62.754828     63.970272
 0.521   57.216417   56.874755   57.402222   21.452835   21.186819   21.600006   22.054212   22.049463   22.061334     63.249769     62.821980     64.038752
 0.522   57.202089   56.860474   57.388180   21.441560   21.175828   21.588821   22.048720   22.043936   22.055906     63.319553     62.890821     64.108946
 0.523   57.187434   56.845876   57.373821   21.430039   21.164603   21.577394   22.043106   22.038286   22.050357     63.391012     62.961305     64.180803
 0.524   57.172464   56.830970   57.359154   21.418282   21.153152   21.565734   22.037375   22.032518   22.044693     63.464086     63.033381     64.254272
 0.525   57.157195   56.815770   57.344192   21.406301   21.141486   21.553850   22.031534   22.026639   22.038919     63.538709     63.106988     64.329290
 0.526   57.141641   56.800289   57.328952   21.394109   21.129617   21.541758   22.025588   22.020655   22.033041     63.614811     63.182055     64.405789
 0.527   57.125820   56.784545   57.313452   21.381721   21.117558   21.529470   22.019543   22.014572   22.027067     63.692316     63.258500     64.483692
 0.528   57.109748   56.768557   57.297713   21.369149   21.105324   21.517007   22.013407   22.008397   22.021002     63.771146     63.336235     64.562913
 0.529   57.093444   56.752346   57.281760   21.356409   21.092933   21.504388   22.007187   22.002136   22.014853     63.851218     63.415164     64.643361
 0.530   57.076925   56.735933   57.265612   21.343514   21.080401   21.491627   22.000889   21.995798   22.008628     63.932446     63.495194     64.724944
 0.531   57.060210   56.719338   57.249292   21.330481   21.067742   21.478744   21.994522   21.989389   22.002334     64.014743     63.576236     64.807573
 0.532   57.043317   56.702578   57.232815   21.317324   21.054972   21.465752   21.988091   21.982917   21.995977     64.098022     63.658204     64.891160
 0.533   57.026266   56.685668   57.216196   21.304058   21.042101   21.452661   21.981605   21.976389   21.989565     64.182194     63.741022     64.975625
 0.534   57.009074   56.668623   57.199448   21.290697   21.029143   21.439483   21.975070   21.969812   21.983106     64.267172     63.824614     65.060888
 0.535   56.991760   56.651460   57.182584   21.277256   21.016108   21.426229   21.968494   21.963193   21.976605     64.352870     63.908903     65.146866
 0.536   56.974341   56.634197   57.165622   21.263749   21.003012   21.412913   21.961883   21.956539   21.970069     64.439203     63.993809     65.233473
 0.537   56.956834   56.616853   57.148580   21.250188   20.989869   21.399547   21.955243   21.949856   21.963506     64.526089     64.079246     65.320619
 0.538   56.939256   56.599449   57.131477   21.236589   20.976695   21.386149   21.948582   21.943152   21.956920     64.613446     64.165126     65.408214
 0.539   56.921623   56.582005   57.114336   21.222963   20.963506   21.372736   21.941905   21.936431   21.950320     64.701196     64.251357     65.496167
 0.540   56.903951   56.564541   57.097175   21.209321   20.950315   21.359323   21.935218   21.929701   21.943709     64.789260     64.337852     65.584393
 0.541   56.886255   56.547073   57.080013   21.195677   20.937136   21.345924   21.928528   21.922966   21.937095     64.877564     64.424533     65.672813
 0.542   56.868550   56.529614   57.062862   21.182043   20.923981   21.332548   21.921839   21.916234   21.930482     64.966033     64.511327     65.761355
 0.543   56.850851   56.512178   57.045736   21.168427   20.910855   21.319207   21.915158   21.909508   21.923876     65.054595     64.598167     65.849950
 0.544   56.833172   56.494773   57.028644   21.154842   20.897769   21.305907   21.908489   21.902796   21.917283     65.143181     64.684994     65.938539
 0.545   56.815526   56.477410   57.011595   21.141299   20.884727   21.292655   21.901838   21.896100   21.910707     65.231722     64.771754     66.027063
 0.546   56.797925   56.460095   56.994594   21.127805   20.871737   21.279455   21.895209   21.889427   21.904153     65.320153     64.858395     66.115468
 0.547   56.780384   56.442839   56.977649   21.114372   20.858805   21.266312   21.888607   21.882782   21.897625     65.408411     64.944866     66.203697
 0.548   56.762912   56.425652   56.960769   21.101008   20.845939   21.253235   21.882037   21.876168   21.891129     65.496434     65.031113     66.291692
 0.549   56.745523   56.408547   56.943968   21.087722   20.833149   21.240233   21.875503   21.869590   21.884668     65.584163     65.117075     66.379389
 0.550   56.728227   56.391537   56.927256   21.074520   20.820442   21.227315   21.869008   21.863052   21.878246     65.671540     65.202691     66.466725
 0.551   56.711034   56.374635   56.910647   21.061414   20.807830   21.214488   21.862557   21.856557   21.871867     65.758508     65.287902     66.553643
 0.552   56.693956   56.357849   56.894150   21.048408   20.795318   21.201763   21.856154   21.850111   21.865535     65.845015     65.372655     66.640086
 0.553   56.677002   56.341190   56.877778   21.035511   20.782914   21.189147   21.849802   21.843716   21.859254     65.931007     65.456892     66.726003
 0.554   56.660181   56.324668   56.861541   21.022730   20.770625   21.176649   21.843504   21.837376   21.853027     66.016436     65.540562     66.811343
 0.555   56.643502   56.308289   56.845447   21.010069   20.758455   21.164272   21.837265   21.831094   21.846856     66.101253     65.623619     66.896063
 0.556   56.626974   56.292061   56.829499   20.997536   20.746410   21.152022   21.831086   21.824873   21.840746     66.185414     65.706029     66.980122
 0.557   56.610603   56.275987   56.813703   20.985136   20.734490   21.139900   21.824970   21.818716   21.834698     66.268876     65.787759     67.063483
 0.558   56.594399   56.260074   56.798058   20.972875   20.722703   21.127907   21.818920   21.812625   21.828715     66.351599     65.868782     67.146112
 0.559   56.578366   56.244326   56.782570   20.960756   20.711049   21.116045   21.812939   21.806603   21.822801     66.433546     65.949070     67.227972
 0.560   56.562513   56.228750   56.767241   20.948785   20.699534   21.104317   21.807029   21.800653   21.816955     66.514682     66.028594     67.309032
 0.561   56.546842   56.213351   56.752076   20.936963   20.688161   21.092727   21.801191   21.794775   21.811182     66.594976     66.107324     67.389258
 0.562   56.531361   56.198135   56.737082   20.925296   20.676933   21.081277   21.795427   21.788971   21.805481     66.674399     66.185230     67.468623
 0.563   56.516073   56.183105   56.722266   20.913786   20.665854   21.069976   21.789739   21.783244   21.799855     66.752927     66.262276     67.547097
 0.564   56.500980   56.168269   56.707638   20.902434   20.654928   21.058826   21.784128   21.777594   21.794305     66.830541     66.338431     67.624658
 0.565   56.486086   56.153628   56.693202   20.891242   20.644155   21.047835   21.778593   21.772021   21.788832     66.907225     66.413673     67.701286
 0.566   56.471392   56.139186   56.678960   20.880211   20.633540   21.037000   21.773137   21.766527   21.783435     66.982966     66.487991     67.776969
 0.567   56.456899   56.124942   56.664909   20.869341   20.623078   21.026321   21.767758   21.761111   21.778115     67.057757     66.561383     67.851700
 0.568   56.442607   56.110895   56.651046   20.858631   20.612770   21.015793   21.762458   21.755774   21.772872     67.131592     66.633856     67.925478
 0.569   56.428515   56.097043   56.637363   20.848081   20.602616   21.005413   21.757235   21.750515   21.767706     67.204473     66.705425     67.998306
 0.570   56.414623   56.083384   56.623856   20.837690   20.592610   20.995173   21.752089   21.745333   21.762616     67.276400     66.776103     68.070191
 0.571   56.400929   56.069914   56.610520   20.827456   20.582752   20.985073   21.747019   21.740228   21.757601     67.347380     66.845899     68.141140
 0.572   56.387430   56.056633   56.597355   20.817376   20.573040   20.975110   21.742025   21.735198   21.752661     67.417424     66.914819     68.211160
 0.573   56.374123   56.043539   56.584365   20.807448   20.563473   20.965288   21.737104   21.730243   21.747793     67.486543     66.982861     68.280261
 0.574   56.361004   56.030631   56.571551   20.797669   20.554049   20.955608   21.732256   21.725361   21.742998     67.554754     67.050025     68.348453
 0.575   56.348070   56.017906   56.558915   20.788036   20.544766   20.946069   21.727479   21.720551   21.738272     67.622074     67.116320     68.415752
 0.576   56.335317   56.005357   56.546450   20.778544   20.535619   20.936667   21.722770   21.715809   21.733615     67.688521     67.181767     68.482179
 0.577   56.322739   55.992981   56.534148   20.769191   20.526605   20.927396   21.718130   21.711136   21.729024     67.754117     67.246396     68.547759
 0.578   56.310334   55.980769   56.521999   20.759974   20.517717   20.918246   21.713555   21.706529   21.724498     67.818881     67.310244     68.612517
 0.579   56.298095   55.968714   56.509989   20.750887   20.508951   20.909209   21.709044   21.701987   21.720036     67.882833     67.373349     68.676482
 0.580   56.286020   55.956810   56.498109   20.741928   20.500301   20.900276   21.704596   21.697507   21.715635     67.945992     67.435747     68.739677
 0.581   56.274104   55.945053   56.486351   20.733095   20.491763   20.891441   21.700209   21.693089   21.711295     68.008375     67.497460     68.802122
 0.582   56.262344   55.933439   56.474716   20.724384   20.483336   20.882706   21.695881   21.688731   21.707014     68.070001     67.558501     68.863833
 0.583   56.250737   55.921967   56.463205   20.715791   20.475018   20.874070   21.691611   21.684432   21.702790     68.130884     67.618869     68.924821
 0.584   56.239279   55.910637   56.451824   20.707316   20.466809   20.865537   21.687399   21.680190   21.698623     68.191036     67.678558     68.985092
 0.585   56.227968   55.899450   56.440578   20.698956   20.458708   20.857111   21.683243   21.676004   21.694511     68.250468     67.737560     69.044649
 0.586   56.216804   55.888406   56.429469   20.690710   20.450718   20.848795   21.679142   21.671875   21.690454     68.309186     67.795871     69.103491
 0.587   56.205784   55.877506   56.418496   20.682576   20.442836   20.840587   21.675097   21.667801   21.686452     68.367190     67.853493     69.161618
 0.588   56.194910   55.866750   56.407658   20.674555   20.435064   20.832483   21.671106   21.663783   21.682504     68.424479     67.910432     69.219027
 0.589   56.184182   55.856138   56.396947   20.666648   20.427402   20.824482   21.667172   21.659820   21.678611     68.481045     67.966696     69.275714
 0.590   56.173603   55.845669   56.386359   20.658856   20.419847   20.816577   21.663293   21.655915   21.674774     68.536875     68.022288     69.331672
 0.591   56.163174   55.835346   56.375896   20.651178   20.412403   20.808771   21.659472   21.652066   21.670993     68.591955     68.077197     69.386885
 0.592   56.152900   55.825173   56.365562   20.643620   20.405071   20.801066   21.655708   21.648277   21.667269     68.646264     68.131403     69.441335
 0.593   56.142783   55.815153   56.355363   20.636183   20.397854   20.793466   21.652004   21.644547   21.663605     68.699783     68.184875     69.494998
 0.594   56.132829   55.805293   56.345310   20.628869   20.390757   20.785980   21.648361   21.640878   21.660000     68.752485     68.237576     69.547845
 0.595   56.123041   55.795597   56.335413   20.621682   20.383782   20.778616   21.644781   21.637272   21.656458     68.804346     68.289464     69.599849
 0.596   56.113425   55.786072   56.325683   20.614626   20.376934   20.771379   21.641264   21.633732   21.652979     68.855336     68.340497     69.650979
 0.597   56.103985   55.776723   56.316128   20.607704   20.370217   20.764278   21.637814   21.630257   21.649565     68.905425     68.390636     69.701204
 0.598   56.094729   55.767554   56.306756   20.600920   20.363634   20.757316   21.634432   21.626852   21.646218     68.954582     68.439849     69.750494
 0.599   56.085660   55.758571   56.297569   20.594277   20.357187   20.750496   21.631120   21.623516   21.642941     69.002775     68.488111     69.798820
 0.600   56.076785   55.749778   56.288569   20.587779   20.350880   20.743819   21.627879   21.620254   21.639735     69.049973     68.535397     69.846152
 0.601   56.068109   55.741180   56.279761   20.581432   20.344715   20.737288   21.624713   21.617065   21.636602     69.096144     68.581679     69.892459
 0.602   56.059637   55.732783   56.271149   20.575236   20.338698   20.730905   21.621622   21.613953   21.633544     69.141260     68.626929     69.937713
 0.603   56.051374   55.724591   56.262740   20.569196   20.332831   20.724676   21.618609   21.610918   21.630562     69.185294     68.671120     69.981885
 0.604   56.043323   55.716608   56.254537   20.563315   20.327118   20.718604   21.615674   21.607963   21.627658     69.228223     68.714225     70.024951
 0.605   56.035488   55.708839   56.246546   20.557594   20.321560   20.712691   21.612818   21.605088   21.624833     69.270027     68.756218     70.066889
 0.606   56.027871   55.701289   56.238774   20.552035   20.316160   20.706943   21.610043   21.602294   21.622087     69.310691     68.797078     70.107679
 0.607   56.020474   55.693959   56.231224   20.546639   20.310922   20.701362   21.607349   21.599581   21.619421     69.350206     68.836786     70.147308
 0.608   56.013298   55.686852   56.223900   20.541406   20.305844   20.695951   21.604736   21.596950   21.616836     69.388567     68.875333     70.185769
 0.609   56.006340   55.679967   56.216802   20.536336   20.300927   20.690708   21.602204   21.594400   21.614330     69.425775     68.912716     70.223063
 0.610   55.999601   55.673303   56.209929   20.531426   20.296170   20.685634   21.599751   21.591931   21.611903     69.461836     68.948942     70.259196
 0.611   55.993078   55.666856   56.203278   20.526676   20.291570   20.680727   21.597378   21.589541   21.609555     69.496761     68.984021     70.294179
 0.612   55.986767   55.660626   56.196846   20.522082   20.287125   20.675983   21.595083   21.587231   21.607284     69.530564     69.017967     70.328024
 0.613   55.980666   55.654607   56.190630   20.517643   20.282834   20.671399   21.592865   21.584997   21.605089     69.563260     69.050799     70.360750
 0.614   55.974771   55.648795   56.184623   20.513355   20.278692   20.666973   21.590722   21.582839   21.602968     69.594870     69.082539     70.392376
 0.615   55.969076   55.643186   56.178819   20.509214   20.274696   20.662697   21.588652   21.580756   21.600921     69.625415     69.113213     70.422927
 0.616   55.963578   55.637773   56.173213   20.505218   20.270840   20.658568   21.586655   21.578745   21.598944     69.654922     69.142851     70.452432
 0.617   55.958270   55.632550   56.167797   20.501362   20.267121   20.654580   21.584727   21.576803   21.597036     69.683418     69.171483     70.480922
 0.618   55.953147   55.627508   56.162566   20.497640   20.263532   20.650730   21.582866   21.574930   21.595195     69.710935     69.199141     70.508431
 0.619   55.948202   55.622643   56.157512   20.494050   20.260071   20.647013   21.581071   21.573122   21.593418     69.737504     69.225857     70.534993
 0.620   55.943429   55.617946   56.152631   20.490584   20.256729   20.643422   21.579338   21.571378   21.591704     69.763162     69.251665     70.560643
 0.621   55.938820   55.613411   56.147915   20.487240   20.253504   20.639955   21.577665   21.569694   21.590048     69.787945     69.276600     70.585420
 0.622   55.934368   55.609030   56.143356   20.484010   20.250390   20.636604   21.576050   21.568067   21.588450     69.811892     69.300700     70.609359
 0.623   55.930066   55.604799   56.138949   20.480890   20.247382   20.633365   21.574489   21.566496   21.586905     69.835041     69.324005     70.632497
 0.624   55.925906   55.600710   56.134684   20.477873   20.244477   20.630232   21.572980   21.564977   21.585412     69.857433     69.346553     70.654872
 0.625   55.921881   55.596756   56.130554   20.474956   20.241668   20.627199   21.571520   21.563507   21.583967     69.879108     69.368387     70.676524
 0.626   55.917982   55.592926   56.126551   20.472130   20.238947   20.624259   21.570106   21.562084   21.582568     69.900107     69.389549     70.697502
 0.627   55.914203   55.589209   56.122666   20.469392   20.236308   20.621408   21.568736   21.560704   21.581212     69.920470     69.410080     70.717853
 0.628   55.910535   55.585595   56.118891   20.466734   20.233742   20.618637   21.567407   21.559365   21.579897     69.940238     69.430023     70.737628
 0.629   55.906971   55.582072   56.115217   20.464153   20.231243   20.615941   21.566115   21.558065   21.578618     69.959450     69.449420     70.756873
 0.630   55.903504   55.578632   56.111638   20.461644   20.228802   20.613316   21.564858   21.556800   21.577375     69.978147     69.468309     70.775635
 0.631   55.900126   55.575267   56.108145   20.459198   20.226415   20.610754   21.563634   21.555568   21.576164     69.996368     69.486731     70.793952
 0.632   55.896830   55.571970   56.104732   20.456812   20.224076   20.608251   21.562440   21.554366   21.574982     70.014150     69.504723     70.811864
 0.633   55.893609   55.568736   56.101390   20.454482   20.221782   20.605802   21.561274   21.553191   21.573828     70.031532     69.522324     70.829402
 0.634   55.890456   55.565560   56.098115   20.452201   20.219531   20.603400   21.560132   21.552042   21.572697     70.048551     69.539569     70.846597
 0.635   55.887365   55.562441   56.094900   20.449965   20.217320   20.601044   21.559012   21.550914   21.571590     70.065242     69.556492     70.863476
 0.636   55.884329   55.559374   56.091739   20.447769   20.215146   20.598730   21.557913   21.549808   21.570502     70.081641     69.573123     70.880066
 0.637   55.881341   55.556355   56.088630   20.445609   20.213006   20.596452   21.556831   21.548719   21.569431     70.097781     69.589490     70.896398
 0.638   55.878396   55.553378   56.085567   20.443480   20.210897   20.594208   21.555765   21.547645   21.568376     70.113693     69.605624     70.912501
 0.639   55.875488   55.550437   56.082545   20.441378   20.208814   20.591995   21.554712   21.546586   21.567335     70.129410     69.621551     70.928410
 0.640   55.872612   55.547525   56.079559   20.439299   20.206751   20.589810   21.553671   21.545538   21.566304     70.144961     69.637301     70.944160
 0.641   55.869761   55.544635   56.076604   20.437240   20.204705   20.587648   21.552640   21.544499   21.565284     70.160372     69.652901     70.959779
 0.642   55.866933   55.541763   56.073676   20.435197   20.202672   20.585504   21.551616   21.543469   21.564271     70.175671     69.668378     70.975294
 0.643   55.864121   55.538904   56.070768   20.433165   20.200648   20.583377   21.550599   21.542445   21.563264     70.190881     69.683758     70.990727
 0.644   55.861322   55.536056   56.067875   20.431144   20.198633   20.581260   21.549587   21.541425   21.562262     70.206025     69.699066     71.006100
 0.645   55.858532   55.533216   56.064993   20.429130   20.196623   20.579152   21.548577   21.540410   21.561263     70.221125     69.714326     71.021431
 0.646   55.855747   55.530380   56.062117   20.427119   20.194617   20.577049   21.547570   21.539396   21.560267     70.236199     69.729557     71.036738
 0.647   55.852964   55.527547   56.059246   20.425111   20.192612   20.574949   21.546564   21.538383   21.559271     70.251265     69.744777     71.052037
 0.648   55.850180   55.524713   56.056375   20.423102   20.190608   20.572851   21.545557   21.537369   21.558275     70.266342     69.759999     71.067345
 0.649   55.847393   55.521875   56.053505   20.421090   20.188602   20.570754   21.544550   21.536355   21.557277     70.281443     69.775236     71.082676
 0.650   55.844598   55.519031   56.050633   20.419075   20.186591   20.568655   21.543539   21.535338   21.556278     70.296583     69.790501     71.098047
 0.651   55.841794   55.516178   56.047757   20.417052   20.184573   20.566554   21.542526   21.534318   21.555275     70.311776     69.805805     71.113471
 0.652   55.838980   55.513313   56.044875   20.415023   20.182549   20.564448   21.541509   21.533294   21.554268     70.327032     69.821159     71.128958
 0.653   55.836152   55.510436   56.041984   20.412984   20.180517   20.562336   21.540487   21.532265   21.553257     70.342361     69.836579     71.144519
 0.654   55.833310   55.507545   56.039080   20.410935   20.178474   20.560216   21.539460   21.531231   21.552241     70.357773     69.852074     71.160162
 0.655   55.830452   55.504637   56.036162   20.408876   20.176420   20.558085   21.538428   21.530192   21.551219     70.373276     69.867656     71.175897
 0.656   55.827576   55.501712   56.033228   20.406803   20.174355   20.555944   21.537389   21.529146   21.550191     70.388877     69.883332     71.191732
 0.657   55.824682   55.498768   56.030278   20.404717   20.172275   20.553791   21.536343   21.528094   21.549157     70.404584     69.899107     71.207674
 0.658   55.821767   55.495802   56.027311   20.402617   20.170181   20.551626   21.535291   21.527034   21.548115     70.420403     69.914984     71.223733
 0.659   55.818831   55.492814   56.024329   20.400503   20.168073   20.549451   21.534231   21.525967   21.547066     70.436342     69.930966     71.239915
 0.660   55.815873   55.489802   56.021332   20.398373   20.165947   20.547264   21.533163   21.524892   21.546009     70.452406     69.947056     71.256226
 0.661   55.812892   55.486765   56.018318   20.396226   20.163804   20.545067   21.532086   21.523808   21.544944     70.468600     69.963258     71.272673
 0.662   55.809886   55.483702   56.015287   20.394063   20.161643   20.542856   21.531001   21.522716   21.543870     70.484929     69.979577     71.289259
 0.663   55.806856   55.480614   56.012237   20.391882   20.159465   20.540633   21.529908   21.521615   21.542788     70.501394     69.996018     71.305986
 0.664   55.803801   55.477499   56.009166   20.389684   20.157269   20.538394   21.528805   21.520505   21.541697     70.517997     70.012588     71.322856
 0.665   55.800722   55.474359   56.006073   20.387468   20.155055   20.536141   21.527694   21.519387   21.540598     70.534738     70.029289     71.339867
 0.666   55.797618   55.471195   56.002957   20.385236   20.152824   20.533870   21.526574   21.518260   21.539489     70.551618     70.046124     71.357018
 0.667   55.794489   55.468007   55.999818   20.382986   20.150578   20.531585   21.525446   21.517124   21.538372     70.568636     70.063090     71.374304
 0.668   55.791337   55.464796   55.996659   20.380719   20.148315   20.529283   21.524309   21.515979   21.537247     70.585790     70.080185     71.391723
 0.669   55.788160   55.461565   55.993480   20.378435   20.146039   20.526968   21.523163   21.514825   21.536113     70.603078     70.097402     71.409271
 0.670   55.784960   55.458312   55.990283   20.376136   20.143747   20.524641   21.522009   21.513664   21.534971     70.620499     70.114736     71.426945
 0.671   55.781736   55.455039   55.987070   20.373819   20.141443   20.522302   21.520847   21.512494   21.533821     70.638048     70.132182     71.444743
 0.672   55.778491   55.451746   55.983841   20.371487   20.139124   20.519953   21.519677   21.511316   21.532664     70.655723     70.149737     71.462662
 0.673   55.775225   55.448432   55.980597   20.369141   20.136791   20.517592   21.518500   21.510131   21.531499     70.673517     70.167398     71.480701
 0.674   55.771938   55.445097   55.977336   20.366781   20.134445   20.515221   21.517315   21.508939   21.530326     70.691427     70.185163     71.498860
 0.675   55.768632   55.441742   55.974060   20.364407   20.132084   20.512838   21.516124   21.507740   21.529148     70.709447     70.203029     71.517129
 0.676   55.765308   55.438372   55.970765   20.362021   20.129713   20.510442   21.514926   21.506534   21.527962     70.727570     70.220998     71.535496
 0.677   55.761967   55.434992   55.967453   20.359623   20.127335   20.508034   21.513722   21.505322   21.526771     70.745792     70.239068     71.553943
 0.678   55.758609   55.431607   55.964121   20.357214   20.124955   20.505612   21.512513   21.504105   21.525575     70.764105     70.257235     71.572455
 0.679   55.755237   55.428223   55.960772   20.354795   20.122576   20.503179   21.511299   21.502883   21.524373     70.782505     70.275496     71.591017
 0.680   55.751851   55.424842   55.957407   20.352366   20.120199   20.500735   21.510079   21.501655   21.523166     70.800986     70.293842     71.609616
 0.681   55.748452   55.421466   55.954027   20.349928   20.117828   20.498279   21.508856   21.500423   21.521955     70.819541     70.312268     71.628245
 0.682   55.745042   55.418096   55.950633   20.347483   20.115459   20.495815   21.507628   21.499188   21.520740     70.838164     70.330767     71.646900
 0.683   55.741621   55.414729   55.947228   20.345032   20.113094   20.493342   21.506397   21.497948   21.519522     70.856847     70.349329     71.665583
 0.684   55.738192   55.411362   55.943813   20.342574   20.110729   20.490864   21.505163   21.496706   21.518300     70.875584     70.367946     71.684297
 0.685   55.734755   55.407994   55.940390   20.340112   20.108364   20.488379   21.503926   21.495461   21.517077     70.894366     70.386610     71.703041
 0.686   55.731313   55.404625   55.936961   20.337646   20.106000   20.485891   21.502688   21.494214   21.515851     70.913186     70.405314     71.721810
 0.687   55.727866   55.401257   55.933524   20.335177   20.103635   20.483398   21.501448   21.492966   21.514624     70.932034     70.424052     71.740595
 0.688   55.724416   55.397894   55.930082   20.332707   20.101276   20.480901   21.500207   21.491717   21.513396     70.950902     70.442818     71.759379
 0.689   55.720965   55.394543   55.926634   20.330236   20.098924   20.478401   21.498966   21.490468   21.512168     70.969782     70.461608     71.778143
 0.690   55.717515   55.391209   55.923180   20.327767   20.096586   20.475898   21.497725   21.489219   21.510940     70.988663     70.480413     71.796870
 0.691   55.714067   55.387893   55.919723   20.325301   20.094260   20.473392   21.496486   21.487972   21.509713     71.007538     70.499226     71.815548
 0.692   55.710624   55.384598   55.916265   20.322836   20.091949   20.470886   21.495248   21.486725   21.508488     71.026395     70.518035     71.834168
 0.693   55.707186   55.381322   55.912808   20.320377   20.089653   20.468382   21.494012   21.485482   21.507265     71.045226     70.536829     71.852725
 0.694   55.703755   55.378065   55.909356   20.317924   20.087370   20.465881   21.492779   21.484241   21.506045     71.064020     70.555593     71.871219
 0.695   55.700334   55.374824   55.905912   20.315478   20.085099   20.463387   21.491550   21.483003   21.504829     71.082766     70.574315     71.889649
 0.696   55.696925   55.371597   55.902477   20.313041   20.082839   20.460900   21.490325   21.481771   21.503617     71.101454     70.592983     71.908012
 0.697   55.693529   55.368384   55.899055   20.310615   20.080587   20.458423   21.489106   21.480543   21.502410     71.120074     70.611587     71.926306
 0.698   55.690149   55.365186   55.895645   20.308200   20.078348   20.455955   21.487891   21.479321   21.501208     71.138614     70.630118     71.944519
 0.699   55.686786   55.362007   55.892248   20.305796   20.076123   20.453497   21.486684   21.478105   21.500013     71.157065     70.648570     71.962639
 0.700   55.683442   55.358851   55.888866   20.303408   20.073913   20.451050   21.485483   21.476896   21.498824     71.175415     70.666933     71.980649
 0.701   55.680119   55.355719   55.885500   20.301035   20.071721   20.448616   21.484290   21.475695   21.497644     71.193654     70.685199     71.998538
 0.702   55.676819   55.352615   55.882151   20.298680   20.069548   20.446195   21.483106   21.474503   21.496471     71.211772     70.703358     72.016294
 0.703   55.673544   55.349539   55.878822   20.296342   20.067396   20.443788   21.481930   21.473320   21.495308     71.229760     70.721401     72.033908
 0.704   55.670295   55.346494   55.875513   20.294023   20.065267   20.441397   21.480764   21.472146   21.494154     71.247608     70.739319     72.051371
 0.705   55.667074   55.343479   55.872230   20.291725   20.063158   20.439023   21.479608   21.470983   21.493010     71.265307     70.757095     72.068679
 0.706   55.663882   55.340492   55.868977   20.289448   20.061069   20.436673   21.478463   21.469830   21.491877     71.282848     70.774711     72.085829
 0.707   55.660722   55.337534   55.865760   20.287195   20.059001   20.434349   21.477330   21.468689   21.490755     71.300224     70.792151     72.102821
 0.708   55.657593   55.334601   55.862583   20.284963   20.056951   20.432055   21.476208   21.467559   21.489644     71.317425     70.809396     72.119653
 0.709   55.654499   55.331694   55.859451   20.282757   20.054919   20.429794   21.475098   21.466442   21.488546     71.334446     70.826435     72.136323
 0.710   55.651439   55.328813   55.856365   20.280576   20.052906   20.427565   21.474001   21.465338   21.487460     71.351279     70.843260     72.152824
 0.711   55.648416   55.325960   55.853326   20.278422   20.050913   20.425372   21.472917   21.464247   21.486387     71.367918     70.859864     72.169152
 0.712   55.645429   55.323136   55.850334   20.276293   20.048940   20.423213   21.471846   21.463169   21.485327     71.384357     70.876243     72.185298
 0.713   55.642480   55.320345   55.847388   20.274193   20.046991   20.421087   21.470789   21.462105   21.484281     71.400593     70.892400     72.201252
 0.714   55.639570   55.317589   55.844484   20.272120   20.045066   20.418992   21.469746   21.461055   21.483248     71.416620     70.908338     72.217005
 0.715   55.636698   55.314869   55.841624   20.270075   20.043168   20.416929   21.468717   21.460019   21.482230     71.432436     70.924058     72.232550
 0.716   55.633866   55.312186   55.838806   20.268058   20.041294   20.414897   21.467702   21.458998   21.481226     71.448038     70.939553     72.247887
 0.717   55.631074   55.309537   55.836036   20.266071   20.039446   20.412900   21.466702   21.457991   21.480235     71.463424     70.954816     72.263022
 0.718   55.628322   55.306918   55.833317   20.264112   20.037618   20.410940   21.465716   21.456999   21.479260     71.478592     70.969836     72.277962
 0.719   55.625611   55.304326   55.830652   20.262182   20.035810   20.409019   21.464745   21.456021   21.478298     71.493541     70.984602     72.292715
 0.720   55.622939   55.301759   55.828045   20.260282   20.034019   20.407140   21.463788   21.455058   21.477351     71.508273     70.999107     72.307288
 0.721   55.620307   55.299214   55.825497   20.258409   20.032244   20.405305   21.462845   21.454109   21.476418     71.522789     71.013349     72.321684
 0.722   55.617715   55.296695   55.823006   20.256565   20.030487   20.403510   21.461917   21.453174   21.475499     71.537090     71.027333     72.335902
 0.723   55.615161   55.294204   55.820568   20.254749   20.028750   20.401754   21.461003   21.452254   21.474594     71.551179     71.041069     72.349932
 0.724   55.612646   55.291746   55.818180   20.252961   20.027037   20.400033   21.460102   21.451348   21.473703     71.565060     71.054571     72.363765
 0.725   55.610168   55.289322   55.815835   20.251199   20.025347   20.398346   21.459216   21.450455   21.472825     71.578737     71.067853     72.377404
 0.726   55.607727   55.286926   55.813532   20.249464   20.023677   20.396687   21.458342   21.449575   21.471960     71.592215     71.080927     72.390861
 0.727   55.605321   55.284553   55.811267   20.247754   20.022023   20.395056   21.457481   21.448709   21.471108     71.605500     71.093800     72.404157
 0.728   55.602950   55.282193   55.809040   20.246069   20.020379   20.393454   21.456632   21.447854   21.470268     71.618597     71.106477     72.417316
 0.729   55.600612   55.279838   55.806853   20.244407   20.018738   20.391880   21.455795   21.447012   21.469440     71.631514     71.118958     72.430366
 0.730   55.598305   55.277480   55.804707   20.242769   20.017096   20.390336   21.454970   21.446182   21.468623     71.644258     71.131242     72.443328
 0.731   55.596029   55.275116   55.802602   20.241151   20.015450   20.388821   21.454156   21.445362   21.467817     71.656838     71.143337     72.456215
 0.732   55.593781   55.272748   55.800535   20.239555   20.013800   20.387335   21.453352   21.444552   21.467021     71.669263     71.155252     72.469029
 0.733   55.591560   55.270379   55.798502   20.237978   20.012152   20.385872   21.452557   21.443753   21.466234     71.681542     71.167005     72.481765
 0.734   55.589363   55.268017   55.796499   20.236418   20.010507   20.384431   21.451772   21.442962   21.465457     71.693687     71.178611     72.494411
 0.735   55.587189   55.265665   55.794522   20.234875   20.008870   20.383010   21.450994   21.442179   21.464687     71.705710     71.190087     72.506965
 0.736   55.585035   55.263324   55.792568   20.233346   20.007240   20.381604   21.450224   21.441404   21.463925     71.717622     71.201445     72.519433
 0.737   55.582899   55.260989   55.790636   20.231830   20.005616   20.380216   21.449460   21.440635   21.463169     71.729438     71.212696     72.531832
 0.738   55.580779   55.258652   55.788726   20.230325   20.003989   20.378842   21.448702   21.439872   21.462419     71.741170     71.223848     72.544190
 0.739   55.578671   55.256304   55.786837   20.228830   20.002356   20.377485   21.447949   21.439113   21.461673     71.752834     71.234910     72.556542
 0.740   55.576573   55.253934   55.784970   20.227341   20.000707   20.376143   21.447199   21.438359   21.460931     71.764444     71.245890     72.568919
 0.741   55.574483   55.251537   55.783123   20.225858   19.999041   20.374815   21.446452   21.437606   21.460191     71.776016     71.256801     72.581344
 0.742   55.572397   55.249112   55.781291   20.224378   19.997354   20.373498   21.445706   21.436856   21.459453     71.787567     71.267661     72.593829
 0.743   55.570312   55.246661   55.779472   20.222899   19.995650   20.372191   21.444961   21.436106   21.458716     71.799112     71.278488     72.606377
 0.744   55.568225   55.244188   55.777659   20.221420   19.993932   20.370890   21.444216   21.435355   21.457978     71.810668     71.289304     72.618987
 0.745   55.566134   55.241698   55.775848   20.219937   19.992201   20.369588   21.443468   21.434603   21.457238     71.822253     71.300135     72.631656
 0.746   55.564035   55.239194   55.774029   20.218449   19.990461   20.368282   21.442718   21.433848   21.456496     71.833881     71.311007     72.644389
 0.747   55.561925   55.236675   55.772197   20.216954   19.988710   20.366967   21.441965   21.433089   21.455750     71.845572     71.321947     72.657193
 0.748   55.559802   55.234137   55.770346   20.215449   19.986947   20.365638   21.441206   21.432326   21.454999     71.857339     71.332978     72.670089
 0.749   55.557662   55.231573   55.768473   20.213932   19.985166   20.364293   21.440442   21.431556   21.454243     71.869201     71.344116     72.683104
 0.750   55.555503   55.228975   55.766576   20.212402   19.983362   20.362931   21.439671   21.430780   21.453480     71.881173     71.355376     72.696265
 0.751   55.553321   55.226340   55.764651   20.210857   19.981532   20.361549   21.438892   21.429996   21.452708     71.893270     71.366774     72.709592
 0.752   55.551115   55.223664   55.762698   20.209294   19.979675   20.360148   21.438104   21.429203   21.451929     71.905507     71.378319     72.723099
 0.753   55.548881   55.220948   55.760719   20.207712   19.977788   20.358728   21.437306   21.428400   21.451139     71.917900     71.390013     72.736795
 0.754   55.546616   55.218191   55.758715   20.206108   19.975876   20.357289   21.436498   21.427586   21.450339     71.930461     71.401864     72.750688
 0.755   55.544320   55.215396   55.756680   20.204482   19.973936   20.355830   21.435678   21.426761   21.449528     71.943204     71.413893     72.764780
 0.756   55.541989   55.212563   55.754602   20.202831   19.971971   20.354339   21.434846   21.425923   21.448705     71.956143     71.426135     72.779075
 0.757   55.539620   55.209695   55.752468   20.201156   19.969981   20.352808   21.434001   21.425072   21.447868     71.969289     71.438633     72.793577
 0.758   55.537213   55.206789   55.750262   20.199452   19.967966   20.351226   21.433142   21.424207   21.447018     71.982653     71.451430     72.808296
 0.759   55.534765   55.203843   55.747973   20.197719   19.965922   20.349585   21.432268   21.423328   21.446154     71.996247     71.464562     72.823244
 0.760   55.532275   55.200853   55.745593   20.195957   19.963850   20.347878   21.431380   21.422433   21.445274     72.010079     71.478054     72.838435
 0.761   55.529740   55.197818   55.743118   20.194164   19.961745   20.346105   21.430475   21.421523   21.444380     72.024160     71.491919     72.853880
 0.762   55.527160   55.194736   55.740550   20.192339   19.959610   20.344264   21.429555   21.420596   21.443469     72.038496     71.506157     72.869587
 0.763   55.524534   55.191604   55.737899   20.190482   19.957439   20.342364   21.428618   21.419653   21.442542     72.053095     71.520750     72.885568
 0.764   55.521859   55.188420   55.735174   20.188590   19.955234   20.340411   21.427664   21.418692   21.441598     72.067964     71.535676     72.901829
 0.765   55.519135   55.185186   55.732383   20.186664   19.952994   20.338412   21.426693   21.417715   21.440637     72.083107     71.550919     72.918372
 0.766   55.516362   55.181904   55.729529   20.184704   19.950720   20.336368   21.425704   21.416719   21.439658     72.098531     71.566475     72.935191
 0.767   55.513538   55.178579   55.726607   20.182709   19.948418   20.334276   21.424697   21.415705   21.438662     72.114238     71.582355     72.952280
 0.768   55.510663   55.175213   55.723610   20.180678   19.946088   20.332130   21.423673   21.414674   21.437648     72.130232     71.598583     72.969630
 0.769   55.507737   55.171810   55.720526   20.178610   19.943733   20.329922   21.422630   21.413624   21.436616     72.146515     71.615190     72.987237
 0.770   55.504760   55.168371   55.717344   20.176506   19.941354   20.327644   21.421568   21.412555   21.435566     72.163089     71.632203     73.005098
 0.771   55.501731   55.164897   55.714060   20.174368   19.938950   20.325294   21.420489   21.411469   21.434498     72.179955     71.649630     73.023212
 0.772   55.498650   55.161386   55.710678   20.172192   19.936522   20.322875   21.419391   21.410363   21.433412     72.197113     71.667468     73.041583
 0.773   55.495517   55.157834   55.707202   20.169980   19.934066   20.320389   21.418275   21.409240   21.432308     72.214562     71.685700     73.060221
 0.774   55.492334   55.154237   55.703644   20.167733   19.931579   20.317845   21.417141   21.408098   21.431186     72.232300     71.704300     73.079133
 0.775   55.489100   55.150595   55.700016   20.165452   19.929061   20.315251   21.415989   21.406939   21.430047     72.250325     71.723235     73.098323
 0.776   55.485815   55.146908   55.696330   20.163134   19.926514   20.312616   21.414820   21.405761   21.428890     72.268634     71.742473     73.117785
 0.777   55.482482   55.143182   55.692595   20.160782   19.923939   20.309947   21.413633   21.404566   21.427715     72.287223     71.761988     73.137504
 0.778   55.479100   55.139422   55.688815   20.158397   19.921342   20.307246   21.412429   21.403354   21.426524     72.306088     71.781768     73.157464
 0.779   55.475670   55.135635   55.684989   20.155979   19.918726   20.304513   21.411208   21.402125   21.425316     72.325223     71.801816     73.177646
 0.780   55.472193   55.131826   55.681111   20.153528   19.916096   20.301744   21.409970   21.400879   21.424092     72.344625     71.822140     73.198032
 0.781   55.468671   55.127998   55.677182   20.151046   19.913455   20.298939   21.408717   21.399617   21.422852     72.364286     71.842739     73.218614
 0.782   55.465105   55.124150   55.673202   20.148532   19.910798   20.296098   21.407448   21.398340   21.421597     72.384202     71.863609     73.239389
 0.783   55.461495   55.120277   55.669168   20.145990   19.908126   20.293219   21.406164   21.397047   21.420327     72.404364     71.884749     73.260367
 0.784   55.457843   55.116375   55.665082   20.143418   19.905435   20.290304   21.404865   21.395739   21.419042     72.424766     71.906155     73.281554
 0.785   55.454151   55.112441   55.660951   20.140818   19.902723   20.287357   21.403552   21.394418   21.417743     72.445400     71.927804     73.302954
 0.786   55.450420   55.108476   55.656785   20.138191   19.899989   20.284388   21.402225   21.393082   21.416430     72.466258     71.949666     73.324560
 0.787   55.446652   55.104485   55.652598   20.135539   19.897238   20.281403   21.400885   21.391733   21.415105     72.487332     71.971701     73.346354
 0.788   55.442847   55.100475   55.648402   20.132861   19.894475   20.278412   21.399533   21.390372   21.413767     72.508612     71.993875     73.368315
 0.789   55.439009   55.096454   55.644206   20.130161   19.891704   20.275422   21.398169   21.388999   21.412417     72.530091     72.016161     73.390415
 0.790   55.435138   55.092431   55.640015   20.127439   19.888934   20.272438   21.396793   21.387614   21.411057     72.551757     72.038539     73.412629
 0.791   55.431236   55.088409   55.635833   20.124694   19.886164   20.269459   21.395407   21.386219   21.409685     72.573603     72.060997     73.434943
 0.792   55.427305   55.084387   55.631657   20.121931   19.883396   20.266486   21.394010   21.384813   21.408304     72.595619     72.083533     73.457353
 0.793   55.423347   55.080362   55.627481   20.119149   19.880624   20.263513   21.392604   21.383398   21.406913     72.617795     72.106163     73.479865
 0.794   55.419363   55.076327   55.623294   20.116350   19.877847   20.260535   21.391189   21.381974   21.405513     72.640121     72.128902     73.502488
 0.795   55.415356   55.072278   55.619096   20.113534   19.875063   20.257548   21.389766   21.380542   21.404106     72.662588     72.151752     73.525225
 0.796   55.411326   55.068217   55.614890   20.110704   19.872269   20.254556   21.388336   21.379102   21.402691     72.685185     72.174697     73.548072
 0.797   55.407276   55.064145   55.610685   20.107861   19.869470   20.251566   21.386898   21.377655   21.401269     72.707904     72.197708     73.571015
 0.798   55.403208   55.060070   55.606495   20.105004   19.866669   20.248588   21.385454   21.376202   21.399840     72.730735     72.220745     73.594033
 0.799   55.399122   55.055999   55.602335   20.102137   19.863871   20.245631   21.384005   21.374743   21.398406     72.753669     72.243767     73.617100
 0.800   55.395021   55.051942   55.598216   20.099260   19.861084   20.242706   21.382550   21.373278   21.396967     72.776697     72.266738     73.640189
 0.801   55.390906   55.047901   55.594144   20.096374   19.858307   20.239813   21.381090   21.371809   21.395523     72.799811     72.289641     73.663287
 0.802   55.386778   55.043875   55.590116   20.093478   19.855543   20.236952   21.379626   21.370336   21.394075     72.823004     72.312480     73.686393
 0.803   55.382639   55.039860   55.586119   20.090577   19.852786   20.234115   21.378158   21.368859   21.392623     72.846268     72.335283     73.709515
 0.804   55.378490   55.035850   55.582139   20.087669   19.850034   20.231290   21.376687   21.367378   21.391168     72.869596     72.358079     73.732665
 0.805   55.374332   55.031840   55.578170   20.084754   19.847282   20.228474   21.375213   21.365895   21.389710     72.892983     72.380884     73.755848
 0.806   55.370166   55.027831   55.574212   20.081836   19.844532   20.225666   21.373737   21.364409   21.388249     72.916424     72.403694     73.779063
 0.807   55.365993   55.023827   55.570273   20.078913   19.841785   20.222872   21.372258   21.362920   21.386786     72.939913     72.426486     73.802297
 0.808   55.361813   55.019833   55.566367   20.075986   19.839046   20.220103   21.370777   21.361430   21.385321     72.963448     72.449221     73.825531
 0.809   55.357626   55.015859   55.562513   20.073056   19.836322   20.217370   21.369294   21.359937   21.383854     72.987024     72.471852     73.848743
 0.810   55.353435   55.011911   55.558724   20.070123   19.833616   20.214685   21.367809   21.358443   21.382385     73.010640     72.494342     73.871914
 0.811   55.349238   55.007992   55.555005   20.067185   19.830930   20.212050   21.366323   21.356947   21.380915     73.034294     72.516677     73.895035
 0.812   55.345036   55.004099   55.551353   20.064247   19.828264   20.209463   21.364835   21.355450   21.379443     73.057983     72.538868     73.918112
 0.813   55.340829   55.000226   55.547751   20.061304   19.825610   20.206911   21.363346   21.353951   21.377970     73.081708     72.560952     73.941163
 0.814   55.336617   54.996363   55.544182   20.058360   19.822965   20.204384   21.361856   21.352450   21.376495     73.105468     72.582973     73.964209
 0.815   55.332401   54.992507   55.540635   20.055414   19.820325   20.201874   21.360364   21.350948   21.375019     73.129263     72.604963     73.987261
 0.816   55.328179   54.988656   55.537104   20.052463   19.817690   20.199373   21.358870   21.349445   21.373541     73.153094     72.626935     74.010322
 0.817   55.323953   54.984816   55.533591   20.049511   19.815061   20.196889   21.357375   21.347940   21.372062     73.176960     72.648880     74.033382
 0.818   55.319722   54.980992   55.530110   20.046556   19.812445   20.194426   21.355879   21.346434   21.370581     73.200864     72.670771     74.056422
 0.819   55.315485   54.977194   55.526676   20.043598   19.809849   20.191996   21.354380   21.344925   21.369099     73.224806     72.692565     74.079419
 0.820   55.311243   54.973430   55.523304   20.040636   19.807274   20.189612   21.352880   21.343415   21.367615     73.248788     72.714225     74.102356
 0.821   55.306995   54.969702   55.519999   20.037672   19.804726   20.187275   21.351379   21.341904   21.366129     73.272811     72.735742     74.125227
 0.822   55.302740   54.966008   55.516756   20.034703   19.802201   20.184982   21.349875   21.340390   21.364641     73.296877     72.757126     74.148040
 0.823   55.298479   54.962340   55.513562   20.031732   19.799694   20.182725   21.348369   21.338874   21.363151     73.320989     72.778414     74.170813
 0.824   55.294211   54.958690   55.510401   20.028755   19.797201   20.180492   21.346862   21.337355   21.361659     73.345148     72.799647     74.193571
 0.825   55.289936   54.955048   55.507258   20.025776   19.794712   20.178272   21.345351   21.335835   21.360165     73.369358     72.820863     74.216340
 0.826   55.285653   54.951407   55.504125   20.022790   19.792226   20.176058   21.343839   21.334312   21.358668     73.393620     72.842085     74.239138
 0.827   55.281362   54.947763   55.501000   20.019800   19.789738   20.173851   21.342323   21.332786   21.357168     73.417937     72.863319     74.261976
 0.828   55.277062   54.944118   55.497889   20.016805   19.787250   20.171655   21.340805   21.331257   21.355666     73.442311     72.884550     74.284853
 0.829   55.272753   54.940476   55.494806   20.013804   19.784765   20.169479   21.339284   21.329725   21.354161     73.466746     72.905746     74.307757
 0.830   55.268434   54.936844   55.491763   20.010797   19.782287   20.167330   21.337760   21.328190   21.352652     73.491242     72.926879     74.330674
 0.831   55.264106   54.933223   55.488762   20.007785   19.779816   20.165213   21.336233   21.326652   21.351141     73.515802     72.947940     74.353602
 0.832   55.259767   54.929612   55.485800   20.004766   19.777354   20.163123   21.334702   21.325111   21.349626     73.540428     72.968939     74.376543
 0.833   55.255419   54.926010   55.482870   20.001740   19.774898   20.161057   21.333168   21.323566   21.348108     73.565122     72.989899     74.399504
 0.834   55.251059   54.922412   55.479958   19.998708   19.772445   20.159002   21.331630   21.322017   21.346586     73.589885     73.010851     74.422495
 0.835   55.246689   54.918812   55.477054   19.995670   19.769991   20.156955   21.330089   21.320465   21.345061     73.614719     73.031823     74.445534
 0.836   55.242307   54.915202   55.474152   19.992625   19.767532   20.154908   21.328545   21.318909   21.343532     73.639625     73.052835     74.468640
 0.837   55.237915   54.911577   55.471247   19.989572   19.765062   20.152861   21.326996   21.317349   21.341999     73.664602     73.073892     74.491829
 0.838   55.233511   54.907932   55.468345   19.986513   19.762579   20.150816   21.325444   21.315785   21.340463     73.689652     73.094987     74.515113
 0.839   55.229096   54.904265   55.465452   19.983446   19.760083   20.148777   21.323889   21.314218   21.338923     73.714773     73.116098     74.538494
 0.840   55.224671   54.900580   55.462578   19.980373   19.757573   20.146752   21.322330   21.312647   21.337380     73.739966     73.137203     74.561968
 0.841   55.220234   54.896875   55.459725   19.977294   19.755052   20.144743   21.320767   21.311072   21.335833     73.765228     73.158295     74.585533
 0.842   55.215787   54.893152   55.456892   19.974208   19.752519   20.142748   21.319201   21.309494   21.334282     73.790561     73.179375     74.609186
 0.843   55.211330   54.889414   55.454074   19.971115   19.749975   20.140764   21.317631   21.307913   21.332728     73.815961     73.200457     74.632918
 0.844   55.206863   54.885665   55.451265   19.968016   19.747426   20.138786   21.316059   21.306328   21.331171     73.841428     73.221554     74.656720
 0.845   55.202385   54.881904   55.448458   19.964912   19.744868   20.136809   21.314483   21.304740   21.329611     73.866960     73.242684     74.680591
 0.846   55.197898   54.878129   55.445648   19.961802   19.742301   20.134832   21.312904   21.303148   21.328048     73.892556     73.263860     74.704539
 0.847   55.193402   54.874334   55.442832   19.958686   19.739722   20.132850   21.311322   21.301554   21.326482     73.918215     73.285087     74.728574
 0.848   55.188897   54.870515   55.440011   19.955564   19.737127   20.130866   21.309737   21.299956   21.324912     73.943933     73.306362     74.752710
 0.849   55.184383   54.866665   55.437190   19.952437   19.734511   20.128881   21.308149   21.298356   21.323341     73.969710     73.327673     74.776959
 0.850   55.179861   54.862783   55.434372   19.949306   19.731874   20.126900   21.306559   21.296753   21.321766     73.995542     73.349006     74.801328
 0.851   55.175332   54.858866   55.431561   19.946171   19.729214   20.124923   21.304967   21.295147   21.320189     74.021428     73.370356     74.825817
 0.852   55.170795   54.854918   55.428756   19.943031   19.726533   20.122951   21.303372   21.293540   21.318610     74.047365     73.391719     74.850420
 0.853   55.166252   54.850944   55.425958   19.939887   19.723836   20.120984   21.301775   21.291930   21.317029     74.073350     73.413093     74.875119
 0.854   55.161702   54.846951   55.423165   19.936740   19.721127   20.119021   21.300177   21.290318   21.315446     74.099379     73.434480     74.899895
 0.855   55.157147   54.842944   55.420373   19.933591   19.718408   20.117059   21.298576   21.288704   21.313861     74.125451     73.455890     74.924734
 0.856   55.152587   54.838924   55.417575   19.930437   19.715681   20.115093   21.296974   21.287089   21.312275     74.151560     73.477337     74.949632
 0.857   55.148022   54.834890   55.414767   19.927283   19.712945   20.113120   21.295371   21.285472   21.310687     74.177703     73.498834     74.974588
 0.858   55.143454   54.830837   55.411942   19.924127   19.710198   20.111137   21.293767   21.283854   21.309099     74.203877     73.520391     74.999614
 0.859   55.138883   54.826759   55.409100   19.920970   19.707435   20.109141   21.292163   21.282236   21.307510     74.230078     73.542010     75.024722
 0.860   55.134310   54.822652   55.406240   19.917811   19.704651   20.107133   21.290557   21.280617   21.305920     74.256300     73.563688     75.049921
 0.861   55.129735   54.818515   55.403363   19.914654   19.701848   20.105113   21.288952   21.278997   21.304330     74.282539     73.585421     75.075212
 0.862   55.125160   54.814350   55.400472   19.911496   19.699028   20.103084   21.287347   21.277378   21.302740     74.308792     73.607200     75.100585
 0.863   55.120585   54.810163   55.397574   19.908339   19.696193   20.101051   21.285742   21.275759   21.301151     74.335052     73.629005     75.126022
 0.864   55.116011   54.805963   55.394673   19.905185   19.693349   20.099016   21.284138   21.274140   21.299562     74.361317     73.650820     75.151500
 0.865   55.111439   54.801755   55.391772   19.902032   19.690502   20.096980   21.282535   21.272523   21.297974     74.387580     73.672639     75.177002
 0.866   55.106870   54.797541   55.388864   19.898882   19.687651   20.094941   21.280933   21.270906   21.296387     74.413837     73.694473     75.202519
 0.867   55.102304   54.793322   55.385943   19.895735   19.684797   20.092893   21.279332   21.269291   21.294802     74.440084     73.716340     75.228049
 0.868   55.097743   54.789093   55.382998   19.892592   19.681936   20.090828   21.277734   21.267678   21.293219     74.466316     73.738261     75.253600
 0.869   55.093187   54.784847   55.380020   19.889454   19.679066   20.088741   21.276137   21.266067   21.291637     74.492527     73.760256     75.279184
 0.870   55.088636   54.780582   55.377005   19.886321   19.676184   20.086628   21.274543   21.264458   21.290058     74.518715     73.782338     75.304812
 0.871   55.084092   54.776294   55.373951   19.883193   19.673287   20.084487   21.272951   21.262852   21.288482     74.544875     73.804509     75.330485
 0.872   55.079556   54.771987   55.370861   19.880069   19.670377   20.082323   21.271362   21.261248   21.286908     74.571003     73.826754     75.356195
 0.873   55.075027   54.767666   55.367750   19.876953   19.667458   20.080143   21.269777   21.259648   21.285337     74.597097     73.849041     75.381926
 0.874   55.070506   54.763337   55.364627   19.873843   19.664535   20.077957   21.268194   21.258050   21.283770     74.623153     73.871336     75.407657
 0.875   55.065993   54.759008   55.361500   19.870740   19.661613   20.075767   21.266615   21.256456   21.282205     74.649168     73.893625     75.433374
 0.876   55.061490   54.754680   55.358365   19.867644   19.658692   20.073572   21.265039   21.254865   21.280644     74.675142     73.915914     75.459067
 0.877   55.056996   54.750355   55.355212   19.864555   19.655774   20.071366   21.263466   21.253278   21.279086     74.701072     73.938226     75.484733
 0.878   55.052511   54.746029   55.352028   19.861474   19.652856   20.069138   21.261897   21.251694   21.277532     74.726958     73.960599     75.510381
 0.879   55.048035   54.741696   55.348795   19.858400   19.649935   20.066876   21.260332   21.250113   21.275982     74.752799     73.983074     75.536024
 0.880   55.043569   54.737352   55.345502   19.855333   19.647006   20.064573   21.258770   21.248536   21.274435     74.778596     74.005683     75.561675
 0.881   55.039112   54.732996   55.342145   19.852273   19.644070   20.062225   21.257212   21.246963   21.272891     74.804350     74.028437     75.587340
 0.882   55.034664   54.728627   55.338728   19.849219   19.641127   20.059836   21.255657   21.245393   21.271351     74.830062     74.051324     75.613017
 0.883   55.030224   54.724249   55.335267   19.846172   19.638178   20.057416   21.254105   21.243826   21.269814     74.855734     74.074307     75.638699
 0.884   55.025792   54.719866   55.331778   19.843133   19.635227   20.054978   21.252557   21.242262   21.268279     74.881369     74.097343     75.664376
 0.885   55.021368   54.715483   55.328273   19.840098   19.632275   20.052528   21.251011   21.240701   21.266748     74.906970     74.120406     75.690041
 0.886   55.016950   54.711102   55.324752   19.837069   19.629326   20.050069   21.249468   21.239143   21.265220     74.932542     74.143495     75.715687
 0.887   55.012538   54.706723   55.321209   19.834046   19.626380   20.047594   21.247927   21.237587   21.263693     74.958087     74.166632     75.741316
 0.888   55.008132   54.702345   55.317626   19.831026   19.623435   20.045093   21.246388   21.236033   21.262169     74.983611     74.189862     75.766936
 0.889   55.003730   54.697964   55.313984   19.828010   19.620488   20.042550   21.244851   21.234481   21.260647     75.009119     74.213237     75.792559
 0.890   54.999331   54.693575   55.310267   19.824998   19.617537   20.039955   21.243316   21.232930   21.259126     75.034616     74.236806     75.818201
 0.891   54.994935   54.689176   55.306467   19.821987   19.614579   20.037304   21.241782   21.231381   21.257606     75.060107     74.260587     75.843869
 0.892   54.990541   54.684766   55.302590   19.818980   19.611616   20.034599   21.240248   21.229832   21.256087     75.085599     74.284573     75.869568
 0.893   54.986147   54.680347   55.298649   19.815972   19.608648   20.031850   21.238716   21.228284   21.254568     75.111097     74.308727     75.895301
 0.894   54.981752   54.675920   55.294664   19.812966   19.605674   20.029072   21.237183   21.226736   21.253050     75.136608     74.333007     75.921066
 0.895   54.977356   54.671486   55.290649   19.809959   19.602696   20.026272   21.235649   21.225187   21.251531     75.162136     74.357380     75.946861
 0.896   54.972957   54.667047   55.286608   19.806951   19.599717   20.023456   21.234116   21.223638   21.250012     75.187688     74.381833     75.972686
 0.897   54.968555   54.662606   55.282541   19.803942   19.596736   20.020621   21.232581   21.222088   21.248491     75.213268     74.406375     75.998537
 0.898   54.964149   54.658162   55.278434   19.800930   19.593755   20.017760   21.231045   21.220537   21.246970     75.238882     74.431042     76.024419
 0.899   54.959738   54.653714   55.274269   19.797916   19.590770   20.014860   21.229508   21.218984   21.245447     75.264534     74.455882     76.050338
 0.900   54.955321   54.649259   55.270030   19.794899   19.587783   20.011908   21.227969   21.217429   21.243922     75.290230     74.480941     76.076301
 0.901   54.950897   54.644797   55.265712   19.791879   19.584792   20.008902   21.226428   21.215873   21.242396     75.315972     74.506237     76.102314
 0.902   54.946466   54.640327   55.261316   19.788853   19.581796   20.005843   21.224885   21.214314   21.240867     75.341765     74.531764     76.128381
 0.903   54.942028   54.635848   55.256854   19.785823   19.578795   20.002739   21.223339   21.212753   21.239336     75.367613     74.557495     76.154507
 0.904   54.937581   54.631359   55.252342   19.782790   19.575788   19.999600   21.221791   21.211189   21.237802     75.393520     74.583394     76.180694
 0.905   54.933125   54.626860   55.247793   19.779750   19.572775   19.996437   21.220239   21.209622   21.236265     75.419489     74.609426     76.206946
 0.906   54.928659   54.622352   55.243219   19.776704   19.569757   19.993258   21.218685   21.208052   21.234726     75.445524     74.635563     76.233263
 0.907   54.924183   54.617836   55.238624   19.773653   19.566734   19.990064   21.217127   21.206479   21.233182     75.471628     74.661798     76.259647
 0.908   54.919696   54.613311   55.234004   19.770594   19.563706   19.986854   21.215566   21.204902   21.231636     75.497806     74.688142     76.286097
 0.909   54.915197   54.608778   55.229348   19.767529   19.560673   19.983621   21.214001   21.203322   21.230086     75.524060     74.714624     76.312615
 0.910   54.910687   54.604236   55.224645   19.764456   19.557637   19.980356   21.212433   21.201737   21.228532     75.550393     74.741277     76.339203
 0.911   54.906164   54.599686   55.219891   19.761376   19.554594   19.977055   21.210860   21.200149   21.226974     75.576809     74.768112     76.365865
 0.912   54.901628   54.595127   55.215086   19.758288   19.551547   19.973721   21.209283   21.198556   21.225411     75.603310     74.795131     76.392605
 0.913   54.897079   54.590556   55.210233   19.755191   19.548492   19.970355   21.207702   21.196959   21.223845     75.629900     74.822326     76.419427
 0.914   54.892515   54.585972   55.205340   19.752086   19.545430   19.966961   21.206116   21.195357   21.222274     75.656581     74.849682     76.446338
 0.915   54.887937   54.581375   55.200416   19.748971   19.542360   19.963547   21.204525   21.193750   21.220698     75.683358     74.877175     76.473342
 0.916   54.883345   54.576765   55.195472   19.745848   19.539281   19.960120   21.202929   21.192139   21.219117     75.710232     74.904778     76.500441
 0.917   54.878736   54.572141   55.190519   19.742714   19.536194   19.956687   21.201329   21.190522   21.217532     75.737207     74.932466     76.527636
 0.918   54.874112   54.567504   55.185560   19.739571   19.533101   19.953252   21.199723   21.188900   21.215941     75.764287     74.960231     76.554927
 0.919   54.869470   54.562855   55.180595   19.736416   19.529999   19.949814   21.198111   21.187273   21.214344     75.791474     74.988075     76.582314
 0.920   54.864812   54.558196   55.175622   19.733252   19.526891   19.946372   21.196494   21.185639   21.212742     75.818771     75.016007     76.609796
 0.921   54.860136   54.553525   55.170638   19.730076   19.523777   19.942922   21.194871   21.184000   21.211134     75.846182     75.044033     76.637377
 0.922   54.855442   54.548842   55.165642   19.726890   19.520655   19.939465   21.193242   21.182355   21.209521     75.873709     75.072158     76.665058
 0.923   54.850730   54.544146   55.160631   19.723691   19.517526   19.936000   21.191607   21.180704   21.207901     75.901354     75.100394     76.692845
 0.924   54.845999   54.539434   55.155602   19.720481   19.514388   19.932522   21.189966   21.179047   21.206275     75.929119     75.128749     76.720743
 0.925   54.841249   54.534707   55.150555   19.717259   19.511239   19.929033   21.188319   21.177383   21.204643     75.957007     75.157223     76.748759
 0.926   54.836480   54.529960   55.145493   19.714024   19.508079   19.925535   21.186665   21.175713   21.203005     75.985019     75.185808     76.776896
 0.927   54.831691   54.525195   55.140423   19.710777   19.504907   19.922033   21.185005   21.174037   21.201360     76.013157     75.214490     76.805159
 0.928   54.826883   54.520411   55.135350   19.707518   19.501723   19.918531   21.183338   21.172354   21.199709     76.041421     75.243252     76.833547
 0.929   54.822054   54.515608   55.130281   19.704246   19.498527   19.915031   21.181665   21.170664   21.198052     76.069812     75.272080     76.862062
 0.930   54.817207   54.510787   55.125219   19.700963   19.495321   19.911537   21.179985   21.168968   21.196388     76.098330     75.300965     76.890700
 0.931   54.812339   54.505948   55.120166   19.697666   19.492104   19.908050   21.178299   21.167265   21.194717     76.126976     75.329902     76.919460
 0.932   54.807452   54.501091   55.115121   19.694357   19.488877   19.904570   21.176606   21.165556   21.193040     76.155747     75.358895     76.948342
 0.933   54.802545   54.496218   55.110078   19.691037   19.485638   19.901094   21.174907   21.163841   21.191357     76.184644     75.387953     76.977344
 0.934   54.797620   54.491328   55.105034   19.687704   19.482389   19.897617   21.173202   21.162119   21.189668     76.213664     75.417089     77.006465
 0.935   54.792676   54.486420   55.099983   19.684360   19.479130   19.894135   21.171491   21.160391   21.187973     76.242804     75.446317     77.035704
 0.936   54.787714   54.481494   55.094918   19.681005   19.475860   19.890646   21.169774   21.158657   21.186271     76.272063     75.475648     77.065063
 0.937   54.782735   54.476549   55.089839   19.677639   19.472577   19.887148   21.168051   21.156917   21.184565     76.301436     75.505086     77.094540
 0.938   54.777739   54.471585   55.084746   19.674262   19.469285   19.883642   21.166323   21.155172   21.182852     76.330920     75.534628     77.124134
 0.939   54.772727   54.466603   55.079642   19.670876   19.465979   19.880129   21.164589   21.153422   21.181135     76.360510     75.564260     77.153843
 0.940   54.767700   54.461603   55.074533   19.667481   19.462663   19.876614   21.162851   21.151667   21.179413     76.390201     75.593968     77.183661
 0.941   54.762659   54.456585   55.069420   19.664077   19.459338   19.873097   21.161108   21.149907   21.177686     76.419988     75.623744     77.213583
 0.942   54.757604   54.451552   55.064304   19.660665   19.456002   19.869579   21.159361   21.148143   21.175956     76.449864     75.653581     77.243602
 0.943   54.752538   54.446505   55.059186   19.657247   19.452658   19.866061   21.157610   21.146375   21.174221     76.479823     75.683478     77.273709
 0.944   54.747461   54.441446   55.054063   19.653823   19.449307   19.862540   21.155856   21.144604   21.172483     76.509858     75.713432     77.303895
 0.945   54.742375   54.436377   55.048936   19.650392   19.445952   19.859018   21.154099   21.142830   21.170743     76.539960     75.743443     77.334152
 0.946   54.737281   54.431299   55.043802   19.646958   19.442590   19.855492   21.152340   21.141054   21.169000     76.570122     75.773508     77.364471
 0.947   54.732180   54.426213   55.038661   19.643521   19.439224   19.851964   21.150579   21.139276   21.167255     76.600335     75.803624     77.394847
 0.948   54.727074   54.421119   55.033516   19.640080   19.435854   19.848432   21.148816   21.137496   21.165509     76.630590     75.833782     77.425272
 0.949   54.721965   54.416017   55.028367   19.636639   19.432480   19.844899   21.147053   21.135715   21.163761     76.660878     75.863973     77.455741
 0.950   54.716854   54.410909   55.023218   19.633197   19.429103   19.841368   21.145289   21.133935   21.162014     76.691191     75.894183     77.486245
 0.951   54.711742   54.405796   55.018071   19.629757   19.425724   19.837838   21.143526   21.132154   21.160267     76.721517     75.924402     77.516777
 0.952   54.706632   54.400680   55.012927   19.626319   19.422344   19.834312   21.141763   21.130374   21.158521     76.751849     75.954621     77.547325
 0.953   54.701525   54.395563   55.007787   19.622882   19.418964   19.830790   21.140002   21.128596   21.156776     76.782175     75.984832     77.577879
 0.954   54.696423   54.390448   55.002652   19.619451   19.415586   19.827272   21.138243   21.126820   21.155033     76.812485     76.015027     77.608424
 0.955   54.691327   54.385337   54.997524   19.616026   19.412212   19.823759   21.136486   21.125046   21.153292     76.842771     76.045197     77.638948
 0.956   54.686239   54.380234   54.992404   19.612606   19.408845   19.820256   21.134732   21.123276   21.151555     76.873022     76.075328     77.669440
 0.957   54.681160   54.375139   54.987297   19.609193   19.405484   19.816760   21.132982   21.121509   21.149821     76.903227     76.105409     77.699889
 0.958   54.676093   54.370055   54.982206   19.605790   19.402131   19.813276   21.131237   21.119746   21.148092     76.933379     76.135425     77.730286
 0.959   54.671039   54.364981   54.977132   19.602396   19.398785   19.809805   21.129496   21.117988   21.146367     76.963466     76.165364     77.760623
 0.960   54.665999   54.359920   54.972078   19.599013   19.395449   19.806350   21.127760   21.116236   21.144647     76.993481     76.195214     77.790892
 0.961   54.660975   54.354872   54.967048   19.595641   19.392123   19.802911   21.126030   21.114490   21.142934     77.023412     76.224965     77.821086
 0.962   54.655968   54.349839   54.962040   19.592283   19.388808   19.799489   21.124307   21.112750   21.141226     77.053253     76.254610     77.851194
 0.963   54.650980   54.344822   54.957056   19.588937   19.385505   19.796085   21.122590   21.111016   21.139525     77.082993     76.284143     77.881207
 0.964   54.646012   54.339824   54.952096   19.585606   19.382214   19.792696   21.120881   21.109290   21.137832     77.112625     76.313559     77.911115
 0.965   54.641066   54.334847   54.947159   19.582291   19.378939   19.789326   21.119179   21.107572   21.136146     77.142141     76.342854     77.940909
 0.966   54.636143   54.329892   54.942247   19.578992   19.375678   19.785973   21.117486   21.105863   21.134468     77.171532     76.372021     77.970579
 0.967   54.631243   54.324960   54.937360   19.575710   19.372434   19.782639   21.115801   21.104162   21.132799     77.200792     76.401053     78.000118
 0.968   54.626369   54.320052   54.932501   19.572446   19.369207   19.779324   21.114125   21.102470   21.131139     77.229913     76.429941     78.029521
 0.969   54.621521   54.315169   54.927672   19.569200   19.365997   19.776031   21.112459   21.100787   21.129488     77.258888     76.458675     78.058781
 0.970   54.616701   54.310312   54.922875   19.565974   19.362805   19.772761   21.110802   21.099114   21.127846     77.287711     76.487245     78.087894
 0.971   54.611908   54.305480   54.918112   19.562768   19.359631   19.769515   21.109156   21.097452   21.126215     77.316377     76.515644     78.116854
 0.972   54.607145   54.300675   54.913383   19.559581   19.356475   19.766293   21.107519   21.095800   21.124594     77.344878     76.543868     78.145654
 0.973   54.602412   54.295899   54.908688   19.556416   19.353339   19.763094   21.105894   21.094158   21.122983     77.373210     76.571911     78.174289
 0.974   54.597710   54.291153   54.904028   19.553273   19.350223   19.759921   21.104279   21.092528   21.121383     77.401369     76.599773     78.202751
 0.975   54.593040   54.286437   54.899401   19.550151   19.347129   19.756772   21.102675   21.090909   21.119794     77.429348     76.627452     78.231036
 0.976   54.588402   54.281753   54.894807   19.547053   19.344056   19.753645   21.101083   21.089302   21.118217     77.457145     76.654947     78.259139
 0.977   54.583796   54.277101   54.890246   19.543976   19.341005   19.750541   21.099502   21.087706   21.116651     77.484756     76.682259     78.287056
 0.978   54.579224   54.272482   54.885716   19.540923   19.337975   19.747460   21.097933   21.086122   21.115097     77.512176     76.709385     78.314785
 0.979   54.574686   54.267895   54.881220   19.537894   19.334968   19.744402   21.096376   21.084550   21.113554     77.539404     76.736323     78.342324
 0.980   54.570182   54.263340   54.876757   19.534888   19.331983   19.741369   21.094832   21.082990   21.112023     77.566436     76.763067     78.369671
 0.981   54.565713   54.258817   54.872328   19.531905   19.329020   19.738358   21.093299   21.081442   21.110505     77.593269     76.789616     78.396824
 0.982   54.561279   54.254327   54.867934   19.528947   19.326079   19.735373   21.091778   21.079907   21.108998     77.619904     76.815968     78.423783
 0.983   54.556880   54.249871   54.863574   19.526014   19.323161   19.732411   21.090270   21.078384   21.107504     77.646337     76.842120     78.450543
 0.984   54.552515   54.245449   54.859250   19.523104   19.320267   19.729475   21.088774   21.076874   21.106022     77.672568     76.868072     78.477103
 0.985   54.548186   54.241061   54.854961   19.520219   19.317395   19.726563   21.087290   21.075376   21.104552     77.698598     76.893823     78.503462
 0.986   54.543893   54.236707   54.850707   19.517358   19.314546   19.723675   21.085819   21.073890   21.103094     77.724424     76.919374     78.529619
 0.987   54.539634   54.232389   54.846487   19.514520   19.311721   19.720811   21.084360   21.072417   21.101648     77.750049     76.944726     78.555572
 0.988   54.535410   54.228105   54.842300   19.511708   19.308920   19.717972   21.082913   21.070957   21.100215     77.775472     76.969882     78.581324
 0.989   54.531221   54.223855   54.838147   19.508918   19.306141   19.715154   21.081478   21.069508   21.098793     77.800694     76.994843     78.606876
 0.990   54.527067   54.219639   54.834026   19.506152   19.303385   19.712360   21.080056   21.068072   21.097384     77.825717     77.019611     78.632230
 0.991   54.522946   54.215455   54.829937   19.503410   19.300651   19.709588   21.078645   21.066647   21.095986     77.850544     77.044190     78.657389
 0.992   54.518860   54.211305   54.825880   19.500691   19.297939   19.706838   21.077246   21.065235   21.094600     77.875176     77.068580     78.682355
 0.993   54.514806   54.207186   54.821854   19.497994   19.295250   19.704111   21.075859   21.063834   21.093226     77.899617     77.092785     78.707132
 0.994   54.510785   54.203098   54.817859   19.495320   19.292580   19.701404   21.074482   21.062445   21.091862     77.923871     77.116808     78.731723
 0.995   54.506795   54.199042   54.813895   19.492667   19.289932   19.698719   21.073117   21.061066   21.090510     77.947942     77.140650     78.756132
 0.996   54.502836   54.195017   54.809961   19.490036   19.287305   19.696057   21.071763   21.059699   21.089168     77.971835     77.164318     78.780361
 0.997   54.498906   54.191022   54.806057   19.487424   19.284698   19.693413   21.070419   21.058342   21.087836     77.995557     77.187816     78.804416
 0.998   54.495006   54.187057   54.802180   19.484833   19.282111   19.690790   21.069085   21.056995   21.086515     78.019113     77.211151     78.828300
 0.999   54.491133   54.183121   54.798331   19.482260   19.279545   19.688185   21.067761   21.055658   21.085202     78.042510     77.234331     78.852020
 1.000   54.487286   54.179213   54.794506   19.479705   19.276997   19.685598   21.066445   21.054330   21.083899     78.065756     77.257364     78.875583
 1.001   54.483464   54.175333   54.790705   19.477168   19.274467   19.683027   21.065139   21.053011   21.082605     78.088859     77.280257     78.898996
 1.002   54.479666   54.171477   54.786926   19.474646   19.271954   19.680472   21.063841   21.051701   21.081319     78.111826     77.303020     78.922268
 1.003   54.475890   54.167645   54.783168   19.472140   19.269457   19.677931   21.062550   21.050398   21.080040     78.134665     77.325659     78.945409
 1.004   54.472134   54.163835   54.779430   19.469648   19.266974   19.675405   21.061267   21.049102   21.078769     78.157386     77.348183     78.968429
 1.005   54.468398   54.160044   54.775711   19.467170   19.264505   19.672893   21.059991   21.047814   21.077505     78.179997     77.370599     78.991337
 1.006   54.464680   54.156272   54.772010   19.464704   19.262048   19.670392   21.058721   21.046532   21.076246     78.202508     77.392915     79.014141
 1.007   54.460978   54.152517   54.768324   19.462250   19.259603   19.667903   21.057457   21.045255   21.074994     78.224926     77.415141     79.036851
 1.008   54.457291   54.148778   54.764653   19.459806   19.257171   19.665423   21.056198   21.043984   21.073746     78.247260     77.437285     79.059471
 1.009   54.453618   54.145056   54.760995   19.457371   19.254748   19.662954   21.054943   21.042718   21.072504     78.269520     77.459356     79.082011
 1.010   54.449956   54.141348   54.757348   19.454944   19.252336   19.660492   21.053693   21.041456   21.071266     78.291713     77.481363     79.104477
 1.011   54.446306   54.137653   54.753711   19.452526   19.249932   19.658038   21.052447   21.040198   21.070031     78.313849     77.503316     79.126877
 1.012   54.442664   54.133971   54.750082   19.450114   19.247538   19.655590   21.051205   21.038943   21.068800     78.335934     77.525220     79.149220
 1.013   54.439031   54.130298   54.746460   19.447708   19.245149   19.653148   21.049965   21.037691   21.067571     78.357978     77.547085     79.171515
 1.014   54.435404   54.126634   54.742846   19.445307   19.242768   19.650710   21.048728   21.036442   21.066345     78.379987     77.568916     79.193772
 1.015   54.431783   54.122976   54.739236   19.442910   19.240390   19.648276   21.047492   21.035195   21.065122     78.401970     77.590722     79.215999
 1.016   54.428166   54.119323   54.735630   19.440516   19.238017   19.645846   21.046259   21.033949   21.063899     78.423933     77.612509     79.238205
 1.017   54.424551   54.115674   54.732027   19.438125   19.235647   19.643417   21.045026   21.032705   21.062678     78.445885     77.634287     79.260396
 1.018   54.420939   54.112029   54.728424   19.435735   19.233279   19.640989   21.043794   21.031462   21.061458     78.467832     77.656062     79.282577
 1.019   54.417328   54.108388   54.724820   19.433347   19.230914   19.638562   21.042563   21.030219   21.060238     78.489780     77.677844     79.304753
 1.020   54.413716   54.104749   54.721214   19.430959   19.228553   19.636134   21.041332   21.028976   21.059018     78.511736     77.699639     79.326928
 1.021   54.410104   54.101113   54.717605   19.428571   19.226192   19.633704   21.040101   21.027733   21.057798     78.533706     77.721452     79.349107
 1.022   54.406489   54.097478   54.713993   19.426182   19.223833   19.631272   21.038869   21.026489   21.056578     78.555695     77.743290     79.371298
 1.023   54.402871   54.093842   54.710375   19.423792   19.221475   19.628837   21.037636   21.025244   21.055357     78.577709     77.765155     79.393507
 1.024   54.399249   54.090204   54.706754   19.421399   19.219114   19.626400   21.036402   21.023999   21.054134     78.599751     77.787052     79.415741
 1.025   54.395624   54.086562   54.703127   19.419003   19.216753   19.623960   21.035167   21.022752   21.052911     78.621827     77.808983     79.438006
 1.026   54.391993   54.082917   54.699494   19.416606   19.214390   19.621517   21.033931   21.021503   21.051686     78.643940     77.830953     79.460306
 1.027   54.388356   54.079268   54.695855   19.414205   19.212024   19.619069   21.032692   21.020253   21.050459     78.666095     77.852967     79.482641
 1.028   54.384713   54.075616   54.692208   19.411801   19.209657   19.616617   21.031452   21.019001   21.049230     78.688294     77.875030     79.505013
 1.029   54.381063   54.071962   54.688551   19.409392   19.207290   19.614160   21.030210   21.017746   21.047999     78.710540     77.897146     79.527420
 1.030   54.377407   54.068306   54.684885   19.406979   19.204921   19.611697   21.028965   21.016490   21.046766     78.732837     77.919320     79.549864
 1.031   54.373742   54.064649   54.681208   19.404563   19.202552   19.609226   21.027718   21.015231   21.045530     78.755187     77.941554     79.572345
 1.032   54.370070   54.060989   54.677521   19.402141   19.200182   19.606749   21.026468   21.013969   21.044292     78.777590     77.963850     79.594867
 1.033   54.366390   54.057324   54.673823   19.399714   19.197810   19.604266   21.025216   21.012705   21.043052     78.800049     77.986206     79.617434
 1.034   54.362702   54.053655   54.670116   19.397284   19.195435   19.601777   21.023962   21.011439   21.041808     78.822564     78.008621     79.640050
 1.035   54.359006   54.049979   54.666400   19.394847   19.193055   19.599282   21.022704   21.010169   21.040563     78.845136     78.031095     79.662719
 1.036   54.355302   54.046296   54.662675   19.392406   19.190673   19.596783   21.021445   21.008898   21.039315     78.867764     78.053628     79.685439
 1.037   54.351589   54.042609   54.658941   19.389960   19.188288   19.594277   21.020182   21.007623   21.038064     78.890448     78.076220     79.708208
 1.038   54.347869   54.038918   54.655196   19.387510   19.185901   19.591765   21.018917   21.006346   21.036811     78.913187     78.098873     79.731021
 1.039   54.344141   54.035225   54.651441   19.385056   19.183514   19.589246   21.017650   21.005067   21.035555     78.935981     78.121587     79.753872
 1.040   54.340405   54.031532   54.647675   19.382597   19.181126   19.586721   21.016381   21.003785   21.034297     78.958828     78.144363     79.776757
 1.041   54.336662   54.027840   54.643898   19.380133   19.178740   19.584189   21.015109   21.002501   21.033037     78.981726     78.167201     79.799672
 1.042   54.332913   54.024149   54.640110   19.377665   19.176355   19.581651   21.013835   21.001215   21.031775     79.004673     78.190096     79.822616
 1.043   54.329157   54.020457   54.636313   19.375194   19.173970   19.579106   21.012559   20.999927   21.030510     79.027665     78.213045     79.845590
 1.044   54.325395   54.016763   54.632508   19.372720   19.171585   19.576558   21.011281   20.998637   21.029244     79.050701     78.236043     79.868596
 1.045   54.321627   54.013067   54.628697   19.370242   19.169198   19.574005   21.010001   20.997345   21.027977     79.073777     78.259083     79.891634
 1.046   54.317856   54.009369   54.624880   19.367762   19.166810   19.571449   21.008720   20.996052   21.026708     79.096888     78.282162     79.914703
 1.047   54.314080   54.005668   54.621058   19.365281   19.164422   19.568890   21.007438   20.994758   21.025438     79.120030     78.305274     79.937799
 1.048   54.310301   54.001967   54.617231   19.362798   19.162033   19.566329   21.006156   20.993462   21.024166     79.143200     78.328418     79.960914
 1.049   54.306519   53.998267   54.613399   19.360313   19.159647   19.563765   21.004872   20.992167   21.022895     79.166393     78.351590     79.984041
 1.050   54.302736   53.994571   54.609563   19.357828   19.157262   19.561199   21.003588   20.990871   21.021623     79.189603     78.374787     80.007170
 1.051   54.298951   53.990881   54.605723   19.355343   19.154883   19.558630   21.002304   20.989574   21.020350     79.212826     78.398005     80.030296
 1.052   54.295167   53.987196   54.601880   19.352858   19.152508   19.556061   21.001020   20.988278   21.019078     79.236056     78.421239     80.053413
 1.053   54.291384   53.983518   54.598035   19.350375   19.150136   19.553490   20.999737   20.986983   21.017807     79.259287     78.444481     80.076518
 1.054   54.287602   53.979845   54.594190   19.347893   19.147769   19.550920   20.998454   20.985688   21.016536     79.282514     78.467725     80.099608
 1.055   54.283824   53.976177   54.590346   19.345414   19.145406   19.548351   20.997173   20.984394   21.015266     79.305731     78.490961     80.122680
 1.056   54.280049   53.972514   54.586506   19.342938   19.143046   19.545786   20.995893   20.983102   21.013998     79.328930     78.514182     80.145733
 1.057   54.276280   53.968857   54.582671   19.340465   19.140690   19.543225   20.994615   20.981812   21.012732     79.352106     78.537378     80.168762
 1.058   54.272516   53.965205   54.578843   19.337997   19.138339   19.540669   20.993340   20.980524   21.011468     79.375252     78.560543     80.191762
 1.059   54.268760   53.961560   54.575023   19.335536   19.135993   19.538119   20.992067   20.979239   21.010206     79.398361     78.583670     80.214723
 1.060   54.265012   53.957925   54.571212   19.333079   19.133654   19.535575   20.990796   20.977957   21.008948     79.421427     78.606753     80.237638
 1.061   54.261273   53.954300   54.567410   19.330629   19.131320   19.533037   20.989530   20.976678   21.007693     79.444442     78.629785     80.260500
 1.062   54.257544   53.950687   54.563618   19.328186   19.128996   19.530508   20.988267   20.975403   21.006441     79.467401     78.652761     80.283301
 1.063   54.253827   53.947086   54.559838   19.325752   19.126680   19.527987   20.987008   20.974132   21.005194     79.490297     78.675673     80.306034
 1.064   54.250122   53.943500   54.556070   19.323326   19.124374   19.525474   20.985753   20.972866   21.003951     79.513122     78.698517     80.328692
 1.065   54.246432   53.939928   54.552315   19.320909   19.122077   19.522971   20.984503   20.971604   21.002712     79.535869     78.721285     80.351271
 1.066   54.242755   53.936370   54.548576   19.318504   19.119790   19.520479   20.983259   20.970348   21.001479     79.558534     78.743968     80.373766
 1.067   54.239095   53.932827   54.544854   19.316108   19.117512   19.517999   20.982020   20.969097   21.000251     79.581109     78.766558     80.396175
 1.068   54.235451   53.929297   54.541152   19.313724   19.115245   19.515532   20.980786   20.967852   20.999029     79.603588     78.789046     80.418494
 1.069   54.231824   53.925782   54.537470   19.311352   19.112987   19.513079   20.979559   20.966613   20.997813     79.625965     78.811424     80.440720
 1.070   54.228216   53.922282   54.533810   19.308993   19.110739   19.510642   20.978338   20.965381   20.996603     79.648234     78.833685     80.462846
 1.071   54.224628   53.918797   54.530174   19.306647   19.108501   19.508221   20.977124   20.964155   20.995400     79.670391     78.855823     80.484869
 1.072   54.221060   53.915330   54.526562   19.304313   19.106275   19.505817   20.975917   20.962937   20.994204     79.692430     78.877834     80.506782
 1.073   54.217512   53.911881   54.522973   19.301995   19.104061   19.503428   20.974717   20.961726   20.993015     79.714346     78.899716     80.528577
 1.074   54.213986   53.908452   54.519408   19.299691   19.101860   19.501056   20.973525   20.960522   20.991834     79.736136     78.921467     80.550247
 1.075   54.210482   53.905045   54.515866   19.297402   19.099674   19.498699   20.972340   20.959326   20.990660     79.757793     78.943084     80.571788
 1.076   54.207002   53.901659   54.512349   19.295129   19.097502   19.496360   20.971164   20.958138   20.989494     79.779316     78.964564     80.593197
 1.077   54.203544   53.898294   54.508856   19.292871   19.095344   19.494037   20.969995   20.956959   20.988335     79.800700     78.985900     80.614473
 1.078   54.200111   53.894948   54.505391   19.290629   19.093199   19.491734   20.968835   20.955787   20.987185     79.821942     79.007088     80.635617
 1.079   54.196702   53.891621   54.501954   19.288405   19.091066   19.489449   20.967683   20.954624   20.986044     79.843040     79.028121     80.656632
 1.080   54.193317   53.888313   54.498547   19.286196   19.088944   19.487185   20.966539   20.953470   20.984911     79.863991     79.048995     80.677516
 1.081   54.189957   53.885021   54.495170   19.284003   19.086835   19.484941   20.965404   20.952324   20.983786     79.884794     79.069707     80.698271
 1.082   54.186623   53.881749   54.491823   19.281829   19.084739   19.482718   20.964278   20.951187   20.982670     79.905447     79.090256     80.718893
 1.083   54.183314   53.878496   54.488506   19.279670   19.082655   19.480514   20.963160   20.950059   20.981562     79.925950     79.110645     80.739378
 1.084   54.180029   53.875266   54.485216   19.277528   19.080586   19.478331   20.962051   20.948939   20.980463     79.946302     79.130877     80.759719
 1.085   54.176770   53.872058   54.481954   19.275404   19.078531   19.476165   20.960950   20.947829   20.979372     79.966503     79.150953     80.779915
 1.086   54.173536   53.868873   54.478718   19.273295   19.076492   19.474018   20.959858   20.946727   20.978290     79.986554     79.170878     80.799966
 1.087   54.170327   53.865710   54.475508   19.271204   19.074467   19.471887   20.958775   20.945633   20.977217     80.006457     79.190651     80.819876
 1.088   54.167143   53.862566   54.472325   19.269129   19.072456   19.469775   20.957700   20.944548   20.976152     80.026212     79.210273     80.839651
 1.089   54.163983   53.859440   54.469168   19.267070   19.070455   19.467681   20.956634   20.943471   20.975095     80.045822     79.229744     80.859298
 1.090   54.160846   53.856329   54.466039   19.265027   19.068464   19.465605   20.955575   20.942403   20.974046     80.065289     79.249064     80.878824
 1.091   54.157733   53.853232   54.462937   19.263000   19.066484   19.463548   20.954525   20.941343   20.973005     80.084616     79.268234     80.898235
 1.092   54.154643   53.850150   54.459861   19.260988   19.064512   19.461508   20.953482   20.940291   20.971972     80.103807     79.287259     80.917530
 1.093   54.151575   53.847083   54.456811   19.258991   19.062551   19.459486   20.952448   20.939246   20.970946     80.122864     79.306142     80.936711
 1.094   54.148529   53.844032   54.453785   19.257008   19.060600   19.457482   20.951420   20.938209   20.969928     80.141792     79.324890     80.955774
 1.095   54.145503   53.840999   54.450781   19.255039   19.058662   19.455491   20.950400   20.937179   20.968917     80.160595     79.343509     80.974721
 1.096   54.142497   53.837984   54.447798   19.253084   19.056735   19.453515   20.949386   20.936156   20.967912     80.179279     79.362009     80.993553
 1.097   54.139511   53.834986   54.444834   19.251140   19.054819   19.451551   20.948379   20.935139   20.966915     80.197848     79.380395     81.012276
 1.098   54.136543   53.832003   54.441887   19.249210   19.052913   19.449600   20.947379   20.934129   20.965923     80.216307     79.398676     81.030898
 1.099   54.133593   53.829032   54.438957   19.247292   19.051016   19.447659   20.946384   20.933125   20.964937     80.234662     79.416855     81.049428
 1.100   54.130658   53.826071   54.436042   19.245384   19.049125   19.445730   20.945395   20.932127   20.963957     80.252918     79.434938     81.067879
 1.101   54.127740   53.823118   54.433142   19.243487   19.047238   19.443810   20.944412   20.931134   20.962983     80.271082     79.452932     81.086256
 1.102   54.124836   53.820173   54.430257   19.241600   19.045358   19.441900   20.943433   20.930147   20.962013     80.289161     79.470842     81.104566
 1.103   54.121945   53.817235   54.427384   19.239720   19.043483   19.439999   20.942459   20.929164   20.961048     80.307159     79.488674     81.122812
 1.104   54.119067   53.814305   54.424523   19.237850   19.041613   19.438106   20.941490   20.928185   20.960087     80.325085     79.506434     81.140997
 1.105   54.116200   53.811383   54.421674   19.235988   19.039749   19.436221   20.940524   20.927210   20.959130     80.342946     79.524129     81.159123
 1.106   54.113344   53.808471   54.418834   19.234133   19.037890   19.434343   20.939562   20.926239   20.958177     80.360747     79.541767     81.177193
 1.107   54.110496   53.805566   54.416003   19.232283   19.036038   19.432471   20.938603   20.925271   20.957226     80.378497     79.559353     81.195213
 1.108   54.107656   53.802669   54.413180   19.230439   19.034190   19.430605   20.937646   20.924305   20.956278     80.396202     79.576896     81.213190
 1.109   54.104822   53.799778   54.410362   19.228600   19.032346   19.428742   20.936692   20.923342   20.955333     80.413869     79.594404     81.231133
 1.110   54.101995   53.796889   54.407550   19.226765   19.030504   19.426883   20.935740   20.922381   20.954390     80.431505     79.611882     81.249051
 1.111   54.099172   53.794002   54.404741   19.224932   19.028664   19.425027   20.934790   20.921422   20.953448     80.449118     79.629339     81.266953
 1.112   54.096352   53.791115   54.401935   19.223103   19.026824   19.423173   20.933841   20.920464   20.952507     80.466713     79.646781     81.284846
 1.113   54.093534   53.788229   54.399131   19.221275   19.024984   19.421321   20.932893   20.919507   20.951568     80.484298     79.664215     81.302735
 1.114   54.090718   53.785341   54.396327   19.219448   19.023144   19.419468   20.931945   20.918550   20.950628     80.501880     79.681647     81.320627
 1.115   54.087902   53.782452   54.393523   19.217622   19.021304   19.417616   20.930998   20.917594   20.949690     80.519463     79.699082     81.338524
 1.116   54.085086   53.779563   54.390718   19.215795   19.019464   19.415765   20.930050   20.916638   20.948750     80.537055     79.716525     81.356431
 1.117   54.082267   53.776673   54.387912   19.213968   19.017623   19.413912   20.929102   20.915681   20.947811     80.554662     79.733982     81.374348
 1.118   54.079446   53.773783   54.385104   19.212140   19.015783   19.412059   20.928153   20.914723   20.946871     80.572288     79.751457     81.392280
 1.119   54.076622   53.770891   54.382294   19.210309   19.013942   19.410205   20.927203   20.913764   20.945929     80.589941     79.768954     81.410232
 1.120   54.073793   53.767998   54.379480   19.208476   19.012101   19.408347   20.926252   20.912804   20.944987     80.607624     79.786480     81.428207
 1.121   54.070960   53.765103   54.376663   19.206640   19.010258   19.406489   20.925299   20.911842   20.944042     80.625343     79.804039     81.446211
 1.122   54.068120   53.762204   54.373840   19.204801   19.008414   19.404627   20.924345   20.910878   20.943096     80.643104     79.821636     81.464251
 1.123   54.065274   53.759300   54.371012   19.202957   19.006566   19.402762   20.923388   20.909913   20.942148     80.660910     79.839276     81.482332
 1.124   54.062420   53.756390   54.368177   19.201109   19.004715   19.400892   20.922429   20.908944   20.941198     80.678766     79.856964     81.500460
 1.125   54.059558   53.753472   54.365334   19.199257   19.002860   19.399018   20.921467   20.907974   20.940244     80.696677     79.874706     81.518642
 1.126   54.056688   53.750547   54.362482   19.197397   19.000999   19.397138   20.920502   20.907000   20.939288     80.714648     79.892506     81.536881
 1.127   54.053808   53.747613   54.359621   19.195533   18.999135   19.395253   20.919534   20.906023   20.938329     80.732682     79.910369     81.555179
 1.128   54.050918   53.744673   54.356750   19.193663   18.997266   19.393361   20.918563   20.905043   20.937367     80.750783     79.928299     81.573539
 1.129   54.048017   53.741725   54.353868   19.191787   18.995392   19.391462   20.917589   20.904059   20.936401     80.768957     79.946301     81.591961
 1.130   54.045105   53.738770   54.350975   19.189903   18.993515   19.389556   20.916611   20.903072   20.935432     80.787206     79.964377     81.610448
 1.131   54.042180   53.735807   54.348070   19.188011   18.991632   19.387643   20.915628   20.902080   20.934459     80.805535     79.982533     81.629003
 1.132   54.039244   53.732836   54.345153   19.186112   18.989746   19.385723   20.914642   20.901085   20.933481     80.823947     80.000770     81.647629
 1.133   54.036294   53.729856   54.342223   19.184205   18.987853   19.383793   20.913652   20.900085   20.932500     80.842445     80.019093     81.666334
 1.134   54.033331   53.726864   54.339279   19.182288   18.985952   19.381855   20.912657   20.899081   20.931514     80.861032     80.037504     81.685121
 1.135   54.030353   53.723860   54.336321   19.180364   18.984045   19.379908   20.911657   20.898072   20.930523     80.879710     80.056007     81.703997
 1.136   54.027362   53.720843   54.333349   19.178432   18.982130   19.377952   20.910653   20.897058   20.929528     80.898483     80.074603     81.722965
 1.137   54.024356   53.717812   54.330363   19.176489   18.980207   19.375988   20.909644   20.896040   20.928529     80.917352     80.093293     81.742025
 1.138   54.021335   53.714769   54.327362   19.174538   18.978276   19.374014   20.908631   20.895017   20.927524     80.936319     80.112079     81.761179
 1.139   54.018299   53.711714   54.324348   19.172576   18.976338   19.372031   20.907612   20.893989   20.926514     80.955385     80.130961     81.780424
 1.140   54.015248   53.708647   54.321319   19.170607   18.974393   19.370039   20.906588   20.892955   20.925500     80.974551     80.149940     81.799760
 1.141   54.012182   53.705569   54.318275   19.168626   18.972440   19.368039   20.905560   20.891917   20.924481     80.993819     80.169017     81.819187
 1.142   54.009100   53.702480   54.315218   19.166636   18.970482   19.366029   20.904526   20.890873   20.923456     81.013188     80.188193     81.838704
 1.143   54.006002   53.699379   54.312146   19.164638   18.968516   19.364010   20.903487   20.889825   20.922427     81.032659     80.207466     81.858315
 1.144   54.002890   53.696265   54.309059   19.162629   18.966543   19.361982   20.902443   20.888771   20.921392     81.052231     80.226838     81.878019
 1.145   53.999762   53.693138   54.305958   19.160611   18.964560   19.359944   20.901395   20.887713   20.920353     81.071902     80.246308     81.897820
 1.146   53.996620   53.689997   54.302842   19.158584   18.962571   19.357898   20.900341   20.886650   20.919309     81.091672     80.265876     81.917718
 1.147   53.993463   53.686841   54.299711   19.156548   18.960571   19.355842   20.899283   20.885581   20.918261     81.111538     80.285539     81.937713
 1.148   53.990292   53.683671   54.296566   19.154503   18.958563   19.353777   20.898220   20.884509   20.917207     81.131499     80.305297     81.957804
 1.149   53.987107   53.680487   54.293407   19.152449   18.956547   19.351703   20.897153   20.883431   20.916150     81.151551     80.325145     81.977987
 1.150   53.983909   53.677290   54.290235   19.150388   18.954523   19.349621   20.896081   20.882350   20.915088     81.171692     80.345083     81.998258
 1.151   53.980699   53.674081   54.287050   19.148319   18.952491   19.347530   20.895005   20.881264   20.914021     81.191919     80.365105     82.018614
 1.152   53.977476   53.670861   54.283853   19.146242   18.950453   19.345433   20.893926   20.880174   20.912951     81.212228     80.385209     82.039050
 1.153   53.974241   53.667630   54.280645   19.144158   18.948408   19.343329   20.892842   20.879080   20.911878     81.232615     80.405390     82.059563
 1.154   53.970996   53.664388   54.277426   19.142068   18.946358   19.341218   20.891755   20.877983   20.910801     81.253077     80.425644     82.080149
 1.155   53.967740   53.661137   54.274197   19.139971   18.944301   19.339099   20.890665   20.876883   20.909720     81.273609     80.445967     82.100805
 1.156   53.964475   53.657876   54.270958   19.137869   18.942239   19.336976   20.889572   20.875779   20.908637     81.294206     80.466357     82.121528
 1.157   53.961200   53.654605   54.267709   19.135762   18.940170   19.334847   20.888476   20.874673   20.907550     81.314866     80.486810     82.142315
 1.158   53.957918   53.651325   54.264451   19.133649   18.938097   19.332712   20.887377   20.873563   20.906462     81.335583     80.507323     82.163163
 1.159   53.954628   53.648036   54.261185   19.131531   18.936018   19.330572   20.886276   20.872452   20.905370     81.356353     80.527892     82.184069
 1.160   53.951331   53.644739   54.257910   19.129410   18.933934   19.328426   20.885172   20.871338   20.904277     81.377173     80.548513     82.205028
 1.161   53.948028   53.641433   54.254627   19.127286   18.931845   19.326276   20.884067   20.870223   20.903182     81.398037     80.569183     82.226036
 1.162   53.944719   53.638121   54.251338   19.125158   18.929753   19.324121   20.882960   20.869105   20.902085     81.418941     80.589897     82.247090
 1.163   53.941406   53.634803   54.248042   19.123027   18.927657   19.321964   20.881852   20.867986   20.900986     81.439882     80.610650     82.268183
 1.164   53.938089   53.631480   54.244742   19.120895   18.925559   19.319803   20.880742   20.866866   20.899886     81.460854     80.631437     82.289310
 1.165   53.934768   53.628152   54.241437   19.118761   18.923458   19.317641   20.879631   20.865745   20.898786     81.481853     80.652253     82.310466
 1.166   53.931444   53.624822   54.238130   19.116625   18.921356   19.315477   20.878520   20.864624   20.897684     81.502875     80.673091     82.331646
 1.167   53.928119   53.621490   54.234821   19.114488   18.919253   19.313312   20.877408   20.863501   20.896583     81.523915     80.693946     82.352843
 1.168   53.924793   53.618157   54.231511   19.112351   18.917150   19.311147   20.876296   20.862379   20.895481     81.544968     80.714814     82.374054
 1.169   53.921466   53.614823   54.228201   19.110215   18.915047   19.308982   20.875184   20.861256   20.894378     81.566029     80.735691     82.395273
 1.170   53.918139   53.611490   54.224891   19.108078   18.912945   19.306818   20.874072   20.860134   20.893277     81.587094     80.756571     82.416496
 1.171   53.914813   53.608157   54.221582   19.105943   18.910843   19.304655   20.872961   20.859012   20.892175     81.608159     80.777450     82.437720
 1.172   53.911489   53.604826   54.218275   19.103810   18.908743   19.302493   20.871850   20.857891   20.891075     81.629218     80.798325     82.458939
 1.173   53.908168   53.601497   54.214970   19.101679   18.906644   19.300334   20.870741   20.856771   20.889975     81.650268     80.819190     82.480149
 1.174   53.904849   53.598170   54.211667   19.099549   18.904548   19.298177   20.869632   20.855652   20.888876     81.671305     80.840042     82.501347
 1.175   53.901535   53.594848   54.208369   19.097422   18.902454   19.296022   20.868525   20.854535   20.887779     81.692324     80.860877     82.522528
 1.176   53.898224   53.591529   54.205075   19.095299   18.900363   19.293871   20.867419   20.853419   20.886683     81.713322     80.881691     82.543688
 1.177   53.894918   53.588216   54.201786   19.093180   18.898276   19.291723   20.866315   20.852305   20.885589     81.734297     80.902481     82.564821
 1.178   53.891617   53.584908   54.198502   19.091064   18.896193   19.289580   20.865213   20.851192   20.884497     81.755244     80.923241     82.585925
 1.179   53.888322   53.581608   54.195225   19.088950   18.894115   19.287440   20.864113   20.850082   20.883407     81.776161     80.943971     82.606996
 1.180   53.885033   53.578314   54.191954   19.086843   18.892041   19.285307   20.863015   20.848974   20.882319     81.797046     80.964667     82.628032
 1.181   53.881750   53.575028   54.188691   19.084739   18.889973   19.283178   20.861920   20.847868   20.881233     81.817898     80.985326     82.649029
 1.182   53.878473   53.571750   54.185435   19.082640   18.887910   19.281053   20.860826   20.846764   20.880150     81.838712     81.005948     82.669987
 1.183   53.875204   53.568480   54.182186   19.080546   18.885852   19.278935   20.859736   20.845663   20.879069     81.859489     81.026530     82.690904
 1.184   53.871942   53.565217   54.178945   19.078457   18.883801   19.276822   20.858647   20.844565   20.877990     81.880226     81.047071     82.711779
 1.185   53.868687   53.561962   54.175712   19.076373   18.881753   19.274714   20.857561   20.843469   20.876914     81.900921     81.067569     82.732612
 1.186   53.865440   53.558715   54.172486   19.074295   18.879712   19.272611   20.856478   20.842376   20.875841     81.921573     81.088025     82.753400
 1.187   53.862200   53.555477   54.169268   19.072221   18.877675   19.270514   20.855398   20.841285   20.874770     81.942180     81.108436     82.774141
 1.188   53.858969   53.552248   54.166058   19.070154   18.875646   19.268422   20.854321   20.840198   20.873702     81.962740     81.128803     82.794833
 1.189   53.855747   53.549028   54.162856   19.068092   18.873623   19.266336   20.853246   20.839113   20.872638     81.983253     81.149124     82.815473
 1.190   53.852533   53.545819   54.159661   19.066036   18.871606   19.264256   20.852175   20.838032   20.871576     82.003715     81.169397     82.836057
 1.191   53.849328   53.542621   54.156475   19.063986   18.869597   19.262181   20.851107   20.836954   20.870517     82.024125     81.189620     82.856585
 1.192   53.846132   53.539433   54.153298   19.061943   18.867595   19.260113   20.850042   20.835879   20.869462     82.044482     81.209792     82.877055
 1.193   53.842946   53.536256   54.150129   19.059906   18.865599   19.258050   20.848980   20.834807   20.868409     82.064785     81.229911     82.897466
 1.194   53.839769   53.533090   54.146970   19.057876   18.863612   19.255994   20.847922   20.833739   20.867360     82.085030     81.249975     82.917817
 1.195   53.836603   53.529935   54.143820   19.055852   18.861630   19.253944   20.846867   20.832674   20.866315     82.105218     81.269983     82.938108
 1.196   53.833446   53.526790   54.140680   19.053835   18.859657   19.251902   20.845815   20.831612   20.865273     82.125347     81.289932     82.958338
 1.197   53.830300   53.523655   54.137551   19.051825   18.857689   19.249866   20.844767   20.830555   20.864234     82.145415     81.309820     82.978507
 1.198   53.827164   53.520531   54.134434   19.049823   18.855730   19.247839   20.843723   20.829501   20.863199     82.165422     81.329643     82.998613
 1.199   53.824039   53.517419   54.131328   19.047827   18.853778   19.245819   20.842682   20.828450   20.862168     82.185366     81.349401     83.018655
 1.200   53.820925   53.514317   54.128234   19.045838   18.851832   19.243808   20.841645   20.827404   20.861140     82.205246     81.369093     83.038631
 1.201   53.817821   53.511228   54.125153   19.043857   18.849895   19.241805   20.840612   20.826361   20.860116     82.225062     81.388718     83.058541
 1.202   53.814729   53.508150   54.122083   19.041883   18.847965   19.239810   20.839583   20.825322   20.859096     82.244813     81.408274     83.078383
 1.203   53.811647   53.505083   54.119025   19.039917   18.846043   19.237823   20.838557   20.824287   20.858080     82.264499     81.427764     83.098157
 1.204   53.808576   53.502029   54.115979   19.037958   18.844128   19.235844   20.837536   20.823255   20.857067     82.284119     81.447188     83.117864
 1.205   53.805517   53.498985   54.112944   19.036006   18.842221   19.233874   20.836517   20.822228   20.856058     82.303675     81.466545     83.137504
 1.206   53.802468   53.495953   54.109921   19.034061   18.840321   19.231910   20.835503   20.821204   20.855053     82.323167     81.485838     83.157080
 1.207   53.799430   53.492931   54.106909   19.032124   18.838428   19.229954   20.834493   20.820184   20.854051     82.342594     81.505065     83.176592
 1.208   53.796403   53.489918   54.103908   19.030195   18.836542   19.228006   20.833486   20.819167   20.853053     82.361958     81.524228     83.196044
 1.209   53.793386   53.486915   54.100919   19.028271   18.834661   19.226066   20.832482   20.818155   20.852059     82.381260     81.543326     83.215436
 1.210   53.790379   53.483921   54.097941   19.026355   18.832787   19.224133   20.831482   20.817146   20.851068     82.400501     81.562359     83.234769
 1.211   53.787383   53.480936   54.094975   19.024446   18.830918   19.222209   20.830486   20.816140   20.850081     82.419681     81.581329     83.254047
 1.212   53.784397   53.477959   54.092020   19.022543   18.829055   19.220292   20.829493   20.815138   20.849097     82.438803     81.600236     83.273268
 1.213   53.781420   53.474992   54.089076   19.020646   18.827198   19.218383   20.828504   20.814139   20.848116     82.457867     81.619084     83.292433
 1.214   53.778453   53.472033   54.086143   19.018757   18.825347   19.216481   20.827517   20.813143   20.847138     82.476875     81.637873     83.311543
 1.215   53.775495   53.469083   54.083219   19.016873   18.823501   19.214585   20.826534   20.812151   20.846164     82.495829     81.656606     83.330599
 1.216   53.772546   53.466142   54.080305   19.014996   18.821662   19.212696   20.825554   20.811162   20.845193     82.514729     81.675285     83.349603
 1.217   53.769605   53.463209   54.077399   19.013124   18.819827   19.210812   20.824577   20.810176   20.844225     82.533577     81.693913     83.368558
 1.218   53.766674   53.460282   54.074502   19.011259   18.817997   19.208935   20.823604   20.809193   20.843259     82.552375     81.712492     83.387466
 1.219   53.763751   53.457361   54.071612   19.009399   18.816172   19.207063   20.822632   20.808213   20.842297     82.571123     81.731023     83.406332
 1.220   53.760836   53.454446   54.068731   19.007544   18.814350   19.205195   20.821664   20.807236   20.841337     82.589823     81.749507     83.425157
 1.221   53.757929   53.451536   54.065857   19.005695   18.812531   19.203334   20.820699   20.806261   20.840381     82.608476     81.767944     83.443944
 1.222   53.755030   53.448630   54.062991   19.003851   18.810715   19.201478   20.819736   20.805289   20.839427     82.627084     81.786337     83.462692
 1.223   53.752139   53.445730   54.060133   19.002012   18.808904   19.199628   20.818776   20.804320   20.838475     82.645647     81.804684     83.481403
 1.224   53.749255   53.442835   54.057283   19.000179   18.807096   19.197783   20.817819   20.803354   20.837526     82.664167     81.822988     83.500074
 1.225   53.746378   53.439947   54.054440   18.998350   18.805292   19.195943   20.816864   20.802390   20.836580     82.682645     81.841250     83.518707
 1.226   53.743508   53.437065   54.051603   18.996526   18.803492   19.194107   20.815911   20.801429   20.835635     82.701082     81.859473     83.537300
 1.227   53.740645   53.434189   54.048772   18.994706   18.801697   19.192275   20.814961   20.800470   20.834694     82.719478     81.877660     83.555855
 1.228   53.737789   53.431318   54.045945   18.992891   18.799905   19.190446   20.814013   20.799513   20.833754     82.737836     81.895815     83.574375
 1.229   53.734940   53.428452   54.043122   18.991082   18.798116   19.188620   20.813068   20.798559   20.832817     82.756155     81.913939     83.592861
 1.230   53.732097   53.425591   54.040302   18.989276   18.796331   19.186796   20.812124   20.797607   20.831883     82.774436     81.932036     83.611315
 1.231   53.729261   53.422733   54.037485   18.987475   18.794548   19.184974   20.811183   20.796657   20.830950     82.792681     81.950107     83.629740
 1.232   53.726430   53.419879   54.034670   18.985677   18.792768   19.183155   20.810245   20.795709   20.830020     82.810889     81.968151     83.648135
 1.233   53.723606   53.417029   54.031859   18.983884   18.790990   19.181338   20.809308   20.794764   20.829091     82.829063     81.986167     83.666501
 1.234   53.720788   53.414183   54.029053   18.982096   18.789216   19.179524   20.808373   20.793820   20.828165     82.847203     82.004154     83.684838
 1.235   53.717975   53.411342   54.026251   18.980311   18.787445   19.177714   20.807441   20.792879   20.827241     82.865311     82.022112     83.703144
 1.236   53.715168   53.408506   54.023453   18.978529   18.785676   19.175906   20.806510   20.791940   20.826318     82.883389     82.040044     83.721423
 1.237   53.712366   53.405674   54.020658   18.976752   18.783912   19.174100   20.805581   20.791002   20.825397     82.901440     82.057954     83.739674
 1.238   53.709568   53.402847   54.017865   18.974977   18.782150   19.172296   20.804653   20.790066   20.824478     82.919465     82.075846     83.757901
 1.239   53.706775   53.400023   54.015072   18.973205   18.780391   19.170492   20.803728   20.789131   20.823561     82.937467     82.093727     83.776107
 1.240   53.703985   53.397201   54.012278   18.971436   18.778632   19.168688   20.802803   20.788198   20.822644     82.955450     82.111602     83.794298
 1.241   53.701198   53.394381   54.009481   18.969669   18.776876   19.166883   20.801879   20.787266   20.821729     82.973418     82.129477     83.812476
 1.242   53.698413   53.391562   54.006682   18.967904   18.775120   19.165076   20.800957   20.786335   20.820815     82.991374     82.147353     83.830647
 1.243   53.695631   53.388744   54.003881   18.966140   18.773366   19.163269   20.800035   20.785404   20.819901     83.009322     82.165233     83.848813
 1.244   53.692850   53.385926   54.001078   18.964377   18.771611   19.161460   20.799114   20.784474   20.818988     83.027266     82.183118     83.866979
 1.245   53.690069   53.383107   53.998273   18.962616   18.769857   19.159651   20.798192   20.783544   20.818075     83.045212     82.201009     83.885148
 1.246   53.687287   53.380288   53.995468   18.960854   18.768102   19.157841   20.797271   20.782615   20.817162     83.063163     82.218909     83.903323
 1.247   53.684505   53.377470   53.992660   18.959092   18.766349   19.156030   20.796350   20.781685   20.816249     83.081125     82.236821     83.921505
 1.248   53.681721   53.374651   53.989850   18.957328   18.764595   19.154218   20.795428   20.780754   20.815335     83.099102     82.254751     83.939699
 1.249   53.678935   53.371832   53.987036   18.955564   18.762842   19.152403   20.794506   20.779823   20.814421     83.117100     82.272707     83.957907
 1.250   53.676145   53.369011   53.984215   18.953798   18.761087   19.150585   20.793582   20.778891   20.813505     83.135123     82.290694     83.976135
 1.251   53.673352   53.366189   53.981389   18.952029   18.759332   19.148763   20.792657   20.777958   20.812589     83.153176     82.308719     83.994388
 1.252   53.670553   53.363364   53.978554   18.950258   18.757575   19.146937   20.791731   20.777023   20.811671     83.171265     82.326786     84.012671
 1.253   53.667749   53.360534   53.975712   18.948484   18.755817   19.145106   20.790803   20.776086   20.810751     83.189395     82.344899     84.030991
 1.254   53.664938   53.357699   53.972862   18.946705   18.754054   19.143270   20.789873   20.775147   20.809829     83.207570     82.363062     84.049356
 1.255   53.662121   53.354857   53.970004   18.944923   18.752288   19.141429   20.788941   20.774206   20.808905     83.225795     82.381278     84.067770
 1.256   53.659295   53.352008   53.967138   18.943136   18.750518   19.139583   20.788006   20.773263   20.807979     83.244076     82.399551     84.086237
 1.257   53.656461   53.349152   53.964262   18.941344   18.748744   19.137732   20.787068   20.772317   20.807050     83.262416     82.417883     84.104758
 1.258   53.653618   53.346291   53.961376   18.939546   18.746967   19.135874   20.786128   20.771368   20.806118     83.280819     82.436282     84.123335
 1.259   53.650765   53.343424   53.958480   18.937743   18.745186   19.134010   20.785184   20.770415   20.805182     83.299291     82.454751     84.141969
 1.260   53.647901   53.340551   53.955572   18.935933   18.743403   19.132139   20.784237   20.769459   20.804244     83.317836     82.473296     84.160661
 1.261   53.645026   53.337673   53.952650   18.934116   18.741615   19.130259   20.783287   20.768500   20.803302     83.336456     82.491921     84.179416
 1.262   53.642140   53.334788   53.949716   18.932292   18.739825   19.128372   20.782333   20.767537   20.802356     83.355157     82.510631     84.198237
 1.263   53.639241   53.331894   53.946768   18.930461   18.738029   19.126475   20.781374   20.766570   20.801406     83.373941     82.529428     84.217131
 1.264   53.636330   53.328992   53.943806   18.928621   18.736228   19.124570   20.780412   20.765598   20.800452     83.392813     82.548314     84.236104
 1.265   53.633405   53.326078   53.940830   18.926774   18.734420   19.122657   20.779445   20.764623   20.799494     83.411776     82.567293     84.255163
 1.266   53.630467   53.323151   53.937839   18.924919   18.732605   19.120734   20.778474   20.763643   20.798532     83.430833     82.586367     84.274314
 1.267   53.627514   53.320210   53.934835   18.923055   18.730780   19.118804   20.777499   20.762658   20.797565     83.449987     82.605536     84.293562
 1.268   53.624546   53.317255   53.931816   18.921182   18.728948   19.116864   20.776518   20.761669   20.796593     83.469242     82.624805     84.312910
 1.269   53.621564   53.314285   53.928783   18.919299   18.727107   19.114914   20.775533   20.760674   20.795617     83.488599     82.644176     84.332359
 1.270   53.618565   53.311302   53.925733   18.917408   18.725258   19.112956   20.774543   20.759675   20.794635     83.508062     82.663651     84.351910
 1.271   53.615551   53.308305   53.922668   18.915506   18.723401   19.110987   20.773547   20.758670   20.793648     83.527633     82.683233     84.371564
 1.272   53.612521   53.305294   53.919587   18.913595   18.721534   19.109008   20.772546   20.757660   20.792657     83.547314     82.702925     84.391323
 1.273   53.609474   53.302268   53.916489   18.911673   18.719660   19.107019   20.771540   20.756645   20.791660     83.567107     82.722728     84.411188
 1.274   53.606411   53.299227   53.913374   18.909742   18.717776   19.105020   20.770529   20.755624   20.790657     83.587012     82.742645     84.431163
 1.275   53.603331   53.296171   53.910243   18.907800   18.715883   19.103009   20.769512   20.754598   20.789649     83.607033     82.762676     84.451249
 1.276   53.600234   53.293098   53.907094   18.905848   18.713980   19.100990   20.768490   20.753566   20.788636     83.627168     82.782820     84.471453
 1.277   53.597120   53.290005   53.903930   18.903885   18.712065   19.098959   20.767462   20.752529   20.787618     83.647420     82.803077     84.491778
 1.278   53.593989   53.286893   53.900750   18.901912   18.710139   19.096919   20.766429   20.751486   20.786593     83.667787     82.823444     84.512228
 1.279   53.590840   53.283760   53.897556   18.899929   18.708200   19.094871   20.765390   20.750437   20.785564     83.688272     82.843921     84.532805
 1.280   53.587675   53.280606   53.894346   18.897935   18.706249   19.092813   20.764346   20.749384   20.784529     83.708872     82.864507     84.553511
 1.281   53.584493   53.277431   53.891123   18.895932   18.704284   19.090746   20.763296   20.748324   20.783488     83.729588     82.885201     84.574344
 1.282   53.581294   53.274236   53.887885   18.893917   18.702307   19.088671   20.762241   20.747259   20.782443     83.750420     82.906002     84.595304
 1.283   53.578078   53.271021   53.884632   18.891892   18.700319   19.086586   20.761180   20.746189   20.781391     83.771367     82.926914     84.616387
 1.284   53.574845   53.267787   53.881363   18.889858   18.698320   19.084492   20.760114   20.745113   20.780335     83.792429     82.947936     84.637591
 1.285   53.571596   53.264536   53.878079   18.887813   18.696309   19.082388   20.759043   20.744032   20.779273     83.813604     82.969069     84.658913
 1.286   53.568330   53.261267   53.874779   18.885759   18.694289   19.080274   20.757967   20.742945   20.778206     83.834892     82.990312     84.680352
 1.287   53.565048   53.257979   53.871464   18.883694   18.692257   19.078151   20.756885   20.741853   20.777134     83.856293     83.011661     84.701909
 1.288   53.561750   53.254674   53.868136   18.881619   18.690214   19.076020   20.755798   20.740756   20.776056     83.877805     83.033115     84.723585
 1.289   53.558435   53.251348   53.864795   18.879535   18.688160   19.073882   20.754705   20.739654   20.774974     83.899428     83.054668     84.745383
 1.290   53.555105   53.248002   53.861442   18.877442   18.686093   19.071736   20.753608   20.738547   20.773886     83.921161     83.076319     84.767305
 1.291   53.551759   53.244635   53.858078   18.875339   18.684014   19.069583   20.752506   20.737434   20.772794     83.943001     83.098066     84.789348
 1.292   53.548398   53.241249   53.854703   18.873226   18.681923   19.067425   20.751399   20.736317   20.771696     83.964949     83.119906     84.811513
 1.293   53.545022   53.237843   53.851317   18.871105   18.679821   19.065259   20.750287   20.735194   20.770594     83.987002     83.141842     84.833794
 1.294   53.541630   53.234419   53.847917   18.868975   18.677708   19.063084   20.749170   20.734067   20.769487     84.009158     83.163873     84.856187
 1.295   53.538225   53.230979   53.844505   18.866836   18.675585   19.060903   20.748048   20.732936   20.768376     84.031415     83.186000     84.878687
 1.296   53.534805   53.227525   53.841081   18.864689   18.673454   19.058714   20.746922   20.731799   20.767260     84.053770     83.208221     84.901288
 1.297   53.531371   53.224056   53.837643   18.862532   18.671315   19.056517   20.745792   20.730659   20.766140     84.076220     83.230535     84.923986
 1.298   53.527925   53.220574   53.834194   18.860369   18.669168   19.054313   20.744658   20.729514   20.765015     84.098763     83.252935     84.946778
 1.299   53.524466   53.217078   53.830734   18.858199   18.667013   19.052103   20.743519   20.728365   20.763887     84.121394     83.275418     84.969662
 1.300   53.520994   53.213569   53.827266   18.856020   18.664850   19.049888   20.742377   20.727212   20.762755     84.144111     83.297977     84.992635
 1.301   53.517512   53.210047   53.823790   18.853836   18.662678   19.047667   20.741231   20.726056   20.761619     84.166910     83.320607     85.015696
 1.302   53.514018   53.206513   53.820305   18.851645   18.660501   19.045443   20.740082   20.724896   20.760480     84.189785     83.343306     85.038838
 1.303   53.510515   53.202967   53.816814   18.849448   18.658317   19.043214   20.738930   20.723733   20.759338     84.212734     83.366069     85.062059
 1.304   53.507002   53.199410   53.813315   18.847246   18.656126   19.040981   20.737774   20.722567   20.758193     84.235752     83.388895     85.085352
 1.305   53.503480   53.195844   53.809809   18.845037   18.653929   19.038744   20.736616   20.721398   20.757045     84.258834     83.411781     85.108712
 1.306   53.499950   53.192270   53.806295   18.842826   18.651729   19.036503   20.735455   20.720227   20.755894     84.281977     83.434725     85.132133
 1.307   53.496412   53.188688   53.802774   18.840609   18.649525   19.034256   20.734292   20.719053   20.754742     84.305175     83.457724     85.155608
 1.308   53.492868   53.185101   53.799246   18.838389   18.647317   19.032007   20.733127   20.717877   20.753587     84.328425     83.480776     85.179132
 1.309   53.489318   53.181509   53.795711   18.836165   18.645107   19.029754   20.731961   20.716700   20.752431     84.351721     83.503873     85.202701
 1.310   53.485762   53.177912   53.792171   18.833939   18.642894   19.027497   20.730792   20.715521   20.751273     84.375059     83.527012     85.226310
 1.311   53.482202   53.174311   53.788627   18.831710   18.640679   19.025238   20.729622   20.714340   20.750113     84.398434     83.550188     85.249954
 1.312   53.478638   53.170707   53.785079   18.829480   18.638464   19.022977   20.728452   20.713159   20.748953     84.421843     83.573396     85.273630
 1.313   53.475070   53.167100   53.781529   18.827247   18.636245   19.020716   20.727280   20.711976   20.747791     84.445280     83.596631     85.297334
 1.314   53.471500   53.163490   53.777976   18.825013   18.634027   19.018453   20.726107   20.710793   20.746629     84.468741     83.619888     85.321063
 1.315   53.467928   53.159878   53.774421   18.822779   18.631808   19.016190   20.724934   20.709609   20.745466     84.492222     83.643165     85.344811
 1.316   53.464354   53.156266   53.770865   18.820544   18.629588   19.013926   20.723761   20.708425   20.744303     84.515718     83.666457     85.368574
 1.317   53.460780   53.152655   53.767308   18.818309   18.627370   19.011662   20.722588   20.707241   20.743140     84.539227     83.689764     85.392343
 1.318   53.457206   53.149046   53.763749   18.816074   18.625153   19.009397   20.721414   20.706057   20.741978     84.562743     83.713081     85.416114
 1.319   53.453632   53.145440   53.760189   18.813841   18.622939   19.007132   20.720241   20.704873   20.740815     84.586264     83.736407     85.439880
 1.320   53.450059   53.141840   53.756628   18.811608   18.620729   19.004867   20.719069   20.703690   20.739653     84.609785     83.759739     85.463635
 1.321   53.446488   53.138245   53.753067   18.809378   18.618522   19.002602   20.717897   20.702507   20.738491     84.633303     83.783072     85.487376
 1.322   53.442918   53.134655   53.749506   18.807148   18.616320   19.000339   20.716726   20.701325   20.737331     84.656815     83.806404     85.511101
 1.323   53.439352   53.131071   53.745947   18.804921   18.614121   18.998076   20.715556   20.700145   20.736171     84.680318     83.829730     85.534809
 1.324   53.435788   53.127492   53.742390   18.802695   18.611925   18.995815   20.714387   20.698965   20.735013     84.703808     83.853046     85.558499
 1.325   53.432227   53.123917   53.738836   18.800472   18.609733   18.993556   20.713220   20.697787   20.733855     84.727284     83.876348     85.582170
 1.326   53.428670   53.120348   53.735284   18.798252   18.607544   18.991301   20.712053   20.696610   20.732699     84.750742     83.899635     85.605821
 1.327   53.425117   53.116784   53.731736   18.796036   18.605360   18.989047   20.710889   20.695434   20.731545     84.774180     83.922905     85.629446
 1.328   53.421569   53.113227   53.728190   18.793822   18.603179   18.986794   20.709726   20.694261   20.730392     84.797594     83.946160     85.653041
 1.329   53.418026   53.109678   53.724645   18.791612   18.601005   18.984544   20.708564   20.693089   20.729241     84.820984     83.969397     85.676601
 1.330   53.414487   53.106139   53.721102   18.789405   18.598837   18.982296   20.707405   20.691919   20.728092     84.844346     83.992617     85.700120
 1.331   53.410955   53.102611   53.717561   18.787203   18.596676   18.980048   20.706247   20.690751   20.726945     84.867677     84.015818     85.723595
 1.332   53.407428   53.099093   53.714023   18.785005   18.594522   18.977802   20.705092   20.689585   20.725800     84.890977     84.038997     85.747025
 1.333   53.403908   53.095585   53.710487   18.782811   18.592374   18.975560   20.703939   20.688421   20.724657     84.914241     84.062150     85.770410
 1.334   53.400394   53.092086   53.706956   18.780622   18.590232   18.973320   20.702788   20.687260   20.723516     84.937468     84.085272     85.793750
 1.335   53.396888   53.088596   53.703431   18.778437   18.588096   18.971084   20.701640   20.686101   20.722378     84.960655     84.108359     85.817046
 1.336   53.393389   53.085114   53.699912   18.776258   18.585966   18.968854   20.700494   20.684945   20.721242     84.983800     84.131406     85.840295
 1.337   53.389897   53.081642   53.696400   18.774084   18.583841   18.966628   20.699351   20.683791   20.720109     85.006900     84.154410     85.863496
 1.338   53.386414   53.078179   53.692896   18.771915   18.581723   18.964407   20.698211   20.682640   20.718979     85.029953     84.177368     85.886645
 1.339   53.382940   53.074728   53.689400   18.769752   18.579612   18.962192   20.697074   20.681493   20.717852     85.052955     84.200280     85.909735
 1.340   53.379474   53.071289   53.685911   18.767596   18.577509   18.959981   20.695940   20.680348   20.716728     85.075905     84.223144     85.932763
 1.341   53.376018   53.067863   53.682429   18.765446   18.575415   18.957777   20.694809   20.679207   20.715607     85.098799     84.245959     85.955724
 1.342   53.372571   53.064450   53.678955   18.763302   18.573329   18.955576   20.693681   20.678069   20.714489     85.121636     84.268721     85.978617
 1.343   53.369135   53.061051   53.675490   18.761164   18.571252   18.953383   20.692557   20.676935   20.713375     85.144413     84.291428     86.001441
 1.344   53.365709   53.057664   53.672033   18.759034   18.569183   18.951195   20.691436   20.675804   20.712264     85.167128     84.314078     86.024196
 1.345   53.362293   53.054290   53.668587   18.756909   18.567122   18.949014   20.690319   20.674677   20.711157     85.189780     84.336667     86.046882
 1.346   53.358888   53.050926   53.665151   18.754793   18.565067   18.946840   20.689206   20.673553   20.710054     85.212366     84.359192     86.069501
 1.347   53.355494   53.047573   53.661726   18.752684   18.563021   18.944673   20.688096   20.672433   20.708954     85.234886     84.381650     86.092055
 1.348   53.352112   53.044231   53.658313   18.750582   18.560980   18.942515   20.686990   20.671317   20.707858     85.257339     84.404040     86.114543
 1.349   53.348740   53.040899   53.654911   18.748488   18.558946   18.940364   20.685888   20.670205   20.706765     85.279723     84.426360     86.136964
 1.350   53.345380   53.037578   53.651522   18.746401   18.556920   18.938221   20.684790   20.669097   20.705677     85.302038     84.448610     86.159317
 1.351   53.342031   53.034268   53.648144   18.744322   18.554900   18.936086   20.683696   20.667993   20.704592     85.324284     84.470790     86.181600
 1.352   53.338694   53.030970   53.644778   18.742249   18.552888   18.933959   20.682606   20.666892   20.703511     85.346460     84.492900     86.203814
 1.353   53.335368   53.027683   53.641424   18.740185   18.550883   18.931839   20.681519   20.665796   20.702434     85.368567     84.514941     86.225957
 1.354   53.332053   53.024408   53.638081   18.738127   18.548886   18.929728   20.680436   20.664703   20.701361     85.390606     84.536913     86.248030
 1.355   53.328750   53.021144   53.634749   18.736078   18.546897   18.927624   20.679357   20.663614   20.700292     85.412576     84.558817     86.270034
 1.356   53.325457   53.017891   53.631429   18.734035   18.544913   18.925527   20.678282   20.662529   20.699226     85.434479     84.580654     86.291972
 1.357   53.322175   53.014646   53.628120   18.731999   18.542936   18.923438   20.677210   20.661448   20.698164     85.456316     84.602424     86.313848
 1.358   53.318904   53.011410   53.624823   18.729971   18.540964   18.921356   20.676142   20.660370   20.697105     85.478089     84.624126     86.335667
 1.359   53.315643   53.008180   53.621537   18.727949   18.538996   18.919283   20.675078   20.659296   20.696050     85.499799     84.645763     86.357433
 1.360   53.312392   53.004957   53.618263   18.725933   18.537033   18.917217   20.674017   20.658225   20.694998     85.521448     84.667334     86.379148
 1.361   53.309151   53.001739   53.615000   18.723925   18.535073   18.915158   20.672959   20.657158   20.693950     85.543039     84.688842     86.400817
 1.362   53.305919   52.998526   53.611749   18.721921   18.533116   18.913108   20.671904   20.656094   20.692904     85.564572     84.710289     86.422439
 1.363   53.302697   52.995319   53.608508   18.719925   18.531164   18.911064   20.670853   20.655033   20.691862     85.586052     84.731679     86.444016
 1.364   53.299482   52.992119   53.605276   18.717934   18.529217   18.909026   20.669804   20.653975   20.690823     85.607480     84.753015     86.465547
 1.365   53.296277   52.988925   53.602053   18.715948   18.527273   18.906994   20.668759   20.652919   20.689786     85.628858     84.774300     86.487033
 1.366   53.293078   52.985738   53.598839   18.713968   18.525335   18.904969   20.667716   20.651867   20.688752     85.650190     84.795537     86.508475
 1.367   53.289888   52.982558   53.595632   18.711993   18.523400   18.902948   20.666675   20.650817   20.687721     85.671478     84.816730     86.529874
 1.368   53.286704   52.979384   53.592433   18.710022   18.521469   18.900932   20.665637   20.649769   20.686692     85.692725     84.837880     86.551235
 1.369   53.283528   52.976215   53.589241   18.708056   18.519541   18.898922   20.664601   20.648724   20.685665     85.713931     84.858989     86.572561
 1.370   53.280357   52.973049   53.586057   18.706094   18.517617   18.896916   20.663568   20.647681   20.684641     85.735102     84.880059     86.593858
 1.371   53.277193   52.969887   53.582880   18.704137   18.515695   18.894915   20.662536   20.646640   20.683618     85.756237     84.901091     86.615127
 1.372   53.274034   52.966728   53.579709   18.702182   18.513775   18.892920   20.661507   20.645601   20.682598     85.777341     84.922089     86.636372
 1.373   53.270881   52.963572   53.576545   18.700232   18.511857   18.890928   20.660479   20.644564   20.681579     85.798414     84.943054     86.657593
 1.374   53.267732   52.960419   53.573386   18.698286   18.509941   18.888940   20.659453   20.643529   20.680562     85.819460     84.963991     86.678792
 1.375   53.264588   52.957269   53.570232   18.696341   18.508028   18.886955   20.658429   20.642496   20.679547     85.840481     84.984901     86.699969
 1.376   53.261449   52.954123   53.567083   18.694401   18.506118   18.884974   20.657406   20.641464   20.678533     85.861479     85.005788     86.721123
 1.377   53.258313   52.950983   53.563938   18.692463   18.504210   18.882996   20.656385   20.640433   20.677521     85.882455     85.026652     86.742254
 1.378   53.255181   52.947847   53.560797   18.690528   18.502306   18.881021   20.655365   20.639404   20.676509     85.903414     85.047496     86.763362
 1.379   53.252052   52.944716   53.557661   18.688596   18.500406   18.879049   20.654346   20.638376   20.675500     85.924356     85.068322     86.784450
 1.380   53.248926   52.941589   53.554529   18.686664   18.498508   18.877080   20.653328   20.637349   20.674491     85.945284     85.089130     86.805518
 1.381   53.245803   52.938467   53.551400   18.684735   18.496614   18.875113   20.652311   20.636323   20.673483     85.966200     85.109923     86.826571
 1.382   53.242682   52.935348   53.548275   18.682809   18.494721   18.873149   20.651295   20.635297   20.672476     85.987107     85.130703     86.847611
 1.383   53.239563   52.932232   53.545153   18.680883   18.492831   18.871187   20.650280   20.634273   20.671469     86.008006     85.151473     86.868640
 1.384   53.236445   52.929118   53.542033   18.678959   18.490942   18.869228   20.649266   20.633249   20.670464     86.028900     85.172235     86.889662
 1.385   53.233329   52.926006   53.538916   18.677035   18.489055   18.867270   20.648251   20.632226   20.669458     86.049790     85.192992     86.910679
 1.386   53.230214   52.922895   53.535799   18.675113   18.487169   18.865312   20.647238   20.631203   20.668454     86.070679     85.213747     86.931694
 1.387   53.227100   52.919786   53.532683   18.673192   18.485285   18.863356   20.646225   20.630181   20.667449     86.091568     85.234504     86.952706
 1.388   53.223986   52.916679   53.529566   18.671272   18.483402   18.861399   20.645212   20.629159   20.666445     86.112460     85.255265     86.973716
 1.389   53.220872   52.913575   53.526449   18.669352   18.481520   18.859443   20.644199   20.628137   20.665441     86.133355     85.276033     86.994725
 1.390   53.217758   52.910472   53.523331   18.667432   18.479641   18.857487   20.643186   20.627115   20.664438     86.154257     85.296809     87.015732
 1.391   53.214644   52.907373   53.520211   18.665513   18.477764   18.855529   20.642174   20.626093   20.663434     86.175166     85.317595     87.036739
 1.392   53.211530   52.904275   53.517091   18.663592   18.475888   18.853572   20.641161   20.625071   20.662430     86.196083     85.338392     87.057747
 1.393   53.208415   52.901179   53.513969   18.661673   18.474013   18.851613   20.640148   20.624049   20.661426     86.217011     85.359201     87.078760
 1.394   53.205298   52.898083   53.510845   18.659753   18.472139   18.849655   20.639136   20.623027   20.660422     86.237950     85.380024     87.099779
 1.395   53.202181   52.894988   53.507720   18.657833   18.470265   18.847696   20.638122   20.622005   20.659418     86.258902     85.400860     87.120807
 1.396   53.199063   52.891892   53.504593   18.655912   18.468391   18.845735   20.637109   20.620983   20.658413     86.279867     85.421710     87.141848
 1.397   53.195943   52.888794   53.501466   18.653991   18.466516   18.843775   20.636095   20.619960   20.657408     86.300846     85.442574     87.162905
 1.398   53.192822   52.885694   53.498337   18.652069   18.464641   18.841814   20.635081   20.618936   20.656403     86.321841     85.463452     87.183979
 1.399   53.189700   52.882592   53.495207   18.650147   18.462765   18.839854   20.634067   20.617913   20.655398     86.342851     85.484344     87.205070
 1.400   53.186575   52.879487   53.492076   18.648224   18.460888   18.837893   20.633052   20.616889   20.654392     86.363878     85.505251     87.226179
 1.401   53.183450   52.876381   53.488944   18.646301   18.459009   18.835931   20.632037   20.615864   20.653385     86.384921     85.526173     87.247305
 1.402   53.180322   52.873273   53.485810   18.644377   18.457130   18.833969   20.631021   20.614840   20.652378     86.405981     85.547111     87.268449
 1.403   53.177193   52.870164   53.482675   18.642452   18.455250   18.832006   20.630005   20.613814   20.651371     86.427058     85.568066     87.289610
 1.404   53.174062   52.867053   53.479538   18.640527   18.453370   18.830043   20.628989   20.612789   20.650364     86.448152     85.589038     87.310787
 1.405   53.170929   52.863940   53.476399   18.638599   18.451489   18.828079   20.627972   20.611763   20.649356     86.469263     85.610028     87.331982
 1.406   53.167795   52.860825   53.473259   18.636673   18.449607   18.826114   20.626954   20.610736   20.648347     86.490390     85.631032     87.353194
 1.407   53.164659   52.857707   53.470119   18.634745   18.447724   18.824149   20.625937   20.609709   20.647338     86.511535     85.652050     87.374426
 1.408   53.161521   52.854587   53.466979   18.632817   18.445839   18.822185   20.624918   20.608682   20.646329     86.532696     85.673077     87.395678
 1.409   53.158382   52.851463   53.463841   18.630888   18.443954   18.820223   20.623900   20.607654   20.645319     86.553872     85.694113     87.416953
 1.410   53.155242   52.848335   53.460704   18.628959   18.442065   18.818262   20.622881   20.606626   20.644309     86.575065     85.715155     87.438250
 1.411   53.152100   52.845203   53.457569   18.627028   18.440175   18.816302   20.621862   20.605597   20.643299     86.596272     85.736202     87.459569
 1.412   53.148957   52.842067   53.454436   18.625098   18.438283   18.814344   20.620842   20.604569   20.642288     86.617494     85.757255     87.480909
 1.413   53.145812   52.838929   53.451304   18.623167   18.436389   18.812386   20.619823   20.603540   20.641277     86.638730     85.778314     87.502267
 1.414   53.142666   52.835788   53.448173   18.621236   18.434494   18.810430   20.618802   20.602510   20.640266     86.659978     85.799383     87.523643
 1.415   53.139520   52.832646   53.445041   18.619305   18.432599   18.808474   20.617782   20.601481   20.639255     86.681239     85.820461     87.545033
 1.416   53.136372   52.829502   53.441910   18.617373   18.430702   18.806517   20.616762   20.600451   20.638243     86.702512     85.841548     87.566438
 1.417   53.133224   52.826356   53.438779   18.615441   18.428805   18.804563   20.615741   20.599422   20.637232     86.723796     85.862641     87.587856
 1.418   53.130075   52.823208   53.435650   18.613510   18.426908   18.802610   20.614721   20.598392   20.636220     86.745090     85.883738     87.609288
 1.419   53.126925   52.820057   53.432524   18.611578   18.425008   18.800658   20.613700   20.597362   20.635208     86.766394     85.904835     87.630736
 1.420   53.123775   52.816903   53.429401   18.609646   18.423108   18.798709   20.612679   20.596332   20.634196     86.787708     85.925929     87.652201
 1.421   53.120625   52.813746   53.426283   18.607715   18.421206   18.796763   20.611658   20.595302   20.633184     86.809029     85.947019     87.673682
 1.422   53.117474   52.810587   53.423168   18.605782   18.419302   18.794819   20.610638   20.594272   20.632172     86.830359     85.968106     87.695178
 1.423   53.114323   52.807425   53.420056   18.603851   18.417398   18.792878   20.609617   20.593242   20.631160     86.851696     85.989190     87.716687
 1.424   53.111171   52.804262   53.416946   18.601920   18.415493   18.790939   20.608596   20.592212   20.630149     86.873039     86.010274     87.738206
 1.425   53.108020   52.801097   53.413838   18.599989   18.413588   18.789000   20.607576   20.591182   20.629137     86.894388     86.031360     87.759734
 1.426   53.104869   52.797932   53.410731   18.598059   18.411682   18.787063   20.606556   20.590153   20.628126     86.915741     86.052446     87.781268
 1.427   53.101718   52.794767   53.407626   18.596130   18.409777   18.785128   20.605536   20.589124   20.627114     86.937097     86.073533     87.802808
 1.428   53.098568   52.791601   53.404523   18.594200   18.407872   18.783195   20.604516   20.588095   20.626103     86.958456     86.094616     87.824354
 1.429   53.095419   52.788434   53.401423   18.592271   18.405966   18.781263   20.603496   20.587066   20.625093     86.979816     86.115692     87.845905
 1.430   53.092270   52.785266   53.398329   18.590344   18.404060   18.779335   20.602477   20.586038   20.624083     87.001176     86.136757     87.867463
 1.431   53.089122   52.782096   53.395239   18.588418   18.402154   18.777410   20.601459   20.585010   20.623073     87.022535     86.157809     87.889026
 1.432   53.085976   52.778925   53.392155   18.586493   18.400247   18.775490   20.600441   20.583983   20.622064     87.043891     86.178847     87.910593
 1.433   53.082831   52.775754   53.389075   18.584569   18.398341   18.773572   20.599423   20.582956   20.621055     87.065242     86.199870     87.932162
 1.434   53.079688   52.772582   53.386000   18.582646   18.396434   18.771657   20.598406   20.581930   20.620047     87.086586     86.220879     87.953729
 1.435   53.076547   52.769412   53.382929   18.580724   18.394529   18.769746   20.597390   20.580905   20.619040     87.107922     86.241874     87.975291
 1.436   53.073408   52.766244   53.379861   18.578805   18.392626   18.767837   20.596375   20.579881   20.618034     87.129248     86.262858     87.996843
 1.437   53.070272   52.763079   53.376795   18.576888   18.390724   18.765929   20.595361   20.578857   20.617028     87.150562     86.283831     88.018379
 1.438   53.067139   52.759920   53.373731   18.574973   18.388826   18.764023   20.594348   20.577835   20.616024     87.171860     86.304792     88.039896
 1.439   53.064009   52.756766   53.370669   18.573060   18.386932   18.762119   20.593336   20.576814   20.615021     87.193142     86.325739     88.061388
 1.440   53.060883   52.753617   53.367610   18.571150   18.385042   18.760216   20.592326   20.575795   20.614019     87.214404     86.346668     88.082855
 1.441   53.057761   52.750476   53.364555   18.569242   18.383155   18.758316   20.591317   20.574776   20.613019     87.235645     86.367578     88.104293
 1.442   53.054644   52.747340   53.361504   18.567338   18.381273   18.756419   20.590309   20.573760   20.612020     87.256862     86.388464     88.125702
 1.443   53.051531   52.744211   53.358458   18.565437   18.379395   18.754526   20.589303   20.572745   20.611023     87.278053     86.409323     88.147079
 1.444   53.048423   52.741088   53.355417   18.563539   18.377521   18.752636   20.588299   20.571731   20.610027     87.299215     86.430153     88.168425
 1.445   53.045320   52.737971   53.352382   18.561645   18.375651   18.750750   20.587297   20.570720   20.609034     87.320347     86.450951     88.189739
 1.446   53.042223   52.734860   53.349352   18.559754   18.373785   18.748868   20.586296   20.569711   20.608042     87.341446     86.471719     88.211017
 1.447   53.039131   52.731757   53.346325   18.557867   18.371924   18.746988   20.585298   20.568703   20.607052     87.362512     86.492460     88.232256
 1.448   53.036046   52.728662   53.343301   18.555985   18.370068   18.745109   20.584301   20.567698   20.606064     87.383542     86.513177     88.253453
 1.449   53.032966   52.725577   53.340277   18.554106   18.368219   18.743232   20.583307   20.566694   20.605079     87.404535     86.533871     88.274603
 1.450   53.029894   52.722502   53.337254   18.552232   18.366375   18.741356   20.582315   20.565693   20.604095     87.425490     86.554544     88.295703
 1.451   53.026827   52.719437   53.334232   18.550361   18.364538   18.739480   20.581325   20.564694   20.603114     87.446406     86.575195     88.316752
 1.452   53.023768   52.716384   53.331211   18.548496   18.362709   18.737605   20.580337   20.563698   20.602135     87.467282     86.595822     88.337749
 1.453   53.020715   52.713340   53.328193   18.546634   18.360885   18.735732   20.579352   20.562704   20.601158     87.488116     86.616420     88.358696
 1.454   53.017669   52.710305   53.325178   18.544779   18.359067   18.733861   20.578369   20.561712   20.600184     87.508908     86.636986     88.379595
 1.455   53.014630   52.707279   53.322168   18.542926   18.357255   18.731994   20.577389   20.560722   20.599212     87.529658     86.657515     88.400446
 1.456   53.011599   52.704261   53.319164   18.541079   18.355447   18.730131   20.576410   20.559735   20.598242     87.550365     86.678006     88.421250
 1.457   53.008574   52.701251   53.316165   18.539236   18.353646   18.728272   20.575435   20.558751   20.597275     87.571028     86.698458     88.442007
 1.458   53.005557   52.698250   53.313170   18.537399   18.351849   18.726415   20.574461   20.557769   20.596310     87.591646     86.718874     88.462715
 1.459   53.002547   52.695260   53.310180   18.535566   18.350060   18.724562   20.573491   20.556789   20.595347     87.612220     86.739256     88.483370
 1.460   52.999544   52.692279   53.307191   18.533737   18.348276   18.722710   20.572522   20.555812   20.594387     87.632748     86.759609     88.503970
 1.461   52.996549   52.689310   53.304204   18.531913   18.346499   18.720859   20.571557   20.554838   20.593430     87.653231     86.779932     88.524515
 1.462   52.993562   52.686351   53.301219   18.530095   18.344729   18.719010   20.570593   20.553866   20.592475     87.673667     86.800224     88.545004
 1.463   52.990582   52.683402   53.298238   18.528281   18.342966   18.717163   20.569633   20.552896   20.591523     87.694058     86.820484     88.565439
 1.464   52.987609   52.680463   53.295260   18.526472   18.341208   18.715319   20.568674   20.551929   20.590573     87.714403     86.840708     88.585823
 1.465   52.984644   52.677532   53.292287   18.524668   18.339455   18.713478   20.567719   20.550965   20.589625     87.734702     86.860893     88.606157
 1.466   52.981686   52.674609   53.289321   18.522869   18.337708   18.711642   20.566765   20.550003   20.588680     87.754955     86.881036     88.626443
 1.467   52.978735   52.671695   53.286362   18.521075   18.335966   18.709810   20.565815   20.549044   20.587738     87.775164     86.901135     88.646682
 1.468   52.975792   52.668788   53.283409   18.519284   18.334230   18.707983   20.564866   20.548087   20.586797     87.795328     86.921192     88.666873
 1.469   52.972855   52.665891   53.280463   18.517499   18.332498   18.706159   20.563920   20.547132   20.585860     87.815450     86.941209     88.687016
 1.470   52.969926   52.663002   53.277522   18.515718   18.330772   18.704340   20.562977   20.546180   20.584924     87.835528     86.961188     88.707110
 1.471   52.967003   52.660123   53.274586   18.513942   18.329053   18.702524   20.562035   20.545230   20.583991     87.855566     86.981131     88.727154
 1.472   52.964087   52.657253   53.271654   18.512170   18.327339   18.700710   20.561096   20.544282   20.583060     87.875563     87.001040     88.747152
 1.473   52.961177   52.654391   53.268727   18.510402   18.325630   18.698900   20.560159   20.543337   20.582131     87.895520     87.020915     88.767104
 1.474   52.958274   52.651537   53.265805   18.508638   18.323926   18.697094   20.559224   20.542394   20.581204     87.915440     87.040756     88.787013
 1.475   52.955377   52.648690   53.262888   18.506878   18.322227   18.695291   20.558291   20.541452   20.580279     87.935323     87.060562     88.806881
 1.476   52.952485   52.645849   53.259978   18.505123   18.320531   18.693492   20.557361   20.540513   20.579357     87.955170     87.080333     88.826713
 1.477   52.949600   52.643014   53.257073   18.503370   18.318840   18.691697   20.556432   20.539576   20.578436     87.974982     87.100070     88.846510
 1.478   52.946720   52.640185   53.254174   18.501622   18.317150   18.689906   20.555505   20.538641   20.577517     87.994760     87.119770     88.866274
 1.479   52.943845   52.637360   53.251281   18.499878   18.315466   18.688119   20.554580   20.537707   20.576600     88.014507     87.139437     88.886006
 1.480   52.940976   52.634541   53.248395   18.498136   18.313784   18.686336   20.553657   20.536776   20.575685     88.034221     87.159072     88.905706
 1.481   52.938112   52.631727   53.245513   18.496398   18.312106   18.684556   20.552735   20.535846   20.574771     88.053906     87.178675     88.925376
 1.482   52.935252   52.628918   53.242637   18.494663   18.310432   18.682781   20.551815   20.534918   20.573859     88.073562     87.198249     88.945016
 1.483   52.932397   52.626114   53.239766   18.492931   18.308760   18.681008   20.550897   20.533991   20.572949     88.093190     87.217794     88.964627
 1.484   52.929547   52.623315   53.236900   18.491203   18.307092   18.679239   20.549980   20.533066   20.572040     88.112793     87.237314     88.984211
 1.485   52.926701   52.620521   53.234037   18.489477   18.305427   18.677472   20.549065   20.532143   20.571132     88.132372     87.256809     89.003769
 1.486   52.923859   52.617730   53.231179   18.487754   18.303763   18.675709   20.548151   20.531221   20.570226     88.151929     87.276282     89.023307
 1.487   52.921020   52.614942   53.228325   18.486033   18.302102   18.673948   20.547238   20.530300   20.569321     88.171465     87.295734     89.042828
 1.488   52.918185   52.612154   53.225474   18.484314   18.300441   18.672190   20.546327   20.529380   20.568418     88.190983     87.315167     89.062337
 1.489   52.915353   52.609367   53.222627   18.482598   18.298781   18.670434   20.545416   20.528461   20.567515     88.210485     87.334582     89.081837
 1.490   52.912523   52.606579   53.219783   18.480884   18.297121   18.668680   20.544507   20.527544   20.566613     88.229973     87.353983     89.101334
 1.491   52.909696   52.603790   53.216942   18.479170   18.295460   18.666929   20.543598   20.526627   20.565713     88.249450     87.373371     89.120828
 1.492   52.906871   52.601000   53.214103   18.477459   18.293799   18.665179   20.542690   20.525711   20.564812     88.268918     87.392749     89.140323
 1.493   52.904047   52.598209   53.211266   18.475749   18.292138   18.663430   20.541783   20.524795   20.563913     88.288380     87.412120     89.159818
 1.494   52.901225   52.595418   53.208431   18.474040   18.290476   18.661682   20.540876   20.523880   20.563014     88.307838     87.431487     89.179314
 1.495   52.898403   52.592627   53.205596   18.472332   18.288816   18.659936   20.539970   20.522966   20.562115     88.327296     87.450854     89.198812
 1.496   52.895581   52.589834   53.202761   18.470625   18.287155   18.658190   20.539064   20.522051   20.561217     88.346756     87.470222     89.218316
 1.497   52.892760   52.587040   53.199928   18.468916   18.285493   18.656445   20.538157   20.521137   20.560318     88.366221     87.489593     89.237829
 1.498   52.889938   52.584243   53.197095   18.467209   18.283829   18.654700   20.537251   20.520223   20.559420     88.385693     87.508969     89.257358
 1.499   52.887115   52.581442   53.194262   18.465501   18.282163   18.652956   20.536345   20.519308   20.558521     88.405176     87.528352     89.276909
 1.500   52.884291   52.578635   53.191430   18.463793   18.280494   18.651212   20.535438   20.518393   20.557622     88.424673     87.547743     89.296485
 1.501   52.881466   52.575821   53.188598   18.462084   18.278821   18.649468   20.534531   20.517478   20.556723     88.444187     87.567146     89.316092
 1.502   52.878638   52.573001   53.185765   18.460373   18.277145   18.647726   20.533623   20.516562   20.555823     88.463719     87.586563     89.335730
 1.503   52.875807   52.570175   53.182931   18.458662   18.275466   18.645982   20.532715   20.515645   20.554922     88.483273     87.605996     89.355401
 1.504   52.872974   52.567344   53.180096   18.456949   18.273783   18.644237   20.531805   20.514728   20.554021     88.502851     87.625451     89.375102
 1.505   52.870138   52.564508   53.177259   18.455235   18.272098   18.642492   20.530895   20.513810   20.553118     88.522457     87.644930     89.394836
 1.506   52.867298   52.561667   53.174418   18.453519   18.270411   18.640744   20.529984   20.512890   20.552215     88.542091     87.664438     89.414602
 1.507   52.864454   52.558821   53.171572   18.451800   18.268721   18.638995   20.529072   20.511970   20.551310     88.561758     87.683978     89.434405
 1.508   52.861606   52.555968   53.168722   18.450079   18.267027   18.637243   20.528158   20.511048   20.550404     88.581458     87.703554     89.454249
 1.509   52.858754   52.553107   53.165867   18.448356   18.265328   18.635488   20.527243   20.510125   20.549497     88.601194     87.723167     89.474139
 1.510   52.855896   52.550237   53.163006   18.446631   18.263625   18.633730   20.526327   20.509200   20.548589     88.620968     87.742819     89.494080
 1.511   52.853034   52.547358   53.160141   18.444903   18.261916   18.631968   20.525409   20.508274   20.547679     88.640781     87.762511     89.514073
 1.512   52.850166   52.544469   53.157269   18.443170   18.260201   18.630204   20.524489   20.507346   20.546767     88.660635     87.782245     89.534121
 1.513   52.847293   52.541570   53.154392   18.441436   18.258481   18.628436   20.523568   20.506417   20.545854     88.680532     87.802022     89.554223
 1.514   52.844415   52.538664   53.151510   18.439699   18.256756   18.626666   20.522645   20.505486   20.544939     88.700472     87.821841     89.574377
 1.515   52.841531   52.535749   53.148622   18.437958   18.255028   18.624892   20.521721   20.504553   20.544022     88.720457     87.841705     89.594581
 1.516   52.838640   52.532828   53.145727   18.436214   18.253296   18.623116   20.520794   20.503618   20.543104     88.740487     87.861615     89.614833
 1.517   52.835744   52.529901   53.142826   18.434468   18.251560   18.621334   20.519866   20.502682   20.542184     88.760563     87.881573     89.635131
 1.518   52.832842   52.526969   53.139917   18.432717   18.249822   18.619549   20.518936   20.501743   20.541261     88.780686     87.901583     89.655475
 1.519   52.829934   52.524030   53.136999   18.430963   18.248079   18.617758   20.518004   20.500803   20.540338     88.800856     87.921646     89.675867
 1.520   52.827020   52.521084   53.134073   18.429206   18.246334   18.615962   20.517071   20.499861   20.539412     88.821072     87.941762     89.696309
 1.521   52.824100   52.518132   53.131139   18.427445   18.244584   18.614162   20.516135   20.498917   20.538485     88.841336     87.961934     89.716800
 1.522   52.821173   52.515172   53.128195   18.425682   18.242830   18.612356   20.515198   20.497972   20.537555     88.861646     87.982159     89.737341
 1.523   52.818241   52.512206   53.125244   18.423915   18.241074   18.610547   20.514259   20.497024   20.536624     88.882003     88.002438     89.757931
 1.524   52.815303   52.509233   53.122284   18.422144   18.239313   18.608732   20.513318   20.496075   20.535691     88.902407     88.022767     89.778569
 1.525   52.812359   52.506254   53.119318   18.420370   18.237549   18.606913   20.512375   20.495124   20.534757     88.922857     88.043146     89.799256
 1.526   52.809409   52.503269   53.116345   18.418593   18.235781   18.605090   20.511431   20.494171   20.533820     88.943354     88.063573     89.819991
 1.527   52.806452   52.500278   53.113366   18.416813   18.234011   18.603265   20.510484   20.493216   20.532882     88.963898     88.084048     89.840773
 1.528   52.803490   52.497280   53.110380   18.415028   18.232237   18.601435   20.509536   20.492259   20.531942     88.984490     88.104572     89.861603
 1.529   52.800521   52.494277   53.107387   18.413241   18.230459   18.599601   20.508586   20.491301   20.531000     89.005130     88.125147     89.882481
 1.530   52.797547   52.491267   53.104386   18.411450   18.228679   18.597762   20.507634   20.490340   20.530056     89.025819     88.145774     89.903408
 1.531   52.794565   52.488251   53.101377   18.409656   18.226894   18.595921   20.506680   20.489378   20.529110     89.046557     88.166454     89.924385
 1.532   52.791578   52.485228   53.098361   18.407858   18.225106   18.594073   20.505724   20.488413   20.528163     89.067346     88.187189     89.945412
 1.533   52.788584   52.482199   53.095336   18.406057   18.223316   18.592221   20.504767   20.487447   20.527213     89.088184     88.207977     89.966491
 1.534   52.785583   52.479164   53.092305   18.404252   18.221520   18.590365   20.503807   20.486478   20.526261     89.109073     88.228818     89.987620
 1.535   52.782576   52.476121   53.089266   18.402444   18.219722   18.588505   20.502845   20.485508   20.525308     89.130011     88.249712     90.008799
 1.536   52.779563   52.473073   53.086220   18.400631   18.217920   18.586641   20.501881   20.484536   20.524353     89.151000     88.270654     90.030029
 1.537   52.776543   52.470018   53.083169   18.398815   18.216115   18.584775   20.500916   20.483562   20.523395     89.172037     88.291644     90.051307
 1.538   52.773518   52.466958   53.080113   18.396997   18.214306   18.582906   20.499948   20.482586   20.522436     89.193122     88.312679     90.072633
 1.539   52.770486   52.463892   53.077051   18.395175   18.212496   18.581033   20.498979   20.481608   20.521475     89.214253     88.333757     90.094004
 1.540   52.767449   52.460821   53.073986   18.393350   18.210681   18.579158   20.498009   20.480629   20.520513     89.235428     88.354876     90.115419
 1.541   52.764407   52.457745   53.070915   18.391522   18.208865   18.577281   20.497036   20.479648   20.519549     89.256645     88.376033     90.136876
 1.542   52.761360   52.454664   53.067841   18.389691   18.207045   18.575402   20.496063   20.478665   20.518583     89.277901     88.397227     90.158371
 1.543   52.758309   52.451578   53.064764   18.387859   18.205224   18.573521   20.495087   20.477681   20.517617     89.299194     88.418456     90.179904
 1.544   52.755253   52.448489   53.061682   18.386024   18.203400   18.571638   20.494111   20.476696   20.516649     89.320519     88.439716     90.201470
 1.545   52.752194   52.445395   53.058597   18.384187   18.201575   18.569753   20.493134   20.475711   20.515680     89.341874     88.461005     90.223067
 1.546   52.749133   52.442300   53.055510   18.382349   18.199748   18.567867   20.492156   20.474724   20.514710     89.363254     88.482318     90.244687
 1.547   52.746069   52.439203   53.052422   18.380510   18.197921   18.565981   20.491177   20.473737   20.513740     89.384656     88.503650     90.266326
 1.548   52.743003   52.436107   53.049332   18.378670   18.196095   18.564094   20.490198   20.472749   20.512769     89.406075     88.524997     90.287976
 1.549   52.739936   52.433013   53.046244   18.376831   18.194270   18.562208   20.489219   20.471761   20.511799     89.427508     88.546351     90.309630
 1.550   52.736869   52.429922   53.043156   18.374990   18.192448   18.560324   20.488240   20.470773   20.510828     89.448949     88.567709     90.331283
 1.551   52.733802   52.426834   53.040071   18.373150   18.190627   18.558441   20.487261   20.469785   20.509857     89.470393     88.589064     90.352931
 1.552   52.730736   52.423750   53.036989   18.371311   18.188810   18.556560   20.486282   20.468798   20.508887     89.491838     88.610414     90.374569
 1.553   52.727672   52.420671   53.033910   18.369474   18.186994   18.554681   20.485304   20.467811   20.507917     89.513276     88.631753     90.396194
 1.554   52.724609   52.417594   53.030834   18.367638   18.185182   18.552806   20.484327   20.466825   20.506948     89.534706     88.653080     90.417806
 1.555   52.721550   52.414522   53.027762   18.365804   18.183372   18.550932   20.483351   20.465840   20.505980     89.556121     88.674391     90.439400
 1.556   52.718494   52.411454   53.024694   18.363973   18.181565   18.549061   20.482375   20.464856   20.505013     89.577518     88.695683     90.460973
 1.557   52.715442   52.408392   53.021629   18.362144   18.179761   18.547193   20.481402   20.463874   20.504048     89.598893     88.716952     90.482519
 1.558   52.712394   52.405337   53.018570   18.360319   18.177963   18.545327   20.480430   20.462893   20.503084     89.620242     88.738194     90.504031
 1.559   52.709351   52.402291   53.015516   18.358496   18.176169   18.543466   20.479459   20.461914   20.502122     89.641562     88.759405     90.525503
 1.560   52.706314   52.399254   53.012469   18.356677   18.174382   18.541609   20.478490   20.460937   20.501162     89.662850     88.780581     90.546929
 1.561   52.703282   52.396228   53.009429   18.354862   18.172601   18.539757   20.477524   20.459961   20.500203     89.684101     88.801718     90.568304
 1.562   52.700257   52.393214   53.006396   18.353051   18.170827   18.537910   20.476559   20.458988   20.499247     89.705313     88.822812     90.589627
 1.563   52.697239   52.390209   53.003372   18.351244   18.169060   18.536068   20.475597   20.458018   20.498293     89.726483     88.843861     90.610896
 1.564   52.694228   52.387215   53.000355   18.349442   18.167299   18.534230   20.474637   20.457049   20.497341     89.747607     88.864862     90.632112
 1.565   52.691225   52.384230   52.997347   18.347645   18.165542   18.532399   20.473680   20.456084   20.496392     89.768683     88.885813     90.653274
 1.566   52.688230   52.381254   52.994347   18.345853   18.163793   18.530573   20.472726   20.455121   20.495446     89.789708     88.906714     90.674380
 1.567   52.685243   52.378288   52.991354   18.344067   18.162049   18.528751   20.471774   20.454160   20.494502     89.810678     88.927562     90.695429
 1.568   52.682265   52.375333   52.988370   18.342285   18.160312   18.526935   20.470825   20.453203   20.493562     89.831591     88.948358     90.716414
 1.569   52.679297   52.372390   52.985393   18.340511   18.158582   18.525124   20.469879   20.452249   20.492624     89.852445     88.969098     90.737331
 1.570   52.676338   52.369460   52.982424   18.338741   18.156861   18.523318   20.468937   20.451298   20.491689     89.873235     88.989780     90.758174
 1.571   52.673389   52.366544   52.979463   18.336979   18.155148   18.521518   20.467998   20.450351   20.490758     89.893960     89.010402     90.778939
 1.572   52.670450   52.363643   52.976512   18.335223   18.153443   18.519723   20.467062   20.449406   20.489830     89.914618     89.030961     90.799625
 1.573   52.667523   52.360755   52.973570   18.333474   18.151747   18.517934   20.466130   20.448466   20.488906     89.935205     89.051453     90.820231
 1.574   52.664606   52.357880   52.970639   18.331730   18.150059   18.516152   20.465201   20.447529   20.487985     89.955719     89.071875     90.840758
 1.575   52.661701   52.355018   52.967718   18.329995   18.148378   18.514377   20.464276   20.446596   20.487068     89.976159     89.092225     90.861205
 1.576   52.658807   52.352169   52.964809   18.328267   18.146706   18.512608   20.463355   20.445667   20.486155     89.996521     89.112499     90.881571
 1.577   52.655925   52.349333   52.961911   18.326546   18.145041   18.510848   20.462438   20.444741   20.485245     90.016804     89.132696     90.901856
 1.578   52.653056   52.346510   52.959024   18.324832   18.143384   18.509094   20.461524   20.443820   20.484340     90.037007     89.152814     90.922055
 1.579   52.650199   52.343702   52.956149   18.323126   18.141735   18.507348   20.460615   20.442903   20.483438     90.057127     89.172854     90.942165
 1.580   52.647354   52.340908   52.953286   18.321429   18.140096   18.505609   20.459710   20.441989   20.482541     90.077163     89.192813     90.962184
 1.581   52.644523   52.338131   52.950434   18.319739   18.138468   18.503876   20.458809   20.441081   20.481648     90.097113     89.212692     90.982107
 1.582   52.641704   52.335368   52.947593   18.318057   18.136847   18.502152   20.457912   20.440176   20.480759     90.116976     89.232489     91.001936
 1.583   52.638899   52.332622   52.944764   18.316383   18.135236   18.500435   20.457020   20.439276   20.479874     90.136751     89.252202     91.021669
 1.584   52.636106   52.329890   52.941947   18.314718   18.133635   18.498726   20.456132   20.438380   20.478993     90.156438     89.271830     91.041309
 1.585   52.633328   52.327172   52.939143   18.313060   18.132041   18.497024   20.455248   20.437488   20.478117     90.176034     89.291372     91.060856
 1.586   52.630562   52.324469   52.936353   18.311412   18.130457   18.495330   20.454369   20.436601   20.477245     90.195541     89.310824     91.080309
 1.587   52.627810   52.321780   52.933577   18.309771   18.128880   18.493647   20.453494   20.435718   20.476378     90.214958     89.330182     91.099669
 1.588   52.625072   52.319105   52.930816   18.308138   18.127314   18.491972   20.452623   20.434840   20.475514     90.234284     89.349445     91.118934
 1.589   52.622347   52.316446   52.928071   18.306514   18.125755   18.490308   20.451757   20.433966   20.474655     90.253520     89.368613     91.138102
 1.590   52.619635   52.313803   52.925342   18.304898   18.124207   18.488653   20.450895   20.433096   20.473801     90.272666     89.387684     91.157174
 1.591   52.616936   52.311175   52.922629   18.303290   18.122668   18.487007   20.450037   20.432231   20.472950     90.291724     89.406660     91.176148
 1.592   52.614251   52.308563   52.919930   18.301690   18.121138   18.485373   20.449184   20.431370   20.472104     90.310693     89.425542     91.195027
 1.593   52.611578   52.305966   52.917246   18.300098   18.119617   18.483746   20.448335   20.430514   20.471262     90.329576     89.444334     91.213813
 1.594   52.608918   52.303383   52.914576   18.298514   18.118105   18.482127   20.447490   20.429661   20.470424     90.348373     89.463039     91.232508
 1.595   52.606271   52.300813   52.911918   18.296937   18.116601   18.480517   20.446648   20.428812   20.469590     90.367087     89.481659     91.251117
 1.596   52.603636   52.298256   52.909274   18.295368   18.115103   18.478915   20.445811   20.427968   20.468760     90.385719     89.500195     91.269642
 1.597   52.601012   52.295710   52.906643   18.293806   18.113614   18.477322   20.444978   20.427127   20.467934     90.404272     89.518647     91.288087
 1.598   52.598400   52.293177   52.904026   18.292252   18.112132   18.475737   20.444148   20.426290   20.467111     90.422747     89.537015     91.306452
 1.599   52.595799   52.290655   52.901424   18.290703   18.110656   18.474161   20.443322   20.425457   20.466292     90.441148     89.555298     91.324742
 1.600   52.593209   52.288145   52.898837   18.289162   18.109188   18.472595   20.442500   20.424627   20.465477     90.459477     89.573496     91.342956
 1.601   52.590629   52.285646   52.896265   18.287628   18.107726   18.471038   20.441681   20.423801   20.464664     90.477736     89.591612     91.361097
 1.602   52.588060   52.283158   52.893707   18.286099   18.106271   18.469490   20.440865   20.422978   20.463856     90.495928     89.609649     91.379168
 1.603   52.585499   52.280681   52.891163   18.284576   18.104823   18.467950   20.440052   20.422158   20.463050     90.514057     89.627613     91.397171
 1.604   52.582948   52.278215   52.888630   18.283059   18.103381   18.466418   20.439242   20.421341   20.462247     90.532126     89.645509     91.415108
 1.605   52.580406   52.275758   52.886107   18.281547   18.101944   18.464891   20.438436   20.420527   20.461447     90.550136     89.663343     91.432986
 1.606   52.577872   52.273308   52.883594   18.280040   18.100513   18.463371   20.437631   20.419716   20.460649     90.568092     89.681119     91.450810
 1.607   52.575346   52.270865   52.881090   18.278539   18.099085   18.461857   20.436830   20.418907   20.459854     90.585996     89.698840     91.468588
 1.608   52.572827   52.268425   52.878595   18.277042   18.097660   18.460347   20.436031   20.418101   20.459062     90.603851     89.716509     91.486326
 1.609   52.570315   52.265989   52.876109   18.275549   18.096236   18.458844   20.435234   20.417297   20.458272     90.621659     89.734124     91.504030
 1.610   52.567810   52.263554   52.873633   18.274060   18.094814   18.457348   20.434439   20.416495   20.457484     90.639424     89.751686     91.521704
 1.611   52.565311   52.261121   52.871167   18.272576   18.093392   18.455857   20.433646   20.415696   20.456698     90.657148     89.769197     91.539351
 1.612   52.562819   52.258689   52.868710   18.271095   18.091972   18.454372   20.432856   20.414898   20.455914     90.674834     89.786661     91.556972
 1.613   52.560331   52.256260   52.866262   18.269618   18.090553   18.452892   20.432067   20.414102   20.455131     90.692484     89.804080     91.574567
 1.614   52.557849   52.253834   52.863821   18.268144   18.089137   18.451418   20.431280   20.413308   20.454351     90.710100     89.821460     91.592133
 1.615   52.555372   52.251412   52.861386   18.266672   18.087724   18.449947   20.430494   20.412516   20.453572     90.727685     89.838805     91.609672
 1.616   52.552900   52.248992   52.858957   18.265204   18.086311   18.448480   20.429710   20.411725   20.452795     90.745242     89.856120     91.627188
 1.617   52.550432   52.246574   52.856532   18.263739   18.084899   18.447014   20.428928   20.410935   20.452019     90.762772     89.873407     91.644686
 1.618   52.547967   52.244154   52.854111   18.262277   18.083488   18.445552   20.428147   20.410147   20.451244     90.780278     89.890669     91.662173
 1.619   52.545506   52.241732   52.851695   18.260816   18.082074   18.444093   20.427367   20.409361   20.450471     90.797762     89.907908     91.679658
 1.620   52.543049   52.239305   52.849283   18.259358   18.080659   18.442637   20.426588   20.408575   20.449699     90.815227     89.925123     91.697146
 1.621   52.540595   52.236873   52.846875   18.257902   18.079240   18.441184   20.425810   20.407790   20.448927     90.832673     89.942316     91.714641
 1.622   52.538143   52.234436   52.844472   18.256448   18.077819   18.439734   20.425033   20.407006   20.448157     90.850104     89.959491     91.732143
 1.623   52.535693   52.231995   52.842072   18.254995   18.076395   18.438285   20.424257   20.406223   20.447387     90.867522     89.976648     91.749651
 1.624   52.533246   52.229551   52.839676   18.253544   18.074970   18.436839   20.423482   20.405441   20.446618     90.884928     89.993790     91.767159
 1.625   52.530801   52.227107   52.837281   18.252094   18.073545   18.435395   20.422707   20.404660   20.445850     90.902325     90.010922     91.784667
 1.626   52.528357   52.224662   52.834889   18.250645   18.072119   18.433952   20.421933   20.403879   20.445083     90.919715     90.028046     91.802174
 1.627   52.525914   52.222215   52.832497   18.249196   18.070694   18.432509   20.421159   20.403098   20.444315     90.937100     90.045168     91.819685
 1.628   52.523472   52.219766   52.830104   18.247749   18.069267   18.431066   20.420386   20.402318   20.443548     90.954483     90.062290     91.837204
 1.629   52.521031   52.217311   52.827711   18.246302   18.067837   18.429622   20.419613   20.401538   20.442782     90.971867     90.079417     91.854740
 1.630   52.518589   52.214850   52.825317   18.244855   18.066402   18.428179   20.418840   20.400758   20.442015     90.989254     90.096550     91.872300
 1.631   52.516147   52.212380   52.822921   18.243409   18.064964   18.426734   20.418067   20.399978   20.441249     91.006647     90.113693     91.889889
 1.632   52.513705   52.209903   52.820523   18.241962   18.063521   18.425289   20.417293   20.399198   20.440482     91.024049     90.130849     91.907508
 1.633   52.511261   52.207418   52.818123   18.240514   18.062073   18.423843   20.416520   20.398418   20.439715     91.041463     90.148018     91.925159
 1.634   52.508816   52.204926   52.815721   18.239066   18.060623   18.422396   20.415746   20.397637   20.438947     91.058892     90.165204     91.942838
 1.635   52.506368   52.202430   52.813317   18.237617   18.059169   18.420947   20.414971   20.396855   20.438179     91.076341     90.182410     91.960546
 1.636   52.503918   52.199929   52.810909   18.236166   18.057714   18.419497   20.414196   20.396073   20.437410     91.093812     90.199640     91.978280
 1.637   52.501465   52.197424   52.808497   18.234713   18.056256   18.418044   20.413419   20.395290   20.436640     91.111309     90.216901     91.996044
 1.638   52.499008   52.194915   52.806079   18.233259   18.054795   18.416588   20.412642   20.394505   20.435869     91.128835     90.234197     92.013840
 1.639   52.496547   52.192400   52.803653   18.231803   18.053332   18.415127   20.411863   20.393720   20.435097     91.146394     90.251535     92.031675
 1.640   52.494081   52.189877   52.801220   18.230344   18.051864   18.413662   20.411083   20.392933   20.434324     91.163989     90.268919     92.049556
 1.641   52.491610   52.187345   52.798778   18.228882   18.050392   18.412191   20.410302   20.392145   20.433549     91.181624     90.286355     92.067486
 1.642   52.489134   52.184805   52.796326   18.227417   18.048914   18.410716   20.409518   20.391354   20.432772     91.199303     90.303843     92.085470
 1.643   52.486652   52.182257   52.793866   18.225948   18.047432   18.409235   20.408734   20.390563   20.431994     91.217027     90.321384     92.103507
 1.644   52.484164   52.179699   52.791398   18.224477   18.045945   18.407751   20.407947   20.389769   20.431213     91.234799     90.338979     92.121600
 1.645   52.481669   52.177135   52.788923   18.223001   18.044454   18.406261   20.407158   20.388973   20.430431     91.252623     90.356628     92.139748
 1.646   52.479167   52.174562   52.786439   18.221522   18.042959   18.404766   20.406367   20.388175   20.429647     91.270499     90.374334     92.157951
 1.647   52.476658   52.171982   52.783946   18.220039   18.041460   18.403267   20.405573   20.387375   20.428860     91.288431     90.392098     92.176211
 1.648   52.474142   52.169395   52.781444   18.218552   18.039956   18.401762   20.404778   20.386572   20.428071     91.306420     90.409927     92.194528
 1.649   52.471618   52.166800   52.778930   18.217060   18.038448   18.400250   20.403980   20.385767   20.427280     91.324467     90.427823     92.212904
 1.650   52.469086   52.164196   52.776405   18.215563   18.036935   18.398732   20.403180   20.384960   20.426487     91.342574     90.445791     92.231342
 1.651   52.466546   52.161584   52.773867   18.214063   18.035418   18.397207   20.402377   20.384150   20.425691     91.360741     90.463832     92.249844
 1.652   52.463998   52.158963   52.771317   18.212558   18.033896   18.395674   20.401572   20.383338   20.424892     91.378970     90.481947     92.268411
 1.653   52.461442   52.156332   52.768755   18.211049   18.032368   18.394135   20.400765   20.382523   20.424092     91.397261     90.500133     92.287042
 1.654   52.458878   52.153693   52.766183   18.209534   18.030836   18.392589   20.399955   20.381706   20.423288     91.415614     90.518389     92.305739
 1.655   52.456306   52.151045   52.763601   18.208015   18.029299   18.391038   20.399142   20.380886   20.422483     91.434030     90.536711     92.324500
 1.656   52.453725   52.148389   52.761010   18.206492   18.027757   18.389481   20.398327   20.380064   20.421674     91.452510     90.555100     92.343325
 1.657   52.451136   52.145726   52.758410   18.204964   18.026211   18.387919   20.397509   20.379239   20.420863     91.471053     90.573555     92.362211
 1.658   52.448539   52.143056   52.755799   18.203430   18.024662   18.386351   20.396689   20.378412   20.420050     91.489661     90.592077     92.381158
 1.659   52.445934   52.140379   52.753178   18.201892   18.023108   18.384778   20.395866   20.377581   20.419234     91.508332     90.610670     92.400162
 1.660   52.443320   52.137696   52.750546   18.200349   18.021552   18.383197   20.395041   20.376749   20.418416     91.527067     90.629335     92.419226
 1.661   52.440697   52.135007   52.747902   18.198803   18.019993   18.381611   20.394213   20.375914   20.417595     91.545865     90.648074     92.438348
 1.662   52.438067   52.132311   52.745247   18.197251   18.018429   18.380017   20.393382   20.375076   20.416771     91.564728     90.666885     92.457529
 1.663   52.435428   52.129608   52.742581   18.195694   18.016862   18.378417   20.392549   20.374236   20.415945     91.583654     90.685766     92.476770
 1.664   52.432781   52.126897   52.739905   18.194134   18.015290   18.376811   20.391714   20.373393   20.415117     91.602644     90.704714     92.496073
 1.665   52.430125   52.124179   52.737220   18.192568   18.013715   18.375201   20.390876   20.372547   20.414286     91.621697     90.723729     92.515439
 1.666   52.427462   52.121453   52.734526   18.190998   18.012135   18.373584   20.390035   20.371699   20.413452     91.640813     90.742809     92.534865
 1.667   52.424790   52.118721   52.731822   18.189422   18.010552   18.371962   20.389192   20.370849   20.412617     91.659991     90.761957     92.554350
 1.668   52.422111   52.115983   52.729107   18.187844   18.008965   18.370334   20.388347   20.369996   20.411778     91.679232     90.781174     92.573892
 1.669   52.419423   52.113240   52.726381   18.186259   18.007376   18.368701   20.387499   20.369141   20.410937     91.698536     90.800463     92.593486
 1.670   52.416727   52.110493   52.723642   18.184672   18.005785   18.367059   20.386649   20.368283   20.410094     91.717901     90.819827     92.613131
 1.671   52.414023   52.107742   52.720891   18.183078   18.004192   18.365410   20.385796   20.367423   20.409249     91.737328     90.839266     92.632826
 1.672   52.411312   52.104988   52.718128   18.181481   18.002596   18.363754   20.384941   20.366560   20.408401     91.756816     90.858778     92.652571
 1.673   52.408592   52.102228   52.715353   18.179880   18.000999   18.362091   20.384083   20.365695   20.407550     91.776364     90.878360     92.672368
 1.674   52.405865   52.099463   52.712569   18.178274   17.999398   18.360423   20.383223   20.364827   20.406698     91.795971     90.898009     92.692217
 1.675   52.403131   52.096693   52.709775   18.176664   17.997795   18.358750   20.382361   20.363958   20.405843     91.815637     90.917721     92.712121
 1.676   52.400389   52.093915   52.706972   18.175050   17.996188   18.357071   20.381497   20.363086   20.404986     91.835360     90.937493     92.732079
 1.677   52.397640   52.091132   52.704162   18.173432   17.994577   18.355389   20.380631   20.362212   20.404127     91.855138     90.957322     92.752092
 1.678   52.394885   52.088343   52.701344   18.171810   17.992964   18.353701   20.379762   20.361336   20.403265     91.874971     90.977209     92.772155
 1.679   52.392122   52.085549   52.698517   18.170185   17.991347   18.352009   20.378892   20.360457   20.402402     91.894857     90.997153     92.792266
 1.680   52.389354   52.082751   52.695682   18.168556   17.989730   18.350312   20.378019   20.359577   20.401537     91.914792     91.017155     92.812420
 1.681   52.386579   52.079950   52.692838   18.166924   17.988110   18.348611   20.377145   20.358695   20.400670     91.934777     91.037213     92.832615
 1.682   52.383798   52.077145   52.689985   18.165288   17.986488   18.346904   20.376269   20.357812   20.399802     91.954807     91.057324     92.852849
 1.683   52.381012   52.074338   52.687125   18.163651   17.984866   18.345192   20.375391   20.356926   20.398931     91.974880     91.077485     92.873119
 1.684   52.378222   52.071527   52.684259   18.162010   17.983241   18.343478   20.374512   20.356040   20.398060     91.994994     91.097692     92.893425
 1.685   52.375426   52.068714   52.681386   18.160366   17.981614   18.341760   20.373632   20.355152   20.397187     92.015146     91.117939     92.913765
 1.686   52.372627   52.065896   52.678509   18.158721   17.979987   18.340040   20.372750   20.354262   20.396313     92.035332     91.138221     92.934138
 1.687   52.369824   52.063075   52.675629   18.157074   17.978357   18.338318   20.371868   20.353372   20.395437     92.055549     91.158533     92.954542
 1.688   52.367017   52.060251   52.672747   18.155425   17.976725   18.336596   20.370984   20.352481   20.394561     92.075794     91.178871     92.974974
 1.689   52.364208   52.057424   52.669862   18.153775   17.975093   18.334871   20.370100   20.351589   20.393684     92.096063     91.199231     92.995431
 1.690   52.361397   52.054595   52.666976   18.152124   17.973460   18.333146   20.369215   20.350696   20.392807     92.116352     91.219610     93.015906
 1.691   52.358585   52.051766   52.664088   18.150472   17.971826   18.331421   20.368330   20.349803   20.391929     92.136657     91.240004     93.036396
 1.692   52.355771   52.048936   52.661199   18.148819   17.970193   18.329696   20.367444   20.348910   20.391051     92.156975     91.260410     93.056897
 1.693   52.352957   52.046105   52.658310   18.147168   17.968559   18.327971   20.366558   20.348016   20.390173     92.177302     91.280825     93.077406
 1.694   52.350142   52.043275   52.655421   18.145516   17.966925   18.326244   20.365673   20.347123   20.389295     92.197633     91.301246     93.097918
 1.695   52.347329   52.040446   52.652533   18.143864   17.965294   18.324520   20.364788   20.346230   20.388417     92.217965     91.321666     93.118431
 1.696   52.344516   52.037619   52.649646   18.142213   17.963662   18.322797   20.363903   20.345338   20.387540     92.238294     91.342083     93.138940
 1.697   52.341705   52.034793   52.646761   18.140564   17.962032   18.321075   20.363019   20.344446   20.386663     92.258617     91.362489     93.159441
 1.698   52.338897   52.031970   52.643881   18.138917   17.960404   18.319357   20.362135   20.343555   20.385787     92.278928     91.382880     93.179929
 1.699   52.336090   52.029150   52.641006   18.137271   17.958778   18.317641   20.361253   20.342665   20.384912     92.299226     91.403249     93.200402
 1.700   52.333287   52.026334   52.638136   18.135627   17.957154   18.315928   20.360372   20.341776   20.384038     92.319505     91.423594     93.220854
 1.701   52.330488   52.023522   52.635273   18.133985   17.955534   18.314221   20.359491   20.340888   20.383165     92.339763     91.443909     93.241283
 1.702   52.327693   52.020715   52.632416   18.132346   17.953916   18.312517   20.358613   20.340001   20.382294     92.359996     91.464193     93.261685
 1.703   52.324902   52.017913   52.629565   18.130711   17.952302   18.310817   20.357735   20.339116   20.381424     92.380201     91.484445     93.282057
 1.704   52.322116   52.015116   52.626719   18.129078   17.950689   18.309120   20.356860   20.338233   20.380556     92.400375     91.504665     93.302399
 1.705   52.319336   52.012324   52.623879   18.127448   17.949081   18.307427   20.355986   20.337352   20.379689     92.420514     91.524849     93.322705
 1.706   52.316561   52.009539   52.621047   18.125823   17.947477   18.305739   20.355114   20.336472   20.378825     92.440617     91.544991     93.342972
 1.707   52.313793   52.006761   52.618224   18.124201   17.945877   18.304057   20.354244   20.335595   20.377962     92.460679     91.565085     93.363196
 1.708   52.311031   52.003992   52.615412   18.122583   17.944283   18.302382   20.353376   20.334720   20.377102     92.480699     91.585122     93.383370
 1.709   52.308276   52.001232   52.612614   18.120971   17.942693   18.300715   20.352511   20.333847   20.376244     92.500675     91.605094     93.403493
 1.710   52.305528   51.998482   52.609831   18.119361   17.941111   18.299057   20.351648   20.332976   20.375388     92.520603     91.624997     93.423558
 1.711   52.302788   51.995743   52.607063   18.117756   17.939534   18.297409   20.350787   20.332108   20.374534     92.540482     91.644826     93.443566
 1.712   52.300055   51.993014   52.604311   18.116157   17.937963   18.295770   20.349929   20.331242   20.373683     92.560309     91.664582     93.463513
 1.713   52.297330   51.990295   52.601572   18.114562   17.936399   18.294140   20.349073   20.330379   20.372835     92.580084     91.684268     93.483401
 1.714   52.294614   51.987585   52.598846   18.112973   17.934840   18.292517   20.348220   20.329519   20.371989     92.599803     91.703887     93.503230
 1.715   52.291906   51.984885   52.596131   18.111388   17.933287   18.290901   20.347370   20.328661   20.371146     92.619466     91.723442     93.523000
 1.716   52.289206   51.982194   52.593426   18.109809   17.931740   18.289292   20.346522   20.327806   20.370305     92.639070     91.742932     93.542707
 1.717   52.286516   51.979515   52.590734   18.108235   17.930198   18.287690   20.345678   20.326954   20.369468     92.658614     91.762353     93.562347
 1.718   52.283834   51.976848   52.588055   18.106667   17.928665   18.286096   20.344836   20.326105   20.368633     92.678096     91.781699     93.581915
 1.719   52.281162   51.974195   52.585393   18.105104   17.927140   18.284513   20.343998   20.325260   20.367802     92.697515     91.800964     93.601406
 1.720   52.278499   51.971556   52.582747   18.103548   17.925624   18.282939   20.343162   20.324417   20.366973     92.716870     91.820140     93.620815
 1.721   52.275846   51.968934   52.580121   18.101996   17.924117   18.281378   20.342330   20.323577   20.366148     92.736159     91.839224     93.640141
 1.722   52.273203   51.966326   52.577512   18.100452   17.922618   18.279826   20.341500   20.322741   20.365325     92.755381     91.858218     93.659383
 1.723   52.270570   51.963733   52.574920   18.098913   17.921128   18.278286   20.340674   20.321907   20.364506     92.774536     91.877124     93.678544
 1.724   52.267946   51.961153   52.572342   18.097379   17.919645   18.276753   20.339852   20.321077   20.363690     92.793622     91.895948     93.697627
 1.725   52.265333   51.958585   52.569778   18.095853   17.918170   18.275230   20.339032   20.320251   20.362877     92.812638     91.914693     93.716634
 1.726   52.262730   51.956028   52.567226   18.094333   17.916702   18.273714   20.338216   20.319427   20.362068     92.831585     91.933364     93.735567
 1.727   52.260138   51.953483   52.564686   18.092819   17.915241   18.272204   20.337403   20.318607   20.361262     92.850461     91.951959     93.754425
 1.728   52.257555   51.950950   52.562158   18.091310   17.913787   18.270703   20.336593   20.317790   20.360459     92.869265     91.970478     93.773204
 1.729   52.254983   51.948431   52.559645   18.089808   17.912341   18.269210   20.335786   20.316977   20.359659     92.887998     91.988914     93.791903
 1.730   52.252422   51.945927   52.557146   18.088313   17.910903   18.267726   20.334983   20.316167   20.358863     92.906660     92.007264     93.810517
 1.731   52.249871   51.943437   52.554664   18.086824   17.909474   18.266252   20.334184   20.315360   20.358070     92.925250     92.025527     93.829045
 1.732   52.247330   51.940962   52.552197   18.085341   17.908054   18.264788   20.333387   20.314557   20.357280     92.943768     92.043703     93.847488
 1.733   52.244799   51.938501   52.549745   18.083864   17.906642   18.263332   20.332594   20.313757   20.356494     92.962216     92.061796     93.865849
 1.734   52.242279   51.936053   52.547306   18.082394   17.905238   18.261885   20.331804   20.312960   20.355710     92.980593     92.079809     93.884129
 1.735   52.239768   51.933617   52.544880   18.080929   17.903841   18.260445   20.331018   20.312167   20.354930     92.998903     92.097747     93.902336
 1.736   52.237268   51.931191   52.542464   18.079470   17.902449   18.259011   20.330234   20.311377   20.354153     93.017145     92.115617     93.920474
 1.737   52.234776   51.928774   52.540056   18.078017   17.901064   18.257583   20.329454   20.310589   20.353379     93.035323     92.133424     93.938550
 1.738   52.232294   51.926364   52.537658   18.076570   17.899681   18.256160   20.328676   20.309805   20.352608     93.053438     92.151169     93.956567
 1.739   52.229821   51.923961   52.535268   18.075127   17.898304   18.254743   20.327901   20.309023   20.351840     93.071493     92.168857     93.974529
 1.740   52.227355   51.921565   52.532886   18.073690   17.896931   18.253330   20.327129   20.308245   20.351074     93.089491     92.186486     93.992438
 1.741   52.224898   51.919176   52.530513   18.072258   17.895561   18.251923   20.326360   20.307468   20.350311     93.107435     92.204060     94.010295
 1.742   52.222448   51.916793   52.528149   18.070830   17.894196   18.250521   20.325593   20.306695   20.349550     93.125329     92.221582     94.028105
 1.743   52.220005   51.914417   52.525792   18.069406   17.892834   18.249124   20.324828   20.305923   20.348792     93.143176     92.239053     94.045868
 1.744   52.217569   51.912048   52.523443   18.067987   17.891477   18.247732   20.324065   20.305154   20.348035     93.160978     92.256478     94.063587
 1.745   52.215139   51.909684   52.521100   18.066571   17.890123   18.246343   20.323304   20.304386   20.347281     93.178741     92.273862     94.081266
 1.746   52.212714   51.907325   52.518762   18.065158   17.888772   18.244957   20.322545   20.303620   20.346528     93.196468     92.291212     94.098912
 1.747   52.210294   51.904968   52.516427   18.063748   17.887422   18.243574   20.321787   20.302856   20.345777     93.214162     92.308536     94.116533
 1.748   52.207878   51.902611   52.514092   18.062341   17.886073   18.242191   20.321031   20.302094   20.345027     93.231827     92.325842     94.134137
 1.749   52.205466   51.900253   52.511757   18.060938   17.884722   18.240808   20.320277   20.301332   20.344279     93.249467     92.343137     94.151732
 1.750   52.203058   51.897892   52.509420   18.059536   17.883371   18.239423   20.319523   20.300572   20.343531     93.267086     92.360426     94.169324
 1.751   52.200653   51.895528   52.507081   18.058135   17.882018   18.238039   20.318771   20.299813   20.342785     93.284686     92.377712     94.186917
 1.752   52.198250   51.893160   52.504740   18.056736   17.880663   18.236653   20.318019   20.299055   20.342040     93.302272     92.394998     94.204515
 1.753   52.195850   51.890789   52.502397   18.055340   17.879306   18.235265   20.317268   20.298297   20.341295     93.319848     92.412283     94.222115
 1.754   52.193450   51.888416   52.500054   18.053944   17.877949   18.233878   20.316517   20.297540   20.340551     93.337416     92.429568     94.239719
 1.755   52.191052   51.886042   52.497710   18.052548   17.876590   18.232492   20.315767   20.296784   20.339807     93.354980     92.446853     94.257326
 1.756   52.188654   51.883667   52.495365   18.051153   17.875232   18.231104   20.315017   20.296027   20.339063     93.372544     92.464143     94.274937
 1.757   52.186257   51.881291   52.493017   18.049759   17.873872   18.229714   20.314268   20.295271   20.338319     93.390111     92.481446     94.292556
 1.758   52.183859   51.878911   52.490664   18.048364   17.872512   18.228321   20.313518   20.294515   20.337576     93.407684     92.498769     94.310188
 1.759   52.181460   51.876528   52.488303   18.046969   17.871149   18.226925   20.312768   20.293758   20.336832     93.425267     92.516122     94.327841
 1.760   52.179060   51.874138   52.485933   18.045573   17.869782   18.225523   20.312017   20.293001   20.336088     93.442862     92.533512     94.345520
 1.761   52.176658   51.871742   52.483552   18.044178   17.868413   18.224115   20.311267   20.292244   20.335343     93.460473     92.550943     94.363229
 1.762   52.174255   51.869339   52.481162   18.042780   17.867039   18.222702   20.310515   20.291486   20.334598     93.478101     92.568416     94.380972
 1.763   52.171849   51.866930   52.478762   18.041382   17.865663   18.221283   20.309763   20.290727   20.333852     93.495751     92.585930     94.398747
 1.764   52.169440   51.864515   52.476355   18.039983   17.864283   18.219860   20.309011   20.289968   20.333106     93.513423     92.603481     94.416555
 1.765   52.167028   51.862095   52.473942   18.038581   17.862900   18.218433   20.308257   20.289208   20.332359     93.531122     92.621066     94.434394
 1.766   52.164614   51.859671   52.471524   18.037178   17.861516   18.217004   20.307502   20.288447   20.331610     93.548848     92.638685     94.452265
 1.767   52.162195   51.857243   52.469100   18.035773   17.860128   18.215572   20.306747   20.287685   20.330861     93.566605     92.656340     94.470167
 1.768   52.159772   51.854810   52.466670   18.034365   17.858740   18.214137   20.305990   20.286921   20.330110     93.584394     92.674033     94.488103
 1.769   52.157346   51.852373   52.464233   18.032957   17.857348   18.212697   20.305232   20.286157   20.329359     93.602218     92.691773     94.506077
 1.770   52.154915   51.849928   52.461785   18.031545   17.855952   18.211251   20.304473   20.285391   20.328605     93.620078     92.709564     94.524094
 1.771   52.152479   51.847477   52.459327   18.030131   17.854553   18.209799   20.303712   20.284623   20.327851     93.637976     92.727411     94.542155
 1.772   52.150038   51.845020   52.456858   18.028714   17.853150   18.208342   20.302950   20.283854   20.327095     93.655914     92.745314     94.560263
 1.773   52.147592   51.842555   52.454380   18.027294   17.851743   18.206878   20.302186   20.283084   20.326338     93.673894     92.763272     94.578417
 1.774   52.145141   51.840084   52.451894   18.025872   17.850333   18.205410   20.301420   20.282312   20.325579     93.691917     92.781282     94.596619
 1.775   52.142684   51.837606   52.449399   18.024447   17.848920   18.203937   20.300653   20.281538   20.324818     93.709984     92.799344     94.614867
 1.776   52.140222   51.835123   52.446898   18.023018   17.847503   18.202461   20.299885   20.280763   20.324056     93.728097     92.817453     94.633162
 1.777   52.137754   51.832634   52.444390   18.021586   17.846083   18.200982   20.299114   20.279986   20.323291     93.746257     92.835611     94.651505
 1.778   52.135279   51.830138   52.441876   18.020150   17.844659   18.199498   20.298342   20.279207   20.322526     93.764465     92.853819     94.669897
 1.779   52.132799   51.827636   52.439354   18.018712   17.843233   18.198011   20.297568   20.278426   20.321758     93.782721     92.872080     94.688340
 1.780   52.130312   51.825127   52.436824   18.017270   17.841802   18.196518   20.296792   20.277643   20.320988     93.801028     92.890396     94.706834
 1.781   52.127819   51.822610   52.434285   18.015824   17.840368   18.195020   20.296014   20.276858   20.320217     93.819385     92.908771     94.725383
 1.782   52.125320   51.820087   52.431737   18.014376   17.838929   18.193518   20.295234   20.276072   20.319443     93.837794     92.927204     94.743985
 1.783   52.122814   51.817556   52.429181   18.012924   17.837487   18.192011   20.294452   20.275283   20.318668     93.856254     92.945694     94.762642
 1.784   52.120302   51.815019   52.426616   18.011468   17.836040   18.190499   20.293668   20.274493   20.317891     93.874767     92.964240     94.781352
 1.785   52.117782   51.812474   52.424045   18.010008   17.834592   18.188983   20.292883   20.273700   20.317112     93.893332     92.982841     94.800116
 1.786   52.115257   51.809923   52.421466   18.008545   17.833138   18.187463   20.292095   20.272905   20.316330     93.911950     93.001497     94.818934
 1.787   52.112724   51.807365   52.418880   18.007078   17.831681   18.185940   20.291305   20.272109   20.315547     93.930622     93.020206     94.837806
 1.788   52.110185   51.804799   52.416287   18.005607   17.830220   18.184411   20.290513   20.271310   20.314762     93.949346     93.038969     94.856733
 1.789   52.107640   51.802227   52.413687   18.004133   17.828755   18.182880   20.289720   20.270510   20.313975     93.968124     93.057788     94.875716
 1.790   52.105087   51.799646   52.411078   18.002655   17.827285   18.181344   20.288924   20.269707   20.313186     93.986955     93.076663     94.894755
 1.791   52.102528   51.797059   52.408462   18.001172   17.825812   18.179802   20.288126   20.268902   20.312394     94.005838     93.095595     94.913850
 1.792   52.099963   51.794463   52.405838   17.999687   17.824335   18.178258   20.287326   20.268096   20.311601     94.024774     93.114583     94.933001
 1.793   52.097391   51.791861   52.403206   17.998199   17.822854   18.176708   20.286525   20.267287   20.310806     94.043762     93.133626     94.952206
 1.794   52.094813   51.789251   52.400566   17.996707   17.821369   18.175154   20.285721   20.266477   20.310009     94.062801     93.152724     94.971464
 1.795   52.092228   51.786636   52.397920   17.995212   17.819881   18.173597   20.284916   20.265664   20.309211     94.081890     93.171874     94.990775
 1.796   52.089638   51.784013   52.395268   17.993713   17.818389   18.172035   20.284109   20.264850   20.308410     94.101030     93.191074     95.010136
 1.797   52.087041   51.781384   52.392610   17.992211   17.816893   18.170472   20.283300   20.264034   20.307608     94.120219     93.210321     95.029549
 1.798   52.084438   51.778748   52.389946   17.990705   17.815394   18.168905   20.282489   20.263216   20.306804     94.139457     93.229614     95.049013
 1.799   52.081829   51.776106   52.387279   17.989196   17.813892   18.167336   20.281676   20.262396   20.305998     94.158743     93.248951     95.068528
 1.800   52.079214   51.773456   52.384606   17.987684   17.812385   18.165763   20.280862   20.261575   20.305190     94.178076     93.268331     95.088095
 1.801   52.076594   51.770799   52.381929   17.986170   17.810874   18.164190   20.280046   20.260752   20.304381     94.197455     93.287754     95.107712
 1.802   52.073969   51.768136   52.379247   17.984652   17.809360   18.162612   20.279228   20.259927   20.303570     94.216879     93.307220     95.127379
 1.803   52.071337   51.765466   52.376561   17.983131   17.807843   18.161034   20.278409   20.259101   20.302757     94.236347     93.326727     95.147093
 1.804   52.068701   51.762790   52.373869   17.981607   17.806323   18.159451   20.277588   20.258273   20.301943     94.255858     93.346277     95.166852
 1.805   52.066060   51.760109   52.371173   17.980081   17.804800   18.157867   20.276766   20.257444   20.301128     94.275410     93.365867     95.186654
 1.806   52.063414   51.757422   52.368472   17.978553   17.803274   18.156280   20.275942   20.256613   20.300311     94.295002     93.385495     95.206498
 1.807   52.060763   51.754731   52.365769   17.977022   17.801745   18.154692   20.275117   20.255781   20.299493     94.314632     93.405155     95.226381
 1.808   52.058109   51.752035   52.363064   17.975488   17.800214   18.153102   20.274291   20.254947   20.298673     94.334299     93.424845     95.246303
 1.809   52.055450   51.749333   52.360358   17.973953   17.798680   18.151513   20.273463   20.254113   20.297853     94.353999     93.444558     95.266261
 1.810   52.052787   51.746627   52.357652   17.972416   17.797144   18.149924   20.272635   20.253277   20.297031     94.373732     93.464293     95.286257
 1.811   52.050121   51.743916   52.354946   17.970877   17.795605   18.148335   20.271805   20.252440   20.296208     94.393495     93.484045     95.306286
 1.812   52.047452   51.741201   52.352241   17.969336   17.794063   18.146747   20.270975   20.251603   20.295385     94.413286     93.503814     95.326348
 1.813   52.044780   51.738482   52.349536   17.967794   17.792521   18.145159   20.270144   20.250764   20.294561     94.433102     93.523600     95.346438
 1.814   52.042105   51.735759   52.346831   17.966251   17.790976   18.143572   20.269312   20.249925   20.293736     94.452943     93.543403     95.366555
 1.815   52.039428   51.733034   52.344124   17.964706   17.789430   18.141983   20.268479   20.249086   20.292910     94.472805     93.563225     95.386695
 1.816   52.036749   51.730306   52.341417   17.963161   17.787882   18.140395   20.267646   20.248245   20.292084     94.492688     93.583063     95.406857
 1.817   52.034068   51.727576   52.338709   17.961615   17.786334   18.138806   20.266812   20.247404   20.291257     94.512589     93.602915     95.427038
 1.818   52.031386   51.724844   52.336001   17.960067   17.784785   18.137219   20.265978   20.246563   20.290430     94.532506     93.622776     95.447237
 1.819   52.028702   51.722110   52.333296   17.958520   17.783236   18.135632   20.265144   20.245722   20.289602     94.552439     93.642644     95.467453
 1.820   52.026016   51.719374   52.330593   17.956972   17.781684   18.134046   20.264309   20.244880   20.288774     94.572386     93.662513     95.487686
 1.821   52.023330   51.716636   52.327893   17.955423   17.780132   18.132464   20.263474   20.244037   20.287946     94.592346     93.682382     95.507935
 1.822   52.020642   51.713896   52.325197   17.953874   17.778580   18.130883   20.262639   20.243195   20.287118     94.612318     93.702250     95.528199
 1.823   52.017954   51.711154   52.322503   17.952325   17.777026   18.129305   20.261803   20.242352   20.286289     94.632301     93.722119     95.548474
 1.824   52.015265   51.708412   52.319811   17.950775   17.775473   18.127727   20.260968   20.241510   20.285461     94.652294     93.741990     95.568761
 1.825   52.012575   51.705669   52.317120   17.949226   17.773919   18.126150   20.260132   20.240667   20.284632     94.672296     93.761866     95.589057
 1.826   52.009885   51.702925   52.314429   17.947677   17.772365   18.124574   20.259296   20.239824   20.283803     94.692308     93.781748     95.609364
 1.827   52.007194   51.700180   52.311738   17.946126   17.770810   18.122998   20.258460   20.238981   20.282974     94.712329     93.801637     95.629684
 1.828   52.004503   51.697432   52.309048   17.944577   17.769254   18.121421   20.257624   20.238138   20.282145     94.732358     93.821533     95.650018
 1.829   52.001811   51.694680   52.306357   17.943027   17.767697   18.119847   20.256788   20.237294   20.281316     94.752395     93.841434     95.670369
 1.830   51.999119   51.691925   52.303668   17.941477   17.766137   18.118271   20.255952   20.236451   20.280487     94.772439     93.861338     95.690736
 1.831   51.996427   51.689167   52.300980   17.939927   17.764576   18.116698   20.255116   20.235608   20.279658     94.792490     93.881245     95.711121
 1.832   51.993734   51.686405   52.298293   17.938378   17.763014   18.115125   20.254280   20.234765   20.278829     94.812549     93.901153     95.731522
 1.833   51.991041   51.683640   52.295608   17.936828   17.761449   18.113554   20.253444   20.233922   20.278000     94.832613     93.921064     95.751938
 1.834   51.988348   51.680874   52.292923   17.935279   17.759884   18.111983   20.252608   20.233078   20.277170     94.852684     93.940978     95.772365
 1.835   51.985654   51.678105   52.290238   17.933730   17.758319   18.110412   20.251772   20.232235   20.276341     94.872759     93.960896     95.792801
 1.836   51.982961   51.675337   52.287554   17.932181   17.756752   18.108843   20.250936   20.231392   20.275512     94.892840     93.980818     95.813245
 1.837   51.980268   51.672567   52.284870   17.930632   17.755187   18.107273   20.250100   20.230549   20.274684     94.912924     94.000740     95.833694
 1.838   51.977575   51.669798   52.282189   17.929083   17.753621   18.105705   20.249265   20.229706   20.273855     94.933011     94.020663     95.854148
 1.839   51.974882   51.667027   52.279508   17.927536   17.752056   18.104137   20.248429   20.228864   20.273026     94.953101     94.040583     95.874608
 1.840   51.972190   51.664256   52.276831   17.925988   17.750489   18.102572   20.247594   20.228021   20.272198     94.973192     94.060498     95.895075
 1.841   51.969499   51.661483   52.274156   17.924441   17.748922   18.101008   20.246759   20.227179   20.271370     94.993284     94.080408     95.915548
 1.842   51.966808   51.658708   52.271484   17.922895   17.747355   18.099447   20.245924   20.226337   20.270542     95.013375     94.100311     95.936026
 1.843   51.964117   51.655933   52.268813   17.921349   17.745786   18.097886   20.245090   20.225496   20.269715     95.033465     94.120208     95.956509
 1.844   51.961428   51.653156   52.266145   17.919804   17.744218   18.096327   20.244256   20.224655   20.268888     95.053553     94.140101     95.976996
 1.845   51.958740   51.650380   52.263478   17.918260   17.742651   18.094770   20.243423   20.223814   20.268061     95.073638     94.159989     95.997483
 1.846   51.956053   51.647605   52.260813   17.916716   17.741083   18.093213   20.242589   20.222974   20.267235     95.093718     94.179871     96.017965
 1.847   51.953367   51.644833   52.258151   17.915174   17.739518   18.091658   20.241757   20.222134   20.266409     95.113794     94.199745     96.038438
 1.848   51.950683   51.642065   52.255491   17.913633   17.737956   18.090104   20.240925   20.221295   20.265584     95.133865     94.219608     96.058897
 1.849   51.948000   51.639302   52.252835   17.912093   17.736396   18.088554   20.240093   20.220456   20.264759     95.153930     94.239459     96.079338
 1.850   51.945318   51.636544   52.250184   17.910554   17.734840   18.087007   20.239262   20.219618   20.263935     95.173988     94.259294     96.099761
 1.851   51.942638   51.633792   52.247537   17.909016   17.733288   18.085461   20.238431   20.218780   20.263112     95.194039     94.279113     96.120165
 1.852   51.939960   51.631046   52.244895   17.907479   17.731739   18.083920   20.237601   20.217943   20.262289     95.214082     94.298915     96.140550
 1.853   51.937283   51.628304   52.242256   17.905944   17.730191   18.082381   20.236772   20.217107   20.261466     95.234116     94.318702     96.160918
 1.854   51.934609   51.625565   52.239621   17.904409   17.728647   18.080843   20.235943   20.216271   20.260644     95.254142     94.338475     96.181273
 1.855   51.931936   51.622829   52.236989   17.902876   17.727104   18.079308   20.235115   20.215436   20.259823     95.274158     94.358236     96.201615
 1.856   51.929265   51.620096   52.234360   17.901345   17.725564   18.077774   20.234288   20.214602   20.259003     95.294163     94.377985     96.221942
 1.857   51.926596   51.617368   52.231734   17.899815   17.724025   18.076242   20.233462   20.213768   20.258183     95.314158     94.397719     96.242252
 1.858   51.923929   51.614646   52.229111   17.898286   17.722491   18.074713   20.232636   20.212935   20.257364     95.334141     94.417438     96.262538
 1.859   51.921265   51.611931   52.226493   17.896759   17.720961   18.073187   20.231811   20.212103   20.256546     95.354112     94.437136     96.282797
 1.860   51.918603   51.609224   52.223881   17.895233   17.719436   18.071665   20.230987   20.211272   20.255729     95.374070     94.456813     96.303024
 1.861   51.915943   51.606527   52.221274   17.893709   17.717917   18.070145   20.230163   20.210441   20.254912     95.394015     94.476466     96.323217
 1.862   51.913286   51.603838   52.218673   17.892187   17.716402   18.068629   20.229341   20.209611   20.254097     95.413946     94.496095     96.343376
 1.863   51.910632   51.601157   52.216077   17.890666   17.714893   18.067117   20.228519   20.208783   20.253282     95.433861     94.515702     96.363505
 1.864   51.907980   51.598483   52.213486   17.889147   17.713387   18.065608   20.227698   20.207955   20.252468     95.453761     94.535286     96.383606
 1.865   51.905331   51.595814   52.210898   17.887630   17.711883   18.064101   20.226878   20.207128   20.251655     95.473644     94.554850     96.403683
 1.866   51.902685   51.593149   52.208315   17.886115   17.710383   18.062596   20.226060   20.206302   20.250843     95.493510     94.574395     96.423738
 1.867   51.900042   51.590489   52.205735   17.884602   17.708885   18.061093   20.225242   20.205478   20.250032     95.513358     94.593921     96.443771
 1.868   51.897402   51.587833   52.203158   17.883091   17.707391   18.059593   20.224425   20.204654   20.249222     95.533186     94.613427     96.463781
 1.869   51.894765   51.585183   52.200585   17.881581   17.705899   18.058096   20.223609   20.203831   20.248413     95.552994     94.632911     96.483762
 1.870   51.892132   51.582540   52.198017   17.880074   17.704412   18.056601   20.222795   20.203010   20.247605     95.572782     94.652371     96.503711
 1.871   51.889502   51.579904   52.195453   17.878569   17.702929   18.055109   20.221982   20.202189   20.246799     95.592547     94.671805     96.523626
 1.872   51.886876   51.577276   52.192894   17.877067   17.701451   18.053619   20.221169   20.201370   20.245993     95.612290     94.691212     96.543507
 1.873   51.884254   51.574655   52.190340   17.875567   17.699978   18.052134   20.220359   20.200552   20.245189     95.632008     94.710592     96.563353
 1.874   51.881635   51.572040   52.187791   17.874070   17.698507   18.050651   20.219549   20.199736   20.244386     95.651702     94.729945     96.583168
 1.875   51.879021   51.569430   52.185247   17.872575   17.697040   18.049171   20.218741   20.198921   20.243585     95.671370     94.749271     96.602951
 1.876   51.876411   51.566826   52.182707   17.871082   17.695576   18.047694   20.217934   20.198107   20.242785     95.691011     94.768569     96.622706
 1.877   51.873805   51.564226   52.180171   17.869593   17.694115   18.046219   20.217128   20.197294   20.241986     95.710625     94.787840     96.642431
 1.878   51.871203   51.561631   52.177639   17.868105   17.692656   18.044747   20.216324   20.196483   20.241188     95.730209     94.807084     96.662127
 1.879   51.868606   51.559041   52.175111   17.866621   17.691200   18.043278   20.215521   20.195674   20.240392     95.749764     94.826299     96.681792
 1.880   51.866014   51.556456   52.172587   17.865140   17.689748   18.041811   20.214720   20.194866   20.239598     95.769289     94.845484     96.701422
 1.881   51.863426   51.553878   52.170069   17.863661   17.688300   18.040347   20.213921   20.194059   20.238805     95.788781     94.864638     96.721016
 1.882   51.860844   51.551305   52.167555   17.862186   17.686855   18.038887   20.213123   20.193255   20.238014     95.808240     94.883760     96.740574
 1.883   51.858266   51.548739   52.165046   17.860714   17.685414   18.037429   20.212327   20.192451   20.237224     95.827666     94.902848     96.760094
 1.884   51.855694   51.546179   52.162542   17.859244   17.683976   18.035975   20.211532   20.191650   20.236436     95.847057     94.921900     96.779577
 1.885   51.853127   51.543624   52.160045   17.857779   17.682542   18.034524   20.210739   20.190850   20.235650     95.866411     94.940916     96.799022
 1.886   51.850566   51.541076   52.157552   17.856316   17.681112   18.033076   20.209948   20.190052   20.234865     95.885728     94.959895     96.818429
 1.887   51.848010   51.538533   52.155064   17.854857   17.679684   18.031632   20.209159   20.189256   20.234083     95.905006     94.978838     96.837795
 1.888   51.845460   51.535997   52.152581   17.853401   17.678261   18.030190   20.208371   20.188462   20.233302     95.924243     94.997746     96.857119
 1.889   51.842916   51.533467   52.150102   17.851949   17.676841   18.028751   20.207586   20.187670   20.232523     95.943440     95.016619     96.876399
 1.890   51.840379   51.530945   52.147627   17.850501   17.675427   18.027315   20.206803   20.186880   20.231746     95.962593     95.035455     96.895633
 1.891   51.837848   51.528430   52.145156   17.849057   17.674016   18.025881   20.206021   20.186092   20.230971     95.981702     95.054254     96.914820
 1.892   51.835323   51.525923   52.142689   17.847617   17.672609   18.024449   20.205242   20.185306   20.230199     96.000766     95.073015     96.933958
 1.893   51.832805   51.523423   52.140228   17.846181   17.671207   18.023021   20.204465   20.184522   20.229428     96.019783     95.091733     96.953048
 1.894   51.830295   51.520930   52.137773   17.844749   17.669809   18.021597   20.203690   20.183741   20.228659     96.038753     95.110406     96.972089
 1.895   51.827791   51.518444   52.135325   17.843321   17.668416   18.020177   20.202917   20.182961   20.227893     96.057673     95.129032     96.991080
 1.896   51.825294   51.515966   52.132882   17.841897   17.667026   18.018760   20.202147   20.182184   20.227129     96.076543     95.147612     97.010018
 1.897   51.822804   51.513496   52.130445   17.840478   17.665641   18.017348   20.201379   20.181410   20.226368     96.095363     95.166145     97.028903
 1.898   51.820322   51.511036   52.128014   17.839064   17.664263   18.015938   20.200613   20.180637   20.225608     96.114131     95.184636     97.047729
 1.899   51.817847   51.508585   52.125586   17.837653   17.662889   18.014530   20.199850   20.179867   20.224851     96.132848     95.203085     97.066496
 1.900   51.815380   51.506145   52.123161   17.836247   17.661523   18.013124   20.199089   20.179100   20.224096     96.151513     95.221495     97.085201
 1.901   51.812920   51.503715   52.120740   17.834846   17.660161   18.011722   20.198330   20.178334   20.223344     96.170126     95.239867     97.103844
 1.902   51.810467   51.501296   52.118322   17.833448   17.658806   18.010320   20.197574   20.177572   20.222594     96.188687     95.258200     97.122426
 1.903   51.808022   51.498887   52.115907   17.832055   17.657457   18.008921   20.196820   20.176811   20.221846     96.207197     95.276491     97.140949
 1.904   51.805584   51.496486   52.113498   17.830667   17.656112   18.007525   20.196068   20.176053   20.221100     96.225656     95.294740     97.159416
 1.905   51.803153   51.494093   52.111095   17.829282   17.654773   18.006134   20.195318   20.175297   20.220357     96.244065     95.312943     97.177830
 1.906   51.800729   51.491708   52.108697   17.827901   17.653437   18.004745   20.194571   20.174543   20.219616     96.262425     95.331101     97.196191
 1.907   51.798311   51.489332   52.106305   17.826525   17.652107   18.003359   20.193826   20.173792   20.218877     96.280738     95.349214     97.214500
 1.908   51.795901   51.486963   52.103919   17.825153   17.650782   18.001978   20.193083   20.173042   20.218140     96.299004     95.367284     97.232757
 1.909   51.793497   51.484604   52.101537   17.823785   17.649461   18.000599   20.192342   20.172295   20.217405     96.317225     95.385316     97.250960
 1.910   51.791099   51.482255   52.099159   17.822420   17.648146   17.999222   20.191603   20.171549   20.216673     96.335402     95.403312     97.269109
 1.911   51.788707   51.479915   52.096784   17.821059   17.646837   17.997848   20.190866   20.170806   20.215942     96.353538     95.421276     97.287206
 1.912   51.786320   51.477584   52.094412   17.819701   17.645534   17.996475   20.190131   20.170064   20.215212     96.371634     95.439208     97.305251
 1.913   51.783940   51.475262   52.092043   17.818347   17.644234   17.995105   20.189397   20.169325   20.214485     96.389693     95.457111     97.323250
 1.914   51.781564   51.472947   52.089678   17.816995   17.642939   17.993736   20.188665   20.168587   20.213759     96.407715     95.474982     97.341206
 1.915   51.779193   51.470638   52.087317   17.815648   17.641648   17.992370   20.187935   20.167850   20.213035     96.425704     95.492824     97.359125
 1.916   51.776827   51.468334   52.084959   17.814302   17.640360   17.991007   20.187206   20.167115   20.212312     96.443662     95.510636     97.377009
 1.917   51.774466   51.466035   52.082606   17.812959   17.639075   17.989645   20.186479   20.166381   20.211591     96.461591     95.528421     97.394864
 1.918   51.772108   51.463740   52.080255   17.811618   17.637792   17.988287   20.185753   20.165649   20.210871     96.479493     95.546182     97.412692
 1.919   51.769754   51.461449   52.077908   17.810280   17.636511   17.986929   20.185028   20.164918   20.210152     96.497371     95.563922     97.430494
 1.920   51.767403   51.459163   52.075562   17.808945   17.635233   17.985573   20.184304   20.164188   20.209434     96.515228     95.581646     97.448271
 1.921   51.765055   51.456880   52.073217   17.807610   17.633958   17.984217   20.183581   20.163459   20.208717     96.533066     95.599356     97.466026
 1.922   51.762710   51.454601   52.070873   17.806278   17.632685   17.982863   20.182860   20.162731   20.208001     96.550888     95.617056     97.483762
 1.923   51.760367   51.452325   52.068530   17.804946   17.631414   17.981509   20.182138   20.162003   20.207286     96.568697     95.634746     97.501481
 1.924   51.758026   51.450053   52.066189   17.803616   17.630144   17.980155   20.181418   20.161276   20.206571     96.586495     95.652427     97.519186
 1.925   51.755686   51.447782   52.063848   17.802288   17.628876   17.978804   20.180698   20.160550   20.205857     96.604285     95.670103     97.536881
 1.926   51.753347   51.445512   52.061508   17.800959   17.627609   17.977451   20.179978   20.159824   20.205143     96.622070     95.687775     97.554572
 1.927   51.751010   51.443243   52.059168   17.799632   17.626341   17.976100   20.179259   20.159099   20.204430     96.639852     95.705446     97.572261
 1.928   51.748673   51.440972   52.056828   17.798305   17.625074   17.974748   20.178540   20.158374   20.203717     96.657633     95.723119     97.589954
 1.929   51.746336   51.438701   52.054486   17.796978   17.623806   17.973397   20.177821   20.157648   20.203004     96.675415     95.740796     97.607654
 1.930   51.743999   51.436427   52.052144   17.795652   17.622536   17.972044   20.177102   20.156923   20.202291     96.693201     95.758483     97.625363
 1.931   51.741662   51.434151   52.049799   17.794325   17.621266   17.970691   20.176383   20.156198   20.201578     96.710993     95.776179     97.643083
 1.932   51.739325   51.431874   52.047453   17.792999   17.619995   17.969336   20.175664   20.155473   20.200865     96.728792     95.793888     97.660815
 1.933   51.736987   51.429594   52.045104   17.791673   17.618723   17.967981   20.174945   20.154748   20.200152     96.746600     95.811610     97.678559
 1.934   51.734647   51.427313   52.042754   17.790345   17.617451   17.966625   20.174225   20.154022   20.199438     96.764419     95.829344     97.696317
 1.935   51.732307   51.425030   52.040402   17.789018   17.616177   17.965268   20.173506   20.153296   20.198724     96.782250     95.847093     97.714088
 1.936   51.729966   51.422746   52.038049   17.787690   17.614903   17.963910   20.172786   20.152570   20.198010     96.800094     95.864856     97.731875
 1.937   51.727623   51.420458   52.035693   17.786361   17.613628   17.962551   20.172066   20.151844   20.197296     96.817952     95.882635     97.749680
 1.938   51.725278   51.418167   52.033335   17.785032   17.612350   17.961191   20.171345   20.151117   20.196581     96.835826     95.900433     97.767506
 1.939   51.722932   51.415872   52.030973   17.783701   17.611070   17.959829   20.170624   20.150389   20.195866     96.853717     95.918251     97.785356
 1.940   51.720584   51.413573   52.028609   17.782370   17.609788   17.958466   20.169902   20.149662   20.195150     96.871625     95.936092     97.803234
 1.941   51.718234   51.411268   52.026240   17.781038   17.608503   17.957100   20.169180   20.148933   20.194434     96.889550     95.953957     97.821139
 1.942   51.715882   51.408958   52.023867   17.779705   17.607216   17.955733   20.168457   20.148204   20.193717     96.907495     95.971846     97.839073
 1.943   51.713528   51.406644   52.021492   17.778371   17.605927   17.954363   20.167734   20.147475   20.192999     96.925460     95.989760     97.857033
 1.944   51.711172   51.404326   52.019112   17.777036   17.604635   17.952992   20.167010   20.146744   20.192281     96.943446     96.007697     97.875018
 1.945   51.708813   51.402005   52.016730   17.775700   17.603342   17.951620   20.166285   20.146013   20.191563     96.961454     96.025658     97.893028
 1.946   51.706452   51.399680   52.014345   17.774363   17.602047   17.950245   20.165560   20.145282   20.190843     96.979485     96.043643     97.911065
 1.947   51.704088   51.397351   52.011956   17.773023   17.600749   17.948870   20.164833   20.144550   20.190123     96.997540     96.061654     97.929132
 1.948   51.701721   51.395015   52.009564   17.771683   17.599449   17.947491   20.164106   20.143816   20.189402     97.015619     96.079692     97.947235
 1.949   51.699352   51.392672   52.007168   17.770341   17.598144   17.946111   20.163379   20.143082   20.188680     97.033725     96.097760     97.965378
 1.950   51.696979   51.390321   52.004767   17.768998   17.596834   17.944729   20.162650   20.142347   20.187958     97.051858     96.115860     97.983565
 1.951   51.694603   51.387961   52.002362   17.767654   17.595521   17.943344   20.161920   20.141612   20.187234     97.070019     96.133993     98.001798
 1.952   51.692224   51.385592   51.999951   17.766306   17.594202   17.941956   20.161190   20.140875   20.186509     97.088211     96.152160     98.020077
 1.953   51.689841   51.383215   51.997535   17.764958   17.592880   17.940566   20.160458   20.140137   20.185784     97.106433     96.170363     98.038401
 1.954   51.687454   51.380832   51.995115   17.763607   17.591553   17.939172   20.159726   20.139398   20.185057     97.124688     96.188601     98.056766
 1.955   51.685064   51.378443   51.992690   17.762255   17.590224   17.937777   20.158992   20.138658   20.184329     97.142977     96.206875     98.075171
 1.956   51.682669   51.376048   51.990260   17.760900   17.588892   17.936379   20.158257   20.137917   20.183600     97.161302     96.225186     98.093616
 1.957   51.680270   51.373646   51.987826   17.759543   17.587555   17.934979   20.157520   20.137174   20.182870     97.179663     96.243533     98.112107
 1.958   51.677866   51.371236   51.985388   17.758183   17.586215   17.933576   20.156783   20.136430   20.182138     97.198064     96.261919     98.130647
 1.959   51.675458   51.368817   51.982944   17.756822   17.584870   17.932170   20.156044   20.135685   20.181405     97.216505     96.280346     98.149244
 1.960   51.673044   51.366386   51.980496   17.755456   17.583518   17.930763   20.155303   20.134938   20.180671     97.234988     96.298816     98.167902
 1.961   51.670626   51.363944   51.978041   17.754090   17.582160   17.929351   20.154561   20.134189   20.179935     97.253515     96.317331     98.186626
 1.962   51.668202   51.361489   51.975581   17.752719   17.580795   17.927937   20.153818   20.133439   20.179197     97.272087     96.335892     98.205415
 1.963   51.665772   51.359024   51.973115   17.751346   17.579425   17.926519   20.153072   20.132688   20.178458     97.290707     96.354501     98.224269
 1.964   51.663336   51.356548   51.970642   17.749969   17.578049   17.925099   20.152325   20.131934   20.177717     97.309375     96.373159     98.243183
 1.965   51.660895   51.354064   51.968164   17.748590   17.576669   17.923674   20.151576   20.131179   20.176974     97.328094     96.391867     98.262157
 1.966   51.658447   51.351573   51.965679   17.747207   17.575285   17.922246   20.150826   20.130422   20.176230     97.346863     96.410626     98.281185
 1.967   51.655993   51.349074   51.963188   17.745820   17.573897   17.920815   20.150073   20.129663   20.175483     97.365684     96.429439     98.300269
 1.968   51.653533   51.346569   51.960689   17.744431   17.572505   17.919379   20.149319   20.128902   20.174735     97.384558     96.448307     98.319407
 1.969   51.651066   51.344055   51.958183   17.743038   17.571110   17.917939   20.148563   20.128140   20.173985     97.403485     96.467230     98.338605
 1.970   51.648593   51.341533   51.955669   17.741641   17.569708   17.916497   20.147804   20.127375   20.173233     97.422466     96.486211     98.357863
 1.971   51.646113   51.339001   51.953147   17.740241   17.568302   17.915049   20.147044   20.126608   20.172479     97.441500     96.505250     98.377185
 1.972   51.643627   51.336460   51.950618   17.738837   17.566892   17.913596   20.146282   20.125840   20.171723     97.460590     96.524347     98.396570
 1.973   51.641134   51.333910   51.948080   17.737430   17.565477   17.912140   20.145518   20.125069   20.170966     97.479734     96.543502     98.416018
 1.974   51.638634   51.331351   51.945535   17.736020   17.564056   17.910679   20.144752   20.124297   20.170206     97.498933     96.562715     98.435528
 1.975   51.636128   51.328785   51.942983   17.734606   17.562632   17.909214   20.143984   20.123522   20.169444     97.518187     96.581985     98.455098
 1.976   51.633615   51.326211   51.940424   17.733187   17.561204   17.907746   20.143215   20.122746   20.168681     97.537498     96.601310     98.474725
 1.977   51.631095   51.323632   51.937859   17.731767   17.559773   17.906274   20.142443   20.121967   20.167915     97.556866     96.620691     98.494406
 1.978   51.628569   51.321047   51.935287   17.730341   17.558340   17.904799   20.141669   20.121187   20.167147     97.576291     96.640127     98.514140
 1.979   51.626035   51.318457   51.932709   17.728912   17.556903   17.903320   20.140892   20.120404   20.166378     97.595775     96.659619     98.533928
 1.980   51.623494   51.315861   51.930125   17.727479   17.555464   17.901838   20.140114   20.119619   20.165606     97.615320     96.679167     98.553770
 1.981   51.620945   51.313260   51.927535   17.726043   17.554021   17.900353   20.139334   20.118832   20.164832     97.634925     96.698774     98.573668
 1.982   51.618389   51.310654   51.924937   17.724602   17.552577   17.898864   20.138551   20.118043   20.164055     97.654594     96.718440     98.593625
 1.983   51.615825   51.308040   51.922332   17.723156   17.551128   17.897371   20.137766   20.117251   20.163277     97.674327     96.738170     98.613643
 1.984   51.613253   51.305419   51.919719   17.721706   17.549675   17.895873   20.136978   20.116457   20.162496     97.694127     96.757965     98.633727
 1.985   51.610673   51.302790   51.917098   17.720252   17.548218   17.894370   20.136189   20.115660   20.161712     97.713994     96.777828     98.653877
 1.986   51.608084   51.300153   51.914470   17.718794   17.546757   17.892864   20.135396   20.114861   20.160926     97.733931     96.797757     98.674095
 1.987   51.605487   51.297510   51.911834   17.717330   17.545293   17.891355   20.134601   20.114059   20.160138     97.753939     96.817752     98.694377
 1.988   51.602881   51.294861   51.909192   17.715863   17.543826   17.889841   20.133804   20.113255   20.159347     97.774019     96.837810     98.714724
 1.989   51.600266   51.292208   51.906545   17.714390   17.542357   17.888325   20.133003   20.112448   20.158553     97.794175     96.857932     98.735131
 1.990   51.597641   51.289550   51.903892   17.712913   17.540885   17.886807   20.132200   20.111638   20.157757     97.814406     96.878117     98.755601
 1.991   51.595007   51.286888   51.901235   17.711429   17.539411   17.885284   20.131394   20.110825   20.156957     97.834715     96.898366     98.776131
 1.992   51.592363   51.284221   51.898571   17.709941   17.537934   17.883759   20.130586   20.110010   20.156155     97.855103     96.918682     98.796727
 1.993   51.589710   51.281548   51.895901   17.708448   17.536455   17.882231   20.129774   20.109191   20.155350     97.875572     96.939067     98.817391
 1.994   51.587047   51.278868   51.893223   17.706949   17.534971   17.880699   20.128959   20.108370   20.154542     97.896121     96.959528     98.838129
 1.995   51.584373   51.276180   51.890536   17.705445   17.533484   17.879161   20.128142   20.107545   20.153731     97.916753     96.980065     98.858944
 1.996   51.581690   51.273482   51.887840   17.703934   17.531991   17.877618   20.127321   20.106717   20.152917     97.937468     97.000682     98.879839
 1.997   51.578996   51.270777   51.885136   17.702419   17.530495   17.876072   20.126497   20.105887   20.152100     97.958266     97.021376     98.900812
 1.998   51.576292   51.268064   51.882424   17.700898   17.528994   17.874521   20.125671   20.105053   20.151280     97.979149     97.042146     98.921860
 1.999   51.573578   51.265345   51.879705   17.699372   17.527491   17.872965   20.124841   20.104216   20.150457     98.000116     97.062989     98.942981
 2.000   51.570853   51.262621   51.876981   17.697840   17.525984   17.871408   20.124008   20.103376   20.149631     98.021168     97.083901     98.964170
 2.001   51.568118   51.259893   51.874251   17.696302   17.524476   17.869847   20.123172   20.102533   20.148802     98.042305     97.104883     98.985427
 2.002   51.565373   51.257159   51.871515   17.694760   17.522965   17.868283   20.122333   20.101687   20.147970     98.063526     97.125934     99.006752
 2.003   51.562617   51.254420   51.868774   17.693210   17.521451   17.866717   20.121491   20.100838   20.147135     98.084830     97.147055     99.028148
 2.004   51.559852   51.251674   51.866025   17.691656   17.519933   17.865146   20.120646   20.099986   20.146297     98.106218     97.168250     99.049617
 2.005   51.557077   51.248920   51.863268   17.690097   17.518412   17.863570   20.119798   20.099131   20.145456     98.127687     97.189521     99.071163
 2.006   51.554291   51.246157   51.860503   17.688532   17.516885   17.861991   20.118947   20.098272   20.144612     98.149238     97.210869     99.092786
 2.007   51.551497   51.243386   51.857728   17.686962   17.515355   17.860405   20.118093   20.097412   20.143765     98.170867     97.232296     99.114486
 2.008   51.548693   51.240606   51.854943   17.685388   17.513820   17.858816   20.117237   20.096548   20.142916     98.192575     97.253799     99.136260
 2.009   51.545879   51.237820   51.852151   17.683808   17.512282   17.857220   20.116378   20.095681   20.142063     98.214359     97.275375     99.158103
 2.010   51.543057   51.235029   51.849351   17.682224   17.510740   17.855622   20.115516   20.094812   20.141209     98.236217     97.297020     99.180011
 2.011   51.540227   51.232232   51.846544   17.680635   17.509197   17.854019   20.114652   20.093941   20.140351     98.258145     97.318732     99.201979
 2.012   51.537388   51.229430   51.843730   17.679041   17.507649   17.852414   20.113785   20.093067   20.139492     98.280143     97.340507     99.224007
 2.013   51.534541   51.226624   51.840910   17.677444   17.506101   17.850804   20.112916   20.092190   20.138630     98.302207     97.362342     99.246091
 2.014   51.531687   51.223812   51.838085   17.675842   17.504550   17.849193   20.112045   20.091312   20.137766     98.324333     97.384234     99.268232
 2.015   51.528826   51.220995   51.835253   17.674238   17.502996   17.847577   20.111172   20.090431   20.136900     98.346519     97.406183     99.290427
 2.016   51.525959   51.218172   51.832415   17.672630   17.501439   17.845958   20.110297   20.089549   20.136032     98.368761     97.428187     99.312678
 2.017   51.523085   51.215343   51.829569   17.671018   17.499878   17.844335   20.109420   20.088664   20.135162     98.391055     97.450248     99.334980
 2.018   51.520206   51.212509   51.826716   17.669404   17.498315   17.842708   20.108541   20.087778   20.134291     98.413398     97.472364     99.357332
 2.019   51.517322   51.209669   51.823854   17.667786   17.496749   17.841077   20.107661   20.086891   20.133418     98.435786     97.494534     99.379729
 2.020   51.514434   51.206825   51.820985   17.666168   17.495182   17.839441   20.106780   20.086002   20.132544     98.458215     97.516755     99.402165
 2.021   51.511541   51.203978   51.818109   17.664546   17.493613   17.837802   20.105898   20.085113   20.131669     98.480681     97.539022     99.424638
 2.022   51.508644   51.201128   51.815226   17.662922   17.492041   17.836159   20.105014   20.084222   20.130793     98.503181     97.561331     99.447142
 2.023   51.505745   51.198275   51.812338   17.661298   17.490469   17.834513   20.104130   20.083330   20.129916     98.525711     97.583677     99.469676
 2.024   51.502843   51.195419   51.809446   17.659672   17.488896   17.832866   20.103245   20.082438   20.129038     98.548267     97.606052     99.492235
 2.025   51.499938   51.192562   51.806551   17.658046   17.487321   17.831217   20.102360   20.081545   20.128160     98.570847     97.628454     99.514818
 2.026   51.497032   51.189702   51.803653   17.656418   17.485747   17.829566   20.101474   20.080651   20.127281     98.593447     97.650880     99.537421
 2.027   51.494124   51.186842   51.800751   17.654790   17.484172   17.827914   20.100587   20.079757   20.126402     98.616066     97.673331     99.560040
 2.028   51.491215   51.183981   51.797844   17.653161   17.482597   17.826259   20.099701   20.078863   20.125522     98.638700     97.695809     99.582672
 2.029   51.488305   51.181121   51.794931   17.651532   17.481022   17.824601   20.098814   20.077968   20.124642     98.661349     97.718317     99.605314
 2.030   51.485393   51.178261   51.792011   17.649903   17.479448   17.822939   20.097927   20.077074   20.123762     98.684009     97.740854     99.627963
 2.031   51.482482   51.175402   51.789085   17.648274   17.477875   17.821274   20.097039   20.076179   20.122882     98.706680     97.763422     99.650618
 2.032   51.479570   51.172544   51.786152   17.646644   17.476302   17.819605   20.096152   20.075284   20.122002     98.729360     97.786017     99.673278
 2.033   51.476657   51.169687   51.783214   17.645015   17.474730   17.817934   20.095265   20.074390   20.121122     98.752047     97.808635     99.695942
 2.034   51.473745   51.166830   51.780272   17.643386   17.473158   17.816261   20.094378   20.073495   20.120242     98.774739     97.831269     99.718611
 2.035   51.470833   51.163974   51.777328   17.641758   17.471588   17.814586   20.093491   20.072601   20.119363     98.797435     97.853915     99.741282
 2.036   51.467922   51.161119   51.774384   17.640130   17.470018   17.812913   20.092604   20.071707   20.118483     98.820133     97.876567     99.763953
 2.037   51.465011   51.158265   51.771439   17.638502   17.468448   17.811238   20.091718   20.070813   20.117604     98.842831     97.899222     99.786621
 2.038   51.462101   51.155415   51.768493   17.636876   17.466882   17.809564   20.090832   20.069919   20.116725     98.865527     97.921880     99.809279
 2.039   51.459192   51.152569   51.765547   17.635250   17.465317   17.807889   20.089947   20.069026   20.115847     98.888219     97.944542     99.831925
 2.040   51.456286   51.149728   51.762598   17.633626   17.463756   17.806214   20.089062   20.068134   20.114969     98.910904     97.967207     99.854554
 2.041   51.453381   51.146892   51.759648   17.632003   17.462198   17.804538   20.088177   20.067242   20.114092     98.933580     97.989875     99.877163
 2.042   51.450478   51.144061   51.756696   17.630382   17.460642   17.802861   20.087294   20.066351   20.113216     98.956244     98.012544     99.899750
 2.043   51.447577   51.141236   51.753743   17.628761   17.459090   17.801184   20.086411   20.065461   20.112340     98.978895     98.035208     99.922314
 2.044   51.444680   51.138416   51.750791   17.627144   17.457541   17.799507   20.085530   20.064572   20.111466     99.001529     98.057864     99.944855
 2.045   51.441786   51.135600   51.747841   17.625527   17.455995   17.797833   20.084649   20.063684   20.110593     99.024143     98.080505     99.967372
 2.046   51.438895   51.132788   51.744893   17.623914   17.454451   17.796160   20.083770   20.062798   20.109720     99.046736     98.103127     99.989866
 2.047   51.436008   51.129980   51.741949   17.622302   17.452910   17.794489   20.082892   20.061912   20.108849     99.069303     98.125724    100.012335
 2.048   51.433126   51.127176   51.739010   17.620694   17.451370   17.792820   20.082015   20.061028   20.107980     99.091843     98.148294    100.034778
 2.049   51.430248   51.124376   51.736075   17.619089   17.449834   17.791155   20.081140   20.060145   20.107111     99.114352     98.170834    100.057191
 2.050   51.427375   51.121581   51.733144   17.617485   17.448299   17.789493   20.080266   20.059265   20.106245     99.136827     98.193343    100.079570
 2.051   51.424508   51.118791   51.730218   17.615886   17.446769   17.787832   20.079395   20.058385   20.105380     99.159266     98.215819    100.101912
 2.052   51.421646   51.116007   51.727296   17.614290   17.445242   17.786175   20.078524   20.057508   20.104517     99.181666     98.238258    100.124214
 2.053   51.418791   51.113230   51.724380   17.612697   17.443718   17.784522   20.077656   20.056633   20.103656     99.204025     98.260659    100.146473
 2.054   51.415941   51.110460   51.721469   17.611109   17.442199   17.782872   20.076790   20.055759   20.102797     99.226340     98.283021    100.168684
 2.055   51.413098   51.107697   51.718563   17.609524   17.440684   17.781224   20.075926   20.054888   20.101940     99.248610     98.305340    100.190849
 2.056   51.410262   51.104940   51.715665   17.607943   17.439173   17.779582   20.075064   20.054019   20.101085     99.270832     98.327610    100.212969
 2.057   51.407433   51.102188   51.712775   17.606366   17.437664   17.777944   20.074205   20.053152   20.100232     99.293006     98.349829    100.235046
 2.058   51.404610   51.099440   51.709894   17.604793   17.436157   17.776313   20.073347   20.052287   20.099381     99.315131     98.371991    100.257083
 2.059   51.401795   51.096694   51.707024   17.603225   17.434653   17.774686   20.072492   20.051425   20.098533     99.337207     98.394095    100.279083
 2.060   51.398987   51.093951   51.704163   17.601661   17.433150   17.773066   20.071639   20.050564   20.097687     99.359232     98.416139    100.301047
 2.061   51.396185   51.091211   51.701313   17.600101   17.431649   17.771452   20.070788   20.049706   20.096843     99.381207     98.438123    100.322975
 2.062   51.393391   51.088473   51.698473   17.598544   17.430149   17.769843   20.069939   20.048851   20.096001     99.403133     98.460049    100.344868
 2.063   51.390604   51.085739   51.695642   17.596992   17.428651   17.768241   20.069093   20.047997   20.095161     99.425011     98.481919    100.366722
 2.064   51.387823   51.083009   51.692820   17.595444   17.427157   17.766643   20.068248   20.047146   20.094323     99.446842     98.503737    100.388536
 2.065   51.385048   51.080284   51.690005   17.593900   17.425665   17.765050   20.067406   20.046296   20.093488     99.468629     98.525508    100.410309
 2.066   51.382280   51.077564   51.687197   17.592360   17.424176   17.763462   20.066566   20.045449   20.092654     99.490373     98.547233    100.432044
 2.067   51.379517   51.074847   51.684396   17.590821   17.422689   17.761877   20.065727   20.044603   20.091822     99.512077     98.568915    100.453745
 2.068   51.376760   51.072132   51.681603   17.589288   17.421203   17.760297   20.064890   20.043759   20.090992     99.533744     98.590553    100.475419
 2.069   51.374008   51.069418   51.678818   17.587757   17.419718   17.758721   20.064055   20.042917   20.090163     99.555377     98.612148    100.497074
 2.070   51.371260   51.066703   51.676041   17.586228   17.418232   17.757151   20.063221   20.042076   20.089336     99.576979     98.633700    100.518714
 2.071   51.368517   51.063986   51.673272   17.584703   17.416746   17.755585   20.062388   20.041237   20.088510     99.598554     98.655214    100.540347
 2.072   51.365777   51.061268   51.670510   17.583179   17.415258   17.754023   20.061557   20.040398   20.087686     99.620105     98.676692    100.561973
 2.073   51.363040   51.058547   51.667755   17.581658   17.413772   17.752466   20.060727   20.039561   20.086862     99.641636     98.698141    100.583593
 2.074   51.360306   51.055826   51.665004   17.580138   17.412284   17.750912   20.059898   20.038725   20.086040     99.663150     98.719566    100.605207
 2.075   51.357575   51.053106   51.662258   17.578620   17.410796   17.749360   20.059069   20.037890   20.085218     99.684651     98.740973    100.626814
 2.076   51.354845   51.050386   51.659514   17.577104   17.409309   17.747809   20.058241   20.037055   20.084396     99.706141     98.762367    100.648415
 2.077   51.352117   51.047666   51.656773   17.575587   17.407823   17.746261   20.057414   20.036221   20.083576     99.727623     98.783751    100.670012
 2.078   51.349391   51.044947   51.654034   17.574072   17.406336   17.744714   20.056587   20.035387   20.082756     99.749101     98.805127    100.691608
 2.079   51.346665   51.042226   51.651297   17.572558   17.404849   17.743169   20.055761   20.034554   20.081936     99.770576     98.826495    100.713208
 2.080   51.343940   51.039502   51.648564   17.571045   17.403361   17.741624   20.054935   20.033721   20.081116     99.792051     98.847857    100.734819
 2.081   51.341216   51.036776   51.645833   17.569532   17.401872   17.740083   20.054109   20.032888   20.080297     99.813527     98.869213    100.756442
 2.082   51.338491   51.034046   51.643104   17.568020   17.400382   17.738543   20.053283   20.032055   20.079478     99.835007     98.890566    100.778080
 2.083   51.335767   51.031313   51.640377   17.566507   17.398889   17.737004   20.052457   20.031223   20.078659     99.856493     98.911919    100.799734
 2.084   51.333042   51.028577   51.637651   17.564995   17.397395   17.735465   20.051632   20.030390   20.077840     99.877986     98.933276    100.821403
 2.085   51.330317   51.025839   51.634925   17.563483   17.395901   17.733927   20.050806   20.029558   20.077021     99.899488     98.954640    100.843086
 2.086   51.327591   51.023100   51.632199   17.561970   17.394405   17.732389   20.049980   20.028725   20.076201     99.921000     98.976011    100.864780
 2.087   51.324865   51.020361   51.629474   17.560457   17.392910   17.730852   20.049154   20.027892   20.075382     99.942523     98.997391    100.886485
 2.088   51.322137   51.017622   51.626748   17.558944   17.391416   17.729315   20.048328   20.027059   20.074562     99.964059     99.018779    100.908198
 2.089   51.319409   51.014882   51.624024   17.557431   17.389921   17.727779   20.047502   20.026225   20.073742     99.985608     99.040173    100.929922
 2.090   51.316679   51.012143   51.621301   17.555917   17.388426   17.726243   20.046675   20.025392   20.072922    100.007172     99.061574    100.951658
 2.091   51.313948   51.009403   51.618580   17.554403   17.386932   17.724709   20.045848   20.024558   20.072102    100.028752     99.082982    100.973407
 2.092   51.311215   51.006662   51.615860   17.552888   17.385437   17.723176   20.045020   20.023723   20.071281    100.050349     99.104398    100.995171
 2.093   51.308481   51.003920   51.613140   17.551373   17.383942   17.721643   20.044192   20.022889   20.070460    100.071963     99.125826    101.016952
 2.094   51.305745   51.001177   51.610420   17.549856   17.382447   17.720110   20.043364   20.022053   20.069638    100.093598     99.147269    101.038751
 2.095   51.303007   50.998432   51.607699   17.548339   17.380950   17.718576   20.042535   20.021218   20.068816    100.115255     99.168730    101.060571
 2.096   51.300266   50.995684   51.604976   17.546820   17.379453   17.717043   20.041706   20.020381   20.067993    100.136935     99.190213    101.082414
 2.097   51.297523   50.992934   51.602251   17.545301   17.377954   17.715508   20.040875   20.019544   20.067169    100.158641     99.211719    101.104284
 2.098   51.294777   50.990182   51.599525   17.543779   17.376454   17.713973   20.040044   20.018706   20.066345    100.180377     99.233249    101.126183
 2.099   51.292027   50.987426   51.596797   17.542256   17.374953   17.712437   20.039212   20.017867   20.065519    100.202144     99.254806    101.148113
 2.100   51.289274   50.984666   51.594068   17.540731   17.373449   17.710901   20.038379   20.017027   20.064693    100.223948     99.276391    101.170079
 2.101   51.286516   50.981902   51.591337   17.539205   17.371944   17.709363   20.037545   20.016186   20.063865    100.245791     99.298007    101.192083
 2.102   51.283753   50.979134   51.588603   17.537675   17.370436   17.707824   20.036709   20.015343   20.063036    100.267677     99.319658    101.214131
 2.103   51.280985   50.976361   51.585866   17.536143   17.368926   17.706284   20.035872   20.014499   20.062206    100.289611     99.341352    101.236225
 2.104   51.278211   50.973582   51.583124   17.534608   17.367414   17.704742   20.035033   20.013653   20.061373    100.311598     99.363094    101.258372
 2.105   51.275431   50.970797   51.580376   17.533070   17.365898   17.703195   20.034192   20.012805   20.060539    100.333642     99.384891    101.280575
 2.106   51.272643   50.968004   51.577622   17.531528   17.364378   17.701646   20.033349   20.011955   20.059703    100.355749     99.406746    101.302841
 2.107   51.269848   50.965203   51.574862   17.529981   17.362854   17.700094   20.032504   20.011103   20.058865    100.377923     99.428664    101.325177
 2.108   51.267044   50.962394   51.572095   17.528430   17.361325   17.698538   20.031656   20.010248   20.058024    100.400169     99.450647    101.347587
 2.109   51.264231   50.959574   51.569322   17.526875   17.359791   17.696979   20.030806   20.009391   20.057180    100.422492     99.472697    101.370077
 2.110   51.261408   50.956744   51.566544   17.525314   17.358252   17.695417   20.029953   20.008531   20.056334    100.444898     99.494817    101.392653
 2.111   51.258575   50.953903   51.563759   17.523748   17.356707   17.693852   20.029097   20.007667   20.055484    100.467391     99.517012    101.415319
 2.112   51.255731   50.951050   51.560966   17.522176   17.355156   17.692283   20.028237   20.006801   20.054632    100.489976     99.539286    101.438080
 2.113   51.252876   50.948185   51.558165   17.520598   17.353599   17.690709   20.027375   20.005931   20.053776    100.512657     99.561647    101.460940
 2.114   51.250009   50.945308   51.555354   17.519014   17.352034   17.689130   20.026508   20.005057   20.052917    100.535438     99.584102    101.483903
 2.115   51.247130   50.942418   51.552532   17.517423   17.350464   17.687544   20.025639   20.004180   20.052054    100.558323     99.606656    101.506971
 2.116   51.244237   50.939516   51.549699   17.515825   17.348886   17.685953   20.024765   20.003299   20.051187    100.581317     99.629313    101.530148
 2.117   51.241332   50.936599   51.546854   17.514221   17.347302   17.684356   20.023887   20.002414   20.050316    100.604421     99.652074    101.553437
 2.118   51.238412   50.933670   51.543998   17.512608   17.345710   17.682752   20.023006   20.001525   20.049442    100.627640     99.674939    101.576842
 2.119   51.235479   50.930725   51.541133   17.510989   17.344111   17.681144   20.022120   20.000632   20.048563    100.650975     99.697907    101.600365
 2.120   51.232532   50.927766   51.538259   17.509362   17.342504   17.679530   20.021230   19.999735   20.047680    100.674429     99.720976    101.624009
 2.121   51.229570   50.924792   51.535375   17.507727   17.340889   17.677912   20.020336   19.998833   20.046793    100.698004     99.744149    101.647777
 2.122   51.226594   50.921803   51.532482   17.506085   17.339267   17.676289   20.019437   19.997927   20.045902    100.721700     99.767427    101.671670
 2.123   51.223603   50.918799   51.529579   17.504435   17.337637   17.674660   20.018535   19.997017   20.045006    100.745520     99.790813    101.695687
 2.124   51.220598   50.915781   51.526664   17.502776   17.335998   17.673025   20.017628   19.996102   20.044106    100.769464     99.814313    101.719829
 2.125   51.217577   50.912747   51.523737   17.501110   17.334352   17.671382   20.016716   19.995183   20.043202    100.793532     99.837929    101.744097
 2.126   51.214542   50.909698   51.520795   17.499436   17.332697   17.669734   20.015800   19.994260   20.042294    100.817726     99.861667    101.768491
 2.127   51.211491   50.906634   51.517839   17.497754   17.331036   17.668076   20.014880   19.993332   20.041381    100.842044     99.885527    101.793015
 2.128   51.208426   50.903552   51.514869   17.496064   17.329364   17.666412   20.013955   19.992399   20.040463    100.866486     99.909509    101.817669
 2.129   51.205347   50.900454   51.511884   17.494367   17.327683   17.664739   20.013026   19.991462   20.039542    100.891053     99.933612    101.842455
 2.130   51.202252   50.897338   51.508887   17.492661   17.325995   17.663059   20.012093   19.990521   20.038616    100.915742     99.957832    101.867374
 2.131   51.199143   50.894205   51.505877   17.490948   17.324296   17.661372   20.011155   19.989576   20.037686    100.940555     99.982169    101.892426
 2.132   51.196020   50.891056   51.502854   17.489227   17.322589   17.659678   20.010214   19.988626   20.036751    100.965490    100.006621    101.917608
 2.133   51.192882   50.887889   51.499819   17.487498   17.320874   17.657979   20.009268   19.987672   20.035813    100.990546    100.031187    101.942920
 2.134   51.189730   50.884707   51.496771   17.485762   17.319149   17.656272   20.008317   19.986714   20.034870    101.015722    100.055869    101.968357
 2.135   51.186564   50.881510   51.493710   17.484019   17.317417   17.654558   20.007363   19.985752   20.033924    101.041018    100.080666    101.993918
 2.136   51.183384   50.878298   51.490634   17.482268   17.315677   17.652836   20.006404   19.984785   20.032973    101.066433    100.105582    102.019601
 2.137   51.180190   50.875071   51.487543   17.480510   17.313930   17.651106   20.005442   19.983815   20.032018    101.091966    100.130620    102.045406
 2.138   51.176983   50.871829   51.484437   17.478744   17.312174   17.649367   20.004475   19.982840   20.031059    101.117618    100.155782    102.071335
 2.139   51.173761   50.868572   51.481313   17.476971   17.310411   17.647620   20.003505   19.981861   20.030096    101.143388    100.181070    102.097388
 2.140   51.170525   50.865298   51.478173   17.475191   17.308639   17.645863   20.002530   19.980878   20.029129    101.169276    100.206484    102.123568
 2.141   51.167276   50.862008   51.475017   17.473404   17.306858   17.644097   20.001551   19.979891   20.028158    101.195281    100.232024    102.149874
 2.142   51.164013   50.858701   51.471844   17.471609   17.305069   17.642323   20.000568   19.978900   20.027183    101.221404    100.257688    102.176306
 2.143   51.160736   50.855379   51.468656   17.469807   17.303272   17.640540   19.999582   19.977905   20.026204    101.247643    100.283473    102.202863
 2.144   51.157446   50.852041   51.465453   17.467998   17.301467   17.638749   19.998591   19.976906   20.025221    101.274000    100.309376    102.229543
 2.145   51.154142   50.848689   51.462237   17.466181   17.299654   17.636952   19.997596   19.975903   20.024234    101.300472    100.335396    102.256344
 2.146   51.150825   50.845323   51.459005   17.464358   17.297834   17.635146   19.996597   19.974896   20.023243    101.327060    100.361535    102.283261
 2.147   51.147494   50.841944   51.455757   17.462528   17.296008   17.633331   19.995595   19.973885   20.022249    101.353763    100.387799    102.310293
 2.148   51.144150   50.838553   51.452491   17.460692   17.294174   17.631506   19.994588   19.972870   20.021250    101.380579    100.414192    102.337437
 2.149   51.140794   50.835149   51.449205   17.458847   17.292335   17.629670   19.993578   19.971851   20.020248    101.407507    100.440717    102.364692
 2.150   51.137424   50.831733   51.445898   17.456997   17.290490   17.627824   19.992564   19.970829   20.019242    101.434545    100.467379    102.392057
 2.151   51.134042   50.828305   51.442569   17.455140   17.288638   17.625965   19.991547   19.969803   20.018233    101.461691    100.494174    102.419529
 2.152   51.130648   50.824864   51.439221   17.453276   17.286779   17.624096   19.990526   19.968773   20.017220    101.488943    100.521101    102.447107
 2.153   51.127242   50.821412   51.435854   17.451407   17.284916   17.622216   19.989501   19.967740   20.016204    101.516298    100.548149    102.474788
 2.154   51.123825   50.817949   51.432472   17.449531   17.283046   17.620329   19.988473   19.966704   20.015184    101.543752    100.575310    102.502571
 2.155   51.120397   50.814474   51.429076   17.447650   17.281170   17.618434   19.987442   19.965664   20.014161    101.571302    100.602576    102.530449
 2.156   51.116958   50.810990   51.425667   17.445763   17.279290   17.616532   19.986409   19.964622   20.013136    101.598943    100.629940    102.558419
 2.157   51.113510   50.807497   51.422245   17.443872   17.277404   17.614624   19.985372   19.963576   20.012107    101.626671    100.657399    102.586473
 2.158   51.110052   50.803996   51.418811   17.441975   17.275516   17.612709   19.984333   19.962528   20.011076    101.654481    100.684952    102.614605
 2.159   51.106587   50.800489   51.415361   17.440076   17.273625   17.610785   19.983291   19.961478   20.010043    101.682366    100.712600    102.642805
 2.160   51.103113   50.796977   51.411896   17.438171   17.271730   17.608854   19.982247   19.960425   20.009007    101.710321    100.740343    102.671069
 2.161   51.099633   50.793460   51.408416   17.436264   17.269834   17.606915   19.981201   19.959371   20.007970    101.738340    100.768175    102.699389
 2.162   51.096147   50.789939   51.404922   17.434353   17.267936   17.604967   19.980154   19.958314   20.006931    101.766416    100.796090    102.727759
 2.163   51.092656   50.786415   51.401416   17.432441   17.266037   17.603014   19.979105   19.957257   20.005890    101.794542    100.824076    102.756175
 2.164   51.089160   50.782888   51.397901   17.430525   17.264136   17.601056   19.978055   19.956198   20.004849    101.822713    100.852122    102.784632
 2.165   51.085660   50.779358   51.394379   17.428608   17.262234   17.599095   19.977004   19.955138   20.003806    101.850922    100.880215    102.813125
 2.166   51.082158   50.775825   51.390852   17.426691   17.260331   17.597131   19.975952   19.954077   20.002762    101.879163    100.908347    102.841648
 2.167   51.078653   50.772291   51.387322   17.424772   17.258428   17.595165   19.974900   19.953016   20.001718    101.907431    100.936510    102.870195
 2.168   51.075147   50.768757   51.383788   17.422853   17.256524   17.593198   19.973847   19.951955   20.000674    101.935719    100.964701    102.898759
 2.169   51.071640   50.765225   51.380249   17.420934   17.254623   17.591229   19.972794   19.950893   19.999630    101.964023    100.992918    102.927332
 2.170   51.068133   50.761694   51.376706   17.419014   17.252723   17.589257   19.971742   19.949832   19.998586    101.992337    101.021160    102.955908
 2.171   51.064626   50.758167   51.373157   17.417096   17.250824   17.587283   19.970689   19.948770   19.997541    102.020658    101.049425    102.984480
 2.172   51.061120   50.754643   51.369605   17.415178   17.248928   17.585308   19.969637   19.947709   19.996498    102.048980    101.077707    103.013047
 2.173   51.057615   50.751122   51.366050   17.413262   17.247033   17.583331   19.968586   19.946649   19.995455    102.077301    101.106001    103.041605
 2.174   51.054112   50.747604   51.362494   17.411346   17.245142   17.581354   19.967535   19.945589   19.994412    102.105616    101.134299    103.070154
 2.175   51.050612   50.744090   51.358937   17.409432   17.243251   17.579378   19.966485   19.944531   19.993370    102.133922    101.162595    103.098691
 2.176   51.047113   50.740578   51.355383   17.407521   17.241364   17.577402   19.965435   19.943473   19.992329    102.162218    101.190884    103.127214
 2.177   51.043617   50.737071   51.351830   17.405610   17.239478   17.575428   19.964387   19.942415   19.991289    102.190500    101.219160    103.155721
 2.178   51.040125   50.733568   51.348281   17.403702   17.237595   17.573456   19.963340   19.941359   19.990250    102.218767    101.247421    103.184208
 2.179   51.036635   50.730070   51.344734   17.401795   17.235716   17.571486   19.962293   19.940304   19.989212    102.247018    101.275668    103.212670
 2.180   51.033149   50.726578   51.341189   17.399892   17.233839   17.569517   19.961248   19.939251   19.988176    102.275251    101.303901    103.241106
 2.181   51.029666   50.723093   51.337646   17.397990   17.231967   17.567550   19.960204   19.938198   19.987140    102.303465    101.332119    103.269513
 2.182   51.026186   50.719614   51.334106   17.396090   17.230099   17.565586   19.959162   19.937146   19.986105    102.331660    101.360322    103.297891
 2.183   51.022710   50.716141   51.330568   17.394193   17.228234   17.563622   19.958120   19.936096   19.985072    102.359835    101.388510    103.326242
 2.184   51.019238   50.712673   51.327032   17.392298   17.226372   17.561660   19.957080   19.935047   19.984040    102.387990    101.416681    103.354567
 2.185   51.015769   50.709210   51.323499   17.390405   17.224514   17.559700   19.956040   19.933999   19.983009    102.416124    101.444833    103.382867
 2.186   51.012304   50.705752   51.319971   17.388515   17.222658   17.557742   19.955002   19.932952   19.981979    102.444237    101.472964    103.411144
 2.187   51.008842   50.702298   51.316446   17.386626   17.220804   17.555788   19.953966   19.931907   19.980951    102.472330    101.501073    103.439398
 2.188   51.005384   50.698849   51.312926   17.384741   17.218954   17.553837   19.952930   19.930863   19.979923    102.500402    101.529158    103.467625
 2.189   51.001930   50.695406   51.309411   17.382857   17.217107   17.551888   19.951896   19.929820   19.978897    102.528452    101.557218    103.495825
 2.190   50.998479   50.691968   51.305900   17.380976   17.215264   17.549942   19.950862   19.928778   19.977872    102.556481    101.585253    103.523996
 2.191   50.995032   50.688537   51.302395   17.379097   17.213424   17.547999   19.949831   19.927738   19.976849    102.584488    101.613262    103.552135
 2.192   50.991589   50.685113   51.298895   17.377221   17.211588   17.546061   19.948800   19.926698   19.975826    102.612472    101.641245    103.580243
 2.193   50.988150   50.681695   51.295399   17.375347   17.209756   17.544124   19.947771   19.925661   19.974805    102.640433    101.669202    103.608320
 2.194   50.984715   50.678283   51.291909   17.373476   17.207928   17.542191   19.946743   19.924624   19.973785    102.668369    101.697132    103.636367
 2.195   50.981284   50.674875   51.288423   17.371608   17.206102   17.540260   19.945716   19.923589   19.972767    102.696279    101.725035    103.664385
 2.196   50.977858   50.671473   51.284941   17.369741   17.204280   17.538333   19.944691   19.922556   19.971750    102.724161    101.752910    103.692373
 2.197   50.974436   50.668075   51.281465   17.367879   17.202460   17.536409   19.943668   19.921523   19.970734    102.752015    101.780756    103.720333
 2.198   50.971019   50.664682   51.277993   17.366019   17.200642   17.534487   19.942646   19.920493   19.969720    102.779837    101.808572    103.748262
 2.199   50.967608   50.661293   51.274526   17.364162   17.198828   17.532569   19.941625   19.919464   19.968708    102.807626    101.836354    103.776159
 2.200   50.964201   50.657910   51.271065   17.362309   17.197017   17.530654   19.940607   19.918437   19.967698    102.835378    101.864099    103.804019
 2.201   50.960801   50.654533   51.267609   17.360459   17.195210   17.528743   19.939590   19.917412   19.966689    102.863091    101.891806    103.831839
 2.202   50.957406   50.651162   51.264161   17.358612   17.193406   17.526836   19.938575   19.916389   19.965682    102.890763    101.919471    103.859618
 2.203   50.954018   50.647797   51.260719   17.356770   17.191606   17.524933   19.937562   19.915368   19.964678    102.918391    101.947090    103.887353
 2.204   50.950637   50.644440   51.257284   17.354931   17.189809   17.523034   19.936552   19.914349   19.963675    102.945973    101.974662    103.915040
 2.205   50.947263   50.641089   51.253856   17.353097   17.188017   17.521140   19.935543   19.913332   19.962675    102.973506    102.002185    103.942679
 2.206   50.943896   50.637745   51.250435   17.351266   17.186229   17.519250   19.934537   19.912318   19.961676    103.000989    102.029660    103.970267
 2.207   50.940536   50.634408   51.247021   17.349441   17.184445   17.517363   19.933533   19.911305   19.960680    103.028420    102.057086    103.997803
 2.208   50.937184   50.631079   51.243612   17.347619   17.182666   17.515480   19.932532   19.910296   19.959687    103.055798    102.084466    104.025286
 2.209   50.933839   50.627757   51.240208   17.345803   17.180890   17.513600   19.931533   19.909288   19.958696    103.083120    102.111800    104.052716
 2.210   50.930502   50.624442   51.236809   17.343990   17.179119   17.511723   19.930536   19.908284   19.957707    103.110387    102.139088    104.080091
 2.211   50.927173   50.621135   51.233415   17.342183   17.177352   17.509849   19.929542   19.907281   19.956721    103.137597    102.166328    104.107410
 2.212   50.923853   50.617835   51.230026   17.340379   17.175589   17.507979   19.928551   19.906281   19.955737    103.164750    102.193522    104.134672
 2.213   50.920540   50.614543   51.226642   17.338581   17.173832   17.506111   19.927562   19.905284   19.954756    103.191844    102.220665    104.161878
 2.214   50.917235   50.611259   51.223265   17.336787   17.172078   17.504248   19.926575   19.904290   19.953777    103.218880    102.247757    104.189026
 2.215   50.913939   50.607982   51.219895   17.334998   17.170328   17.502388   19.925591   19.903298   19.952801    103.245858    102.274794    104.216116
 2.216   50.910650   50.604714   51.216533   17.333214   17.168583   17.500534   19.924610   19.902308   19.951827    103.272776    102.301774    104.243147
 2.217   50.907370   50.601454   51.213178   17.331435   17.166843   17.498684   19.923631   19.901321   19.950856    103.299636    102.328697    104.270118
 2.218   50.904098   50.598202   51.209831   17.329660   17.165109   17.496838   19.922655   19.900337   19.949887    103.326436    102.355562    104.297028
 2.219   50.900834   50.594959   51.206492   17.327890   17.163379   17.494998   19.921681   19.899355   19.948921    103.353177    102.382369    104.323877
 2.220   50.897579   50.591725   51.203161   17.326125   17.161653   17.493162   19.920710   19.898376   19.947958    103.379860    102.409121    104.350665
 2.221   50.894331   50.588500   51.199836   17.324364   17.159932   17.491329   19.919741   19.897399   19.946997    103.406483    102.435817    104.377391
 2.222   50.891091   50.585283   51.196519   17.322608   17.158218   17.489502   19.918775   19.896425   19.946038    103.433047    102.462458    104.404057
 2.223   50.887860   50.582074   51.193208   17.320857   17.156507   17.487678   19.917811   19.895453   19.945082    103.459552    102.489044    104.430662
 2.224   50.884637   50.578874   51.189905   17.319111   17.154800   17.485859   19.916850   19.894484   19.944129    103.485998    102.515576    104.457207
 2.225   50.881422   50.575682   51.186609   17.317369   17.153100   17.484043   19.915891   19.893518   19.943178    103.512385    102.542051    104.483692
 2.226   50.878215   50.572499   51.183321   17.315632   17.151403   17.482233   19.914935   19.892554   19.942229    103.538712    102.568466    104.510116
 2.227   50.875016   50.569323   51.180043   17.313900   17.149711   17.480429   19.913982   19.891593   19.941283    103.564980    102.594816    104.536479
 2.228   50.871826   50.566157   51.176777   17.312172   17.148025   17.478631   19.913031   19.890634   19.940340    103.591186    102.621097    104.562780
 2.229   50.868643   50.562999   51.173521   17.310449   17.146342   17.476840   19.912083   19.889678   19.939399    103.617332    102.647308    104.589019
 2.230   50.865470   50.559850   51.170278   17.308732   17.144666   17.475056   19.911137   19.888725   19.938461    103.643416    102.673444    104.615194
 2.231   50.862305   50.556710   51.167048   17.307019   17.142994   17.473279   19.910194   19.887774   19.937525    103.669437    102.699506    104.641305
 2.232   50.859148   50.553579   51.163829   17.305311   17.141327   17.471508   19.909254   19.886826   19.936592    103.695395    102.725495    104.667349
 2.233   50.856000   50.550458   51.160622   17.303609   17.139666   17.469745   19.908316   19.885881   19.935662    103.721289    102.751411    104.693325
 2.234   50.852861   50.547347   51.157424   17.301910   17.138010   17.467987   19.907381   19.884938   19.934734    103.747117    102.777259    104.719233
 2.235   50.849731   50.544245   51.154237   17.300217   17.136359   17.466234   19.906449   19.883998   19.933809    103.772879    102.803037    104.745072
 2.236   50.846610   50.541151   51.151060   17.298530   17.134714   17.464488   19.905520   19.883061   19.932887    103.798574    102.828744    104.770846
 2.237   50.843497   50.538065   51.147895   17.296847   17.133073   17.462749   19.904593   19.882127   19.931968    103.824201    102.854375    104.796557
 2.238   50.840394   50.534985   51.144744   17.295170   17.131434   17.461017   19.903669   19.881196   19.931051    103.849760    102.879923    104.822208
 2.239   50.837301   50.531911   51.141608   17.293498   17.129800   17.459295   19.902748   19.880267   19.930138    103.875251    102.905383    104.847802
 2.240   50.834216   50.528842   51.138489   17.291831   17.128168   17.457581   19.901830   19.879342   19.929227    103.900674    102.930751    104.873340
 2.241   50.831140   50.525778   51.135387   17.290170   17.126539   17.455878   19.900915   19.878419   19.928319    103.926027    102.956025    104.898822
 2.242   50.828074   50.522720   51.132301   17.288513   17.124914   17.454184   19.900002   19.877499   19.927413    103.951312    102.981208    104.924246
 2.243   50.825017   50.519668   51.129230   17.286862   17.123292   17.452498   19.899093   19.876582   19.926511    103.976528    103.006303    104.949611
 2.244   50.821969   50.516623   51.126173   17.285216   17.121674   17.450819   19.898186   19.875668   19.925611    104.001677    103.031318    104.974913
 2.245   50.818930   50.513586   51.123127   17.283575   17.120061   17.449148   19.897282   19.874756   19.924714    104.026759    103.056258    105.000152
 2.246   50.815899   50.510557   51.120092   17.281939   17.118453   17.447482   19.896380   19.873847   19.923820    104.051774    103.081125    105.025328
 2.247   50.812877   50.507534   51.117068   17.280308   17.116847   17.445824   19.895482   19.872941   19.922928    104.076725    103.105919    105.050446
 2.248   50.809864   50.504517   51.114057   17.278681   17.115245   17.444172   19.894586   19.872038   19.922039    104.101612    103.130639    105.075510
 2.249   50.806859   50.501503   51.111059   17.277060   17.113645   17.442528   19.893692   19.871137   19.921153    104.126439    103.155280    105.100526
 2.250   50.803862   50.498492   51.108075   17.275444   17.112047   17.440892   19.892801   19.870239   19.920268    104.151205    103.179840    105.125501
 2.251   50.800873   50.495483   51.105107   17.273831   17.110449   17.439265   19.891912   19.869343   19.919387    104.175915    103.204319    105.150436
 2.252   50.797891   50.492476   51.102154   17.272223   17.108854   17.437645   19.891026   19.868449   19.918507    104.200569    103.228720    105.175334
 2.253   50.794916   50.489471   51.099214   17.270619   17.107260   17.436034   19.890142   19.867558   19.917630    104.225171    103.253050    105.200194
 2.254   50.791948   50.486470   51.096285   17.269019   17.105668   17.434428   19.889260   19.866669   19.916755    104.249722    103.277315    105.225013
 2.255   50.788987   50.483474   51.093365   17.267422   17.104079   17.432829   19.888380   19.865782   19.915882    104.274224    103.301523    105.249792
 2.256   50.786032   50.480483   51.090453   17.265830   17.102492   17.431234   19.887502   19.864896   19.915011    104.298681    103.325680    105.274527
 2.257   50.783083   50.477497   51.087548   17.264241   17.100909   17.429642   19.886626   19.864013   19.914142    104.323094    103.349791    105.299221
 2.258   50.780140   50.474516   51.084650   17.262656   17.099329   17.428055   19.885752   19.863132   19.913274    104.347466    103.373859    105.323875
 2.259   50.777202   50.471540   51.081758   17.261072   17.097752   17.426472   19.884879   19.862252   19.912409    104.371798    103.397883    105.348494
 2.260   50.774270   50.468566   51.078875   17.259493   17.096176   17.424894   19.884008   19.861374   19.911545    104.396092    103.421861    105.373082
 2.261   50.771343   50.465595   51.075999   17.257917   17.094602   17.423319   19.883139   19.860498   19.910682    104.420350    103.445795    105.397643
 2.262   50.768421   50.462626   51.073130   17.256344   17.093029   17.421749   19.882271   19.859623   19.909821    104.444573    103.469685    105.422177
 2.263   50.765504   50.459659   51.070269   17.254773   17.091458   17.420183   19.881405   19.858750   19.908962    104.468762    103.493535    105.446686
 2.264   50.762591   50.456695   51.067414   17.253205   17.089887   17.418622   19.880540   19.857878   19.908104    104.492919    103.517345    105.471169
 2.265   50.759683   50.453735   51.064566   17.251640   17.088319   17.417063   19.879677   19.857008   19.907247    104.517045    103.541121    105.495625
 2.266   50.756779   50.450778   51.061721   17.250077   17.086754   17.415507   19.878815   19.856139   19.906392    104.541140    103.564866    105.520050
 2.267   50.753880   50.447827   51.058880   17.248517   17.085192   17.413953   19.877955   19.855272   19.905539    104.565205    103.588584    105.544443
 2.268   50.750985   50.444882   51.056042   17.246960   17.083633   17.412401   19.877096   19.854405   19.904686    104.589241    103.612277    105.568800
 2.269   50.748094   50.441943   51.053207   17.245405   17.082078   17.410851   19.876238   19.853541   19.903835    104.613247    103.635948    105.593123
 2.270   50.745208   50.439009   51.050374   17.243853   17.080525   17.409303   19.875382   19.852677   19.902986    104.637225    103.659595    105.617411
 2.271   50.742325   50.436082   51.047543   17.242303   17.078977   17.407756   19.874527   19.851815   19.902137    104.661173    103.683219    105.641665
 2.272   50.739447   50.433160   51.044715   17.240756   17.077431   17.406210   19.873673   19.850955   19.901290    104.685093    103.706819    105.665885
 2.273   50.736573   50.430243   51.041890   17.239211   17.075888   17.404666   19.872820   19.850095   19.900444    104.708985    103.730396    105.690073
 2.274   50.733703   50.427331   51.039068   17.237668   17.074348   17.403124   19.871969   19.849237   19.899600    104.732848    103.753947    105.714232
 2.275   50.730838   50.424423   51.036250   17.236128   17.072811   17.401585   19.871119   19.848380   19.898757    104.756684    103.777471    105.738361
 2.276   50.727976   50.421520   51.033435   17.234590   17.071276   17.400048   19.870271   19.847525   19.897915    104.780491    103.800970    105.762460
 2.277   50.725118   50.418623   51.030623   17.233055   17.069745   17.398512   19.869424   19.846671   19.897074    104.804272    103.824444    105.786525
 2.278   50.722264   50.415732   51.027815   17.231522   17.068217   17.396979   19.868578   19.845818   19.896235    104.828025    103.847896    105.810556
 2.279   50.719415   50.412848   51.025008   17.229992   17.066693   17.395447   19.867733   19.844966   19.895397    104.851752    103.871326    105.834549
 2.280   50.716569   50.409973   51.022204   17.228463   17.065174   17.393916   19.866889   19.844116   19.894560    104.875453    103.894737    105.858503
 2.281   50.713726   50.407105   51.019401   17.226937   17.063660   17.392386   19.866047   19.843267   19.893724    104.899128    103.918129    105.882418
 2.282   50.710888   50.404245   51.016599   17.225413   17.062149   17.390858   19.865206   19.842419   19.892890    104.922779    103.941504    105.906294
 2.283   50.708053   50.401392   51.013800   17.223892   17.060643   17.389331   19.864366   19.841572   19.892056    104.946405    103.964860    105.930136
 2.284   50.705221   50.398545   51.011002   17.222373   17.059139   17.387805   19.863527   19.840726   19.891224    104.970008    103.988197    105.953946
 2.285   50.702393   50.395702   51.008208   17.220856   17.057638   17.386281   19.862689   19.839881   19.890393    104.993588    104.011514    105.977728
 2.286   50.699569   50.392864   51.005416   17.219341   17.056140   17.384758   19.861853   19.839038   19.889563    105.017145    104.034809    106.001483
 2.287   50.696748   50.390031   51.002628   17.217827   17.054646   17.383238   19.861017   19.838196   19.888734    105.040679    104.058081    106.025212
 2.288   50.693930   50.387203   50.999844   17.216316   17.053153   17.381720   19.860183   19.837354   19.887906    105.064193    104.081331    106.048914
 2.289   50.691115   50.384381   50.997063   17.214806   17.051664   17.380204   19.859349   19.836514   19.887079    105.087685    104.104560    106.072585
 2.290   50.688304   50.381566   50.994285   17.213299   17.050179   17.378690   19.858517   19.835675   19.886253    105.111157    104.127768    106.096224
 2.291   50.685496   50.378757   50.991510   17.211793   17.048698   17.377178   19.857685   19.834837   19.885428    105.134609    104.150957    106.119831
 2.292   50.682690   50.375955   50.988738   17.210289   17.047220   17.375668   19.856855   19.833999   19.884604    105.158042    104.174128    106.143407
 2.293   50.679888   50.373159   50.985969   17.208787   17.045745   17.374159   19.856025   19.833163   19.883781    105.181456    104.197279    106.166956
 2.294   50.677088   50.370367   50.983203   17.207287   17.044273   17.372652   19.855197   19.832328   19.882959    105.204851    104.220413    106.190479
 2.295   50.674292   50.367579   50.980439   17.205790   17.042804   17.371147   19.854369   19.831493   19.882138    105.228229    104.243530    106.213981
 2.296   50.671498   50.364796   50.977678   17.204293   17.041337   17.369644   19.853542   19.830660   19.881318    105.251590    104.266629    106.237462
 2.297   50.668706   50.362016   50.974920   17.202798   17.039872   17.368142   19.852716   19.829827   19.880498    105.274935    104.289713    106.260923
 2.298   50.665917   50.359241   50.972164   17.201304   17.038410   17.366642   19.851891   19.828995   19.879679    105.298264    104.312780    106.284361
 2.299   50.663131   50.356471   50.969411   17.199812   17.036950   17.365144   19.851067   19.828164   19.878862    105.321580    104.335833    106.307775
 2.300   50.660346   50.353707   50.966661   17.198321   17.035494   17.363647   19.850244   19.827334   19.878044    105.344882    104.358873    106.331164
 2.301   50.657564   50.350949   50.963912   17.196832   17.034042   17.362151   19.849421   19.826504   19.877228    105.368172    104.381899    106.354528
 2.302   50.654784   50.348197   50.961166   17.195344   17.032593   17.360657   19.848599   19.825675   19.876412    105.391451    104.404914    106.377868
 2.303   50.652006   50.345450   50.958422   17.193858   17.031146   17.359165   19.847777   19.824847   19.875597    105.414718    104.427918    106.401187
 2.304   50.649230   50.342707   50.955680   17.192372   17.029702   17.357674   19.846956   19.824020   19.874783    105.437976    104.450911    106.424489
 2.305   50.646456   50.339967   50.952941   17.190888   17.028260   17.356184   19.846136   19.823193   19.873969    105.461224    104.473894    106.447777
 2.306   50.643683   50.337230   50.950202   17.189404   17.026820   17.354695   19.845316   19.822366   19.873156    105.484463    104.496868    106.471052
 2.307   50.640912   50.334495   50.947465   17.187923   17.025380   17.353207   19.844497   19.821541   19.872343    105.507692    104.519835    106.494316
 2.308   50.638143   50.331763   50.944729   17.186442   17.023943   17.351719   19.843679   19.820716   19.871531    105.530913    104.542795    106.517568
 2.309   50.635376   50.329034   50.941993   17.184963   17.022507   17.350232   19.842861   19.819891   19.870720    105.554123    104.565750    106.540806
 2.310   50.632611   50.326309   50.939258   17.183484   17.021073   17.348746   19.842044   19.819067   19.869909    105.577324    104.588699    106.564027
 2.311   50.629848   50.323588   50.936524   17.182008   17.019643   17.347261   19.841228   19.818244   19.869099    105.600514    104.611642    106.587230
 2.312   50.627086   50.320871   50.933790   17.180532   17.018214   17.345776   19.840412   19.817422   19.868289    105.623693    104.634578    106.610415
 2.313   50.624327   50.318158   50.931058   17.179057   17.016788   17.344292   19.839597   19.816600   19.867481    105.646861    104.657506    106.633582
 2.314   50.621570   50.315448   50.928327   17.177584   17.015363   17.342809   19.838782   19.815779   19.866673    105.670016    104.680422    106.656733
 2.315   50.618815   50.312742   50.925598   17.176113   17.013941   17.341327   19.837969   19.814959   19.865865    105.693157    104.703327    106.679868
 2.316   50.616062   50.310038   50.922871   17.174643   17.012520   17.339846   19.837156   19.814139   19.865059    105.716285    104.726220    106.702987
 2.317   50.613312   50.307337   50.920145   17.173174   17.011101   17.338366   19.836343   19.813320   19.864253    105.739398    104.749100    106.726090
 2.318   50.610564   50.304640   50.917421   17.171706   17.009683   17.336889   19.835532   19.812502   19.863448    105.762497    104.771968    106.749174
 2.319   50.607819   50.301946   50.914699   17.170241   17.008269   17.335411   19.834722   19.811685   19.862644    105.785579    104.794826    106.772239
 2.320   50.605077   50.299257   50.911976   17.168777   17.006855   17.333934   19.833912   19.810869   19.861840    105.808646    104.817674    106.795282
 2.321   50.602337   50.296571   50.909255   17.167315   17.005446   17.332457   19.833103   19.810054   19.861038    105.831696    104.840511    106.818303
 2.322   50.599599   50.293891   50.906535   17.165853   17.004039   17.330981   19.832295   19.809239   19.860236    105.854730    104.863337    106.841300
 2.323   50.596865   50.291214   50.903816   17.164395   17.002633   17.329507   19.831488   19.808425   19.859436    105.877745    104.886150    106.864276
 2.324   50.594133   50.288542   50.901099   17.162937   17.001230   17.328034   19.830682   19.807613   19.858636    105.900744    104.908948    106.887230
 2.325   50.591404   50.285873   50.898384   17.161481   16.999829   17.326562   19.829877   19.806801   19.857837    105.923723    104.931730    106.910163
 2.326   50.588678   50.283207   50.895672   17.160028   16.998430   17.325091   19.829073   19.805990   19.857039    105.946683    104.954494    106.933075
 2.327   50.585955   50.280544   50.892962   17.158576   16.997032   17.323622   19.828269   19.805180   19.856242    105.969624    104.977243    106.955969
 2.328   50.583235   50.277884   50.890253   17.157125   16.995637   17.322154   19.827467   19.804371   19.855446    105.992544    104.999975    106.978842
 2.329   50.580519   50.275227   50.887546   17.155678   16.994244   17.320687   19.826666   19.803563   19.854650    106.015442    105.022692    107.001693
 2.330   50.577805   50.272573   50.884839   17.154231   16.992851   17.319221   19.825866   19.802757   19.853856    106.038317    105.045394    107.024521
 2.331   50.575095   50.269923   50.882134   17.152787   16.991462   17.317755   19.825066   19.801951   19.853064    106.061169    105.068080    107.047325
 2.332   50.572389   50.267277   50.879430   17.151345   16.990075   17.316290   19.824268   19.801147   19.852272    106.083996    105.090749    107.070103
 2.333   50.569687   50.264635   50.876728   17.149905   16.988689   17.314827   19.823472   19.800343   19.851481    106.106795    105.113398    107.092854
 2.334   50.566989   50.261997   50.874028   17.148468   16.987306   17.313365   19.822676   19.799541   19.850692    106.129566    105.136024    107.115575
 2.335   50.564295   50.259363   50.871332   17.147033   16.985926   17.311905   19.821882   19.798741   19.849904    106.152307    105.158622    107.138266
 2.336   50.561605   50.256733   50.868639   17.145600   16.984547   17.310447   19.821089   19.797941   19.849117    106.175014    105.181190    107.160923
 2.337   50.558920   50.254109   50.865951   17.144171   16.983172   17.308993   19.820298   19.797144   19.848332    106.197687    105.203724    107.183547
 2.338   50.556241   50.251488   50.863267   17.142744   16.981800   17.307540   19.819508   19.796348   19.847549    106.220321    105.226224    107.206133
 2.339   50.553567   50.248873   50.860588   17.141321   16.980429   17.306090   19.818720   19.795553   19.846767    106.242915    105.248687    107.228680
 2.340   50.550898   50.246263   50.857913   17.139900   16.979062   17.304643   19.817934   19.794761   19.845987    106.265466    105.271111    107.251186
 2.341   50.548236   50.243659   50.855242   17.138484   16.977699   17.303198   19.817150   19.793970   19.845208    106.287971    105.293495    107.273646
 2.342   50.545580   50.241060   50.852576   17.137070   16.976337   17.301756   19.816367   19.793181   19.844432    106.310426    105.315835    107.296058
 2.343   50.542931   50.238469   50.849916   17.135661   16.974981   17.300318   19.815587   19.792394   19.843658    106.332830    105.338127    107.318418
 2.344   50.540289   50.235884   50.847263   17.134255   16.973628   17.298883   19.814809   19.791610   19.842885    106.355179    105.360368    107.340723
 2.345   50.537654   50.233307   50.844616   17.132854   16.972279   17.297452   19.814033   19.790828   19.842116    106.377471    105.382553    107.362971
 2.346   50.535027   50.230737   50.841976   17.131457   16.970934   17.296025   19.813259   19.790048   19.841348    106.399703    105.404681    107.385160
 2.347   50.532408   50.228174   50.839344   17.130064   16.969592   17.294602   19.812488   19.789270   19.840583    106.421873    105.426749    107.407290
 2.348   50.529797   50.225617   50.836718   17.128676   16.968255   17.293184   19.811720   19.788495   19.839820    106.443979    105.448757    107.429360
 2.349   50.527195   50.223067   50.834100   17.127293   16.966921   17.291769   19.810953   19.787723   19.839060    106.466018    105.470703    107.451372
 2.350   50.524601   50.220523   50.831489   17.125914   16.965590   17.290357   19.810190   19.786953   19.838302    106.487989    105.492587    107.473322
 2.351   50.522016   50.217985   50.828885   17.124540   16.964263   17.288951   19.809429   19.786186   19.837547    106.509890    105.514408    107.495212
 2.352   50.519441   50.215453   50.826288   17.123172   16.962939   17.287548   19.808671   19.785422   19.836795    106.531720    105.536163    107.517037
 2.353   50.516874   50.212929   50.823699   17.121808   16.961619   17.286150   19.807916   19.784660   19.836045    106.553478    105.557850    107.538794
 2.354   50.514316   50.210414   50.821119   17.120449   16.960304   17.284756   19.807163   19.783902   19.835299    106.575161    105.579467    107.560481
 2.355   50.511768   50.207907   50.818547   17.119096   16.958994   17.283369   19.806413   19.783146   19.834555    106.596770    105.601011    107.582094
 2.356   50.509230   50.205408   50.815984   17.117748   16.957688   17.281985   19.805667   19.782393   19.833813    106.618303    105.622482    107.603635
 2.357   50.506701   50.202918   50.813430   17.116405   16.956386   17.280607   19.804923   19.781643   19.833075    106.639760    105.643880    107.625105
 2.358   50.504181   50.200434   50.810885   17.115066   16.955088   17.279233   19.804181   19.780896   19.832340    106.661141    105.665205    107.646506
 2.359   50.501672   50.197957   50.808348   17.113734   16.953793   17.277864   19.803443   19.780152   19.831607    106.682445    105.686459    107.667842
 2.360   50.499171   50.195484   50.805818   17.112407   16.952503   17.276499   19.802708   19.779410   19.830878    106.703671    105.707643    107.689115
 2.361   50.496681   50.193017   50.803297   17.111086   16.951214   17.275139   19.801976   19.778672   19.830151    106.724821    105.728757    107.710326
 2.362   50.494200   50.190554   50.800782   17.109769   16.949928   17.273782   19.801246   19.777937   19.829427    106.745895    105.749802    107.731475
 2.363   50.491728   50.188098   50.798276   17.108458   16.948646   17.272431   19.800519   19.777204   19.828706    106.766892    105.770776    107.752558
 2.364   50.489266   50.185649   50.795778   17.107152   16.947367   17.271084   19.799795   19.776474   19.827988    106.787814    105.791679    107.773572
 2.365   50.486814   50.183208   50.793289   17.105851   16.946092   17.269741   19.799074   19.775747   19.827272    106.808660    105.812509    107.794515
 2.366   50.484370   50.180775   50.790808   17.104555   16.944822   17.268404   19.798356   19.775023   19.826559    106.829432    105.833266    107.815388
 2.367   50.481936   50.178350   50.788337   17.103263   16.943556   17.267072   19.797641   19.774302   19.825849    106.850131    105.853952    107.836192
 2.368   50.479511   50.175932   50.785874   17.101977   16.942294   17.265745   19.796928   19.773584   19.825142    106.870757    105.874568    107.856930
 2.369   50.477094   50.173519   50.783419   17.100697   16.941035   17.264421   19.796218   19.772868   19.824437    106.891312    105.895115    107.877608
 2.370   50.474687   50.171110   50.780971   17.099420   16.939778   17.263103   19.795510   19.772154   19.823735    106.911798    105.915598    107.898229
 2.371   50.472288   50.168706   50.778531   17.098149   16.938525   17.261788   19.794805   19.771444   19.823036    106.932215    105.936017    107.918798
 2.372   50.469897   50.166305   50.776098   17.096882   16.937273   17.260478   19.794103   19.770736   19.822339    106.952566    105.956374    107.939313
 2.373   50.467514   50.163909   50.773672   17.095619   16.936023   17.259171   19.793403   19.770030   19.821644    106.972853    105.976671    107.959775
 2.374   50.465139   50.161519   50.771253   17.094360   16.934776   17.257869   19.792705   19.769327   19.820952    106.993078    105.996908    107.980183
 2.375   50.462772   50.159135   50.768841   17.093106   16.933533   17.256570   19.792010   19.768626   19.820262    107.013242    106.017088    108.000535
 2.376   50.460412   50.156756   50.766436   17.091856   16.932294   17.255275   19.791317   19.767927   19.819574    107.033348    106.037211    108.020833
 2.377   50.458059   50.154384   50.764038   17.090609   16.931057   17.253983   19.790626   19.767230   19.818888    107.053400    106.057279    108.041080
 2.378   50.455712   50.152016   50.761646   17.089366   16.929822   17.252696   19.789937   19.766536   19.818205    107.073398    106.077296    108.061281
 2.379   50.453372   50.149651   50.759260   17.088128   16.928590   17.251412   19.789250   19.765843   19.817523    107.093347    106.097265    108.081441
 2.380   50.451038   50.147288   50.756880   17.086892   16.927359   17.250131   19.788565   19.765152   19.816843    107.113249    106.117190    108.101568
 2.381   50.448710   50.144927   50.754504   17.085659   16.926129   17.248853   19.787881   19.764463   19.816165    107.133106    106.137072    108.121664
 2.382   50.446387   50.142567   50.752133   17.084429   16.924899   17.247577   19.787199   19.763776   19.815488    107.152922    106.156917    108.141732
 2.383   50.444069   50.140208   50.749767   17.083202   16.923670   17.246304   19.786519   19.763090   19.814813    107.172700    106.176725    108.161773
 2.384   50.441755   50.137851   50.747404   17.081979   16.922444   17.245034   19.785840   19.762405   19.814139    107.192443    106.196500    108.181788
 2.385   50.439446   50.135497   50.745046   17.080757   16.921217   17.243765   19.785162   19.761722   19.813466    107.212154    106.216245    108.201777
 2.386   50.437140   50.133146   50.742691   17.079537   16.919993   17.242499   19.784485   19.761040   19.812795    107.231837    106.235963    108.221740
 2.387   50.434838   50.130798   50.740339   17.078319   16.918771   17.241234   19.783810   19.760359   19.812125    107.251494    106.255656    108.241679
 2.388   50.432539   50.128452   50.737990   17.077103   16.917550   17.239973   19.783135   19.759679   19.811455    107.271129    106.275327    108.261597
 2.389   50.430243   50.126108   50.735643   17.075888   16.916329   17.238711   19.782462   19.759000   19.810787    107.290746    106.294982    108.281500
 2.390   50.427949   50.123765   50.733298   17.074675   16.915110   17.237451   19.781789   19.758322   19.810119    107.310347    106.314623    108.301392
 2.391   50.425656   50.121422   50.730955   17.073464   16.913891   17.236192   19.781116   19.757644   19.809452    107.329937    106.334253    108.321277
 2.392   50.423366   50.119079   50.728613   17.072252   16.912672   17.234933   19.780444   19.756966   19.808785    107.349518    106.353877    108.341160
 2.393   50.421076   50.116735   50.726271   17.071041   16.911452   17.233675   19.779773   19.756289   19.808118    107.369094    106.373498    108.361043
 2.394   50.418787   50.114391   50.723928   17.069832   16.910233   17.232416   19.779101   19.755613   19.807452    107.388669    106.393120    108.380930
 2.395   50.416498   50.112045   50.721586   17.068622   16.909013   17.231158   19.778430   19.754936   19.806786    107.408247    106.412747    108.400822
 2.396   50.414208   50.109700   50.719244   17.067412   16.907793   17.229900   19.777759   19.754259   19.806120    107.427830    106.432378    108.420721
 2.397   50.411918   50.107355   50.716901   17.066202   16.906575   17.228642   19.777087   19.753583   19.805454    107.447423    106.452017    108.440626
 2.398   50.409627   50.105011   50.714560   17.064992   16.905355   17.227385   19.776416   19.752906   19.804787    107.467030    106.471663    108.460538
 2.399   50.407335   50.102667   50.712219   17.063781   16.904137   17.226128   19.775744   19.752228   19.804121    107.486654    106.491319    108.480460
 2.400   50.405040   50.100324   50.709878   17.062569   16.902920   17.224872   19.775071   19.751550   19.803453    107.506300    106.510988    108.500396
 2.401   50.402743   50.097981   50.707538   17.061356   16.901701   17.223616   19.774398   19.750871   19.802785    107.525970    106.530673    108.520348
 2.402   50.400443   50.095637   50.705197   17.060142   16.900483   17.222359   19.773724   19.750192   19.802116    107.545670    106.550379    108.540322
 2.403   50.398140   50.093291   50.702855   17.058925   16.899265   17.221103   19.773049   19.749512   19.801446    107.565402    106.570112    108.560324
 2.404   50.395833   50.090943   50.700510   17.057707   16.898045   17.219845   19.772373   19.748830   19.800775    107.585170    106.589877    108.580359
 2.405   50.393522   50.088591   50.698162   17.056488   16.896823   17.218586   19.771696   19.748148   19.800104    107.604978    106.609679    108.600432
 2.406   50.391206   50.086236   50.695810   17.055265   16.895599   17.217324   19.771017   19.747464   19.799430    107.624829    106.629520    108.620544
 2.407   50.388885   50.083878   50.693454   17.054040   16.894375   17.216061   19.770337   19.746778   19.798756    107.644725    106.649402    108.640696
 2.408   50.386560   50.081517   50.691095   17.052813   16.893149   17.214796   19.769656   19.746092   19.798080    107.664668    106.669326    108.660886
 2.409   50.384229   50.079155   50.688734   17.051584   16.891922   17.213529   19.768973   19.745403   19.797402    107.684661    106.689290    108.681114
 2.410   50.381893   50.076792   50.686370   17.050351   16.890696   17.212262   19.768289   19.744714   19.796723    107.704705    106.709294    108.701380
 2.411   50.379551   50.074427   50.684004   17.049116   16.889469   17.210994   19.767603   19.744022   19.796043    107.724803    106.729341    108.721683
 2.412   50.377203   50.072062   50.681635   17.047877   16.888241   17.209724   19.766916   19.743329   19.795360    107.744956    106.749431    108.742026
 2.413   50.374848   50.069694   50.679263   17.046637   16.887012   17.208453   19.766226   19.742634   19.794676    107.765166    106.769568    108.762413
 2.414   50.372488   50.067323   50.676887   17.045392   16.885782   17.207180   19.765535   19.741938   19.793990    107.785433    106.789757    108.782848
 2.415   50.370121   50.064948   50.674505   17.044144   16.884549   17.205904   19.764842   19.741239   19.793303    107.805759    106.810000    108.803336
 2.416   50.367748   50.062567   50.672118   17.042893   16.883314   17.204625   19.764148   19.740539   19.792614    107.826146    106.830300    108.823883
 2.417   50.365368   50.060179   50.669725   17.041638   16.882075   17.203343   19.763451   19.739837   19.791922    107.846595    106.850659    108.844490
 2.418   50.362981   50.057785   50.667326   17.040380   16.880834   17.202058   19.762752   19.739132   19.791229    107.867108    106.871077    108.865162
 2.419   50.360587   50.055384   50.664922   17.039119   16.879589   17.200771   19.762052   19.738426   19.790534    107.887687    106.891555    108.885897
 2.420   50.358185   50.052978   50.662513   17.037853   16.878341   17.199481   19.761349   19.737718   19.789836    107.908334    106.912092    108.906697
 2.421   50.355776   50.050565   50.660099   17.036585   16.877090   17.198189   19.760644   19.737007   19.789137    107.929051    106.932689    108.927562
 2.422   50.353359   50.048145   50.657680   17.035312   16.875837   17.196894   19.759937   19.736294   19.788435    107.949841    106.953351    108.948495
 2.423   50.350934   50.045719   50.655255   17.034034   16.874579   17.195596   19.759227   19.735579   19.787731    107.970706    106.974080    108.969500
 2.424   50.348500   50.043286   50.652822   17.032753   16.873318   17.194295   19.758515   19.734861   19.787024    107.991650    106.994881    108.990579
 2.425   50.346057   50.040844   50.650383   17.031466   16.872052   17.192989   19.757800   19.734141   19.786315    108.012675    107.015759    109.011737
 2.426   50.343605   50.038393   50.647934   17.030175   16.870783   17.191678   19.757083   19.733418   19.785603    108.033785    107.036719    109.032980
 2.427   50.341143   50.035932   50.645476   17.028879   16.869508   17.190363   19.756363   19.732692   19.784889    108.054983    107.057766    109.054314
 2.428   50.338671   50.033460   50.643008   17.027578   16.868227   17.189043   19.755640   19.731964   19.784172    108.076272    107.078905    109.075744
 2.429   50.336188   50.030975   50.640529   17.026272   16.866940   17.187718   19.754914   19.731232   19.783451    108.097657    107.100137    109.097276
 2.430   50.333695   50.028478   50.638040   17.024960   16.865647   17.186387   19.754185   19.730497   19.782728    108.119140    107.121466    109.118913
 2.431   50.331190   50.025968   50.635540   17.023641   16.864347   17.185050   19.753453   19.729759   19.782001    108.140725    107.142895    109.140658
 2.432   50.328674   50.023444   50.633029   17.022318   16.863040   17.183708   19.752718   19.729017   19.781271    108.162417    107.164428    109.162516
 2.433   50.326146   50.020907   50.630506   17.020988   16.861727   17.182359   19.751978   19.728272   19.780538    108.184218    107.186069    109.184488
 2.434   50.323605   50.018356   50.627970   17.019652   16.860407   17.181005   19.751236   19.727524   19.779801    108.206131    107.207820    109.206577
 2.435   50.321051   50.015792   50.625422   17.018309   16.859080   17.179642   19.750489   19.726771   19.779060    108.228162    107.229687    109.228785
 2.436   50.318483   50.013215   50.622861   17.016959   16.857747   17.178274   19.749739   19.726015   19.778316    108.250312    107.251672    109.251114
 2.437   50.315902   50.010623   50.620287   17.015602   16.856406   17.176899   19.748985   19.725255   19.777567    108.272584    107.273779    109.273570
 2.438   50.313307   50.008016   50.617698   17.014238   16.855058   17.175516   19.748227   19.724491   19.776815    108.294983    107.296010    109.296156
 2.439   50.310698   50.005393   50.615095   17.012867   16.853701   17.174126   19.747465   19.723722   19.776059    108.317511    107.318370    109.318876
 2.440   50.308074   50.002754   50.612478   17.011488   16.852336   17.172728   19.746698   19.722950   19.775298    108.340171    107.340859    109.341736
 2.441   50.305436   50.000097   50.609846   17.010102   16.850962   17.171323   19.745927   19.722173   19.774533    108.362964    107.363481    109.364737
 2.442   50.302782   49.997424   50.607199   17.008708   16.849580   17.169910   19.745152   19.721391   19.773764    108.385895    107.386239    109.387883
 2.443   50.300112   49.994734   50.604537   17.007305   16.848189   17.168489   19.744373   19.720606   19.772990    108.408964    107.409135    109.411174
 2.444   50.297427   49.992026   50.601858   17.005895   16.846790   17.167059   19.743588   19.719815   19.772212    108.432174    107.432172    109.434610
 2.445   50.294726   49.989303   50.599164   17.004477   16.845383   17.165622   19.742800   19.719020   19.771430    108.455525    107.455350    109.458191
 2.446   50.292010   49.986562   50.596454   17.003051   16.843966   17.164176   19.742007   19.718221   19.770643    108.479020    107.478669    109.481918
 2.447   50.289277   49.983806   50.593729   17.001616   16.842543   17.162722   19.741209   19.717417   19.769851    108.502658    107.502127    109.505791
 2.448   50.286528   49.981033   50.590989   17.000174   16.841110   17.161261   19.740407   19.716608   19.769055    108.526441    107.525724    109.529812
 2.449   50.283764   49.978243   50.588236   16.998722   16.839669   17.159792   19.739600   19.715795   19.768254    108.550368    107.549457    109.553981
 2.450   50.280983   49.975435   50.585469   16.997263   16.838219   17.158317   19.738788   19.714977   19.767449    108.574439    107.573325    109.578299
 2.451   50.278187   49.972611   50.582689   16.995796   16.836761   17.156834   19.737972   19.714154   19.766639    108.598653    107.597328    109.602767
 2.452   50.275374   49.969769   50.579895   16.994321   16.835294   17.155345   19.737152   19.713327   19.765825    108.623010    107.621465    109.627383
 2.453   50.272547   49.966910   50.577087   16.992837   16.833818   17.153849   19.736327   19.712495   19.765006    108.647508    107.645737    109.652145
 2.454   50.269703   49.964035   50.574264   16.991346   16.832334   17.152344   19.735497   19.711659   19.764183    108.672146    107.670146    109.677051
 2.455   50.266845   49.961144   50.571427   16.989848   16.830842   17.150832   19.734663   19.710819   19.763356    108.696923    107.694690    109.702100
 2.456   50.263971   49.958237   50.568575   16.988341   16.829342   17.149313   19.733825   19.709974   19.762524    108.721837    107.719368    109.727288
 2.457   50.261083   49.955316   50.565710   16.986827   16.827835   17.147787   19.732983   19.709125   19.761688    108.746886    107.744175    109.752611
 2.458   50.258180   49.952380   50.562833   16.985305   16.826322   17.146255   19.732136   19.708271   19.760848    108.772069    107.769106    109.778069
 2.459   50.255262   49.949430   50.559945   16.983776   16.824800   17.144717   19.731285   19.707414   19.760004    108.797384    107.794157    109.803660
 2.460   50.252330   49.946465   50.557047   16.982240   16.823271   17.143174   19.730431   19.706552   19.759155    108.822829    107.819323    109.829381
 2.461   50.249384   49.943487   50.554140   16.980697   16.821735   17.141626   19.729572   19.705687   19.758303    108.848403    107.844601    109.855232
 2.462   50.246425   49.940494   50.551223   16.979146   16.820193   17.140073   19.728709   19.704817   19.757447    108.874103    107.869991    109.881211
 2.463   50.243451   49.937488   50.548296   16.977589   16.818644   17.138516   19.727843   19.703944   19.756587    108.899928    107.895492    109.907315
 2.464   50.240465   49.934469   50.545359   16.976026   16.817088   17.136953   19.726972   19.703066   19.755723    108.925874    107.921106    109.933542
 2.465   50.237465   49.931436   50.542410   16.974455   16.815525   17.135384   19.726098   19.702185   19.754856    108.951941    107.946833    109.959891
 2.466   50.234453   49.928391   50.539449   16.972879   16.813956   17.133808   19.725221   19.701301   19.753985    108.978124    107.972674    109.986358
 2.467   50.231429   49.925334   50.536476   16.971296   16.812382   17.132227   19.724339   19.700412   19.753111    109.004422    107.998627    110.012938
 2.468   50.228392   49.922265   50.533492   16.969707   16.810801   17.130640   19.723455   19.699521   19.752233    109.030831    108.024690    110.039629
 2.469   50.225344   49.919186   50.530497   16.968112   16.809216   17.129048   19.722567   19.698626   19.751352    109.057348    108.050856    110.066426
 2.470   50.222285   49.916096   50.527492   16.966512   16.807625   17.127451   19.721676   19.697728   19.750468    109.083970    108.077121    110.093325
 2.471   50.219215   49.912997   50.524478   16.964906   16.806030   17.125848   19.720782   19.696827   19.749581    109.110693    108.103481    110.120322
 2.472   50.216135   49.909888   50.521456   16.963295   16.804430   17.124242   19.719885   19.695923   19.748691    109.137512    108.129930    110.147414
 2.473   50.213045   49.906770   50.518426   16.961680   16.802826   17.122633   19.718985   19.695016   19.747798    109.164425    108.156466    110.174596
 2.474   50.209945   49.903644   50.515388   16.960060   16.801218   17.121019   19.718083   19.694106   19.746903    109.191427    108.183085    110.201866
 2.475   50.206837   49.900509   50.512343   16.958434   16.799604   17.119400   19.717178   19.693194   19.746005    109.218514    108.209785    110.229220
 2.476   50.203721   49.897366   50.509289   16.956806   16.797988   17.117779   19.716271   19.692280   19.745105    109.245681    108.236564    110.256654
 2.477   50.200596   49.894216   50.506226   16.955173   16.796368   17.116153   19.715362   19.691363   19.744202    109.272923    108.263421    110.284163
 2.478   50.197464   49.891058   50.503154   16.953536   16.794745   17.114521   19.714451   19.690445   19.743298    109.300237    108.290354    110.311742
 2.479   50.194326   49.887895   50.500074   16.951897   16.793119   17.112887   19.713538   19.689524   19.742392    109.327616    108.317358    110.339386
 2.480   50.191181   49.884726   50.496987   16.950255   16.791489   17.111248   19.712623   19.688602   19.741484    109.355057    108.344429    110.367088
 2.481   50.188031   49.881552   50.493891   16.948610   16.789859   17.109605   19.711706   19.687678   19.740575    109.382554    108.371561    110.394845
 2.482   50.184876   49.878375   50.490790   16.946963   16.788226   17.107960   19.710789   19.686753   19.739664    109.410102    108.398750    110.422650
 2.483   50.181717   49.875194   50.487683   16.945314   16.786592   17.106311   19.709870   19.685827   19.738752    109.437695    108.425987    110.450498
 2.484   50.178554   49.872009   50.484571   16.943662   16.784957   17.104661   19.708950   19.684900   19.737840    109.465329    108.453266    110.478384
 2.485   50.175388   49.868822   50.481456   16.942010   16.783319   17.103010   19.708029   19.683972   19.736926    109.492997    108.480581    110.506305
 2.486   50.172219   49.865633   50.478338   16.940358   16.781682   17.101356   19.707108   19.683043   19.736012    109.520695    108.507927    110.534253
 2.487   50.169048   49.862443   50.475218   16.938703   16.780044   17.099702   19.706187   19.682114   19.735097    109.548417    108.535299    110.562225
 2.488   50.165877   49.859251   50.472095   16.937049   16.778406   17.098046   19.705265   19.681185   19.734182    109.576157    108.562693    110.590215
 2.489   50.162705   49.856059   50.468970   16.935395   16.776767   17.096390   19.704343   19.680256   19.733268    109.603909    108.590106    110.618217
 2.490   50.159533   49.852868   50.465842   16.933741   16.775130   17.094732   19.703421   19.679327   19.732353    109.631669    108.617535    110.646225
 2.491   50.156361   49.849677   50.462713   16.932088   16.773493   17.093075   19.702499   19.678398   19.731438    109.659430    108.644973    110.674233
 2.492   50.153191   49.846488   50.459582   16.930435   16.771858   17.091416   19.701578   19.677469   19.730524    109.687187    108.672416    110.702237
 2.493   50.150023   49.843301   50.456451   16.928784   16.770222   17.089758   19.700658   19.676542   19.729611    109.714936    108.699856    110.730232
 2.494   50.146857   49.840116   50.453322   16.927135   16.768589   17.088102   19.699738   19.675615   19.728699    109.742671    108.727288    110.758214
 2.495   50.143695   49.836934   50.450194   16.925486   16.766958   17.086445   19.698820   19.674689   19.727787    109.770388    108.754705    110.786177
 2.496   50.140535   49.833757   50.447070   16.923841   16.765330   17.084792   19.697902   19.673764   19.726877    109.798083    108.782100    110.814116
 2.497   50.137380   49.830584   50.443949   16.922198   16.763702   17.083139   19.696986   19.672840   19.725967    109.825751    108.809471    110.842026
 2.498   50.134229   49.827416   50.440832   16.920557   16.762079   17.081490   19.696071   19.671918   19.725059    109.853389    108.836813    110.869901
 2.499   50.131082   49.824255   50.437718   16.918919   16.760460   17.079842   19.695158   19.670997   19.724153    109.880994    108.864126    110.897736
 2.500   50.127941   49.821101   50.434608   16.917284   16.758844   17.078197   19.694246   19.670078   19.723248    109.908562    108.891408    110.925529
 2.501   50.124805   49.817954   50.431502   16.915652   16.757233   17.076555   19.693336   19.669161   19.722345    109.936091    108.918656    110.953276
 2.502   50.121675   49.814814   50.428399   16.914022   16.755625   17.074913   19.692427   19.668245   19.721443    109.963579    108.945870    110.980977
 2.503   50.118550   49.811682   50.425302   16.912397   16.754021   17.073276   19.691520   19.667331   19.720544    109.991024    108.973045    111.008630
 2.504   50.115431   49.808555   50.422208   16.910775   16.752419   17.071641   19.690615   19.666419   19.719646    110.018426    109.000180    111.036237
 2.505   50.112318   49.805436   50.419121   16.909156   16.750823   17.070008   19.689712   19.665508   19.718749    110.045784    109.027273    111.063798
 2.506   50.109211   49.802322   50.416038   16.907539   16.749229   17.068379   19.688811   19.664600   19.717855    110.073098    109.054324    111.091312
 2.507   50.106110   49.799216   50.412962   16.905927   16.747640   17.066754   19.687911   19.663693   19.716962    110.100369    109.081333    111.118779
 2.508   50.103014   49.796117   50.409890   16.904318   16.746055   17.065130   19.687014   19.662788   19.716071    110.127597    109.108302    111.146196
 2.509   50.099924   49.793027   50.406823   16.902712   16.744474   17.063510   19.686118   19.661885   19.715182    110.154783    109.135233    111.173564
 2.510   50.096840   49.789944   50.403760   16.901109   16.742897   17.061893   19.685223   19.660983   19.714294    110.181929    109.162128    111.200881
 2.511   50.093760   49.786870   50.400700   16.899508   16.741325   17.060277   19.684330   19.660083   19.713408    110.209037    109.188990    111.228150
 2.512   50.090686   49.783804   50.397645   16.897911   16.739757   17.058664   19.683439   19.659185   19.712524    110.236109    109.215820    111.255372
 2.513   50.087616   49.780744   50.394593   16.896316   16.738193   17.057053   19.682549   19.658288   19.711641    110.263145    109.242620    111.282552
 2.514   50.084551   49.777691   50.391544   16.894725   16.736632   17.055444   19.681661   19.657392   19.710760    110.290148    109.269389    111.309693
 2.515   50.081491   49.774643   50.388500   16.893136   16.735074   17.053837   19.680774   19.656498   19.709879    110.317119    109.296129    111.336800
 2.516   50.078435   49.771600   50.385459   16.891549   16.733519   17.052233   19.679888   19.655606   19.709001    110.344059    109.322838    111.363872
 2.517   50.075383   49.768563   50.382423   16.889965   16.731969   17.050631   19.679004   19.654714   19.708123    110.370968    109.349518    111.390908
 2.518   50.072335   49.765532   50.379391   16.888383   16.730420   17.049032   19.678121   19.653824   19.707247    110.397847    109.376169    111.417907
 2.519   50.069292   49.762508   50.376363   16.886804   16.728876   17.047435   19.677240   19.652936   19.706372    110.424695    109.402790    111.444866
 2.520   50.066253   49.759492   50.373338   16.885227   16.727336   17.045839   19.676359   19.652049   19.705499    110.451512    109.429383    111.471781
 2.521   50.063219   49.756484   50.370317   16.883653   16.725800   17.044247   19.675481   19.651163   19.704626    110.478297    109.455946    111.498651
 2.522   50.060189   49.753485   50.367300   16.882080   16.724269   17.042657   19.674603   19.650278   19.703756    110.505051    109.482481    111.525478
 2.523   50.057163   49.750492   50.364287   16.880511   16.722741   17.041069   19.673727   19.649395   19.702886    110.531773    109.508986    111.552264
 2.524   50.054142   49.747505   50.361277   16.878945   16.721217   17.039483   19.672852   19.648513   19.702018    110.558464    109.535463    111.579013
 2.525   50.051125   49.744524   50.358271   16.877380   16.719696   17.037899   19.671979   19.647633   19.701151    110.585125    109.561910    111.605728
 2.526   50.048112   49.741548   50.355269   16.875819   16.718177   17.036318   19.671107   19.646754   19.700286    110.611757    109.588330    111.632409
 2.527   50.045103   49.738577   50.352271   16.874259   16.716662   17.034738   19.670236   19.645876   19.699422    110.638362    109.614721    111.659057
 2.528   50.042098   49.735613   50.349278   16.872702   16.715151   17.033162   19.669366   19.644999   19.698558    110.664940    109.641086    111.685670
 2.529   50.039096   49.732656   50.346288   16.871147   16.713643   17.031587   19.668497   19.644124   19.697696    110.691497    109.667426    111.712247
 2.530   50.036097   49.729708   50.343302   16.869593   16.712139   17.030015   19.667629   19.643249   19.696835    110.718033    109.693745    111.738787
 2.531   50.033101   49.726767   50.340319   16.868041   16.710639   17.028445   19.666763   19.642375   19.695975    110.744553    109.720045    111.765293
 2.532   50.030107   49.723833   50.337339   16.866491   16.709145   17.026877   19.665897   19.641502   19.695115    110.771060    109.746331    111.791769
 2.533   50.027114   49.720905   50.334361   16.864941   16.707652   17.025310   19.665031   19.640630   19.694256    110.797559    109.772608    111.818223
 2.534   50.024124   49.717982   50.331384   16.863393   16.706162   17.023744   19.664166   19.639758   19.693398    110.824053    109.798880    111.844660
 2.535   50.021133   49.715061   50.328408   16.861845   16.704675   17.022178   19.663301   19.638886   19.692540    110.850548    109.825151    111.871092
 2.536   50.018144   49.712142   50.325433   16.860297   16.703188   17.020614   19.662437   19.638015   19.691682    110.877047    109.851427    111.897525
 2.537   50.015153   49.709222   50.322458   16.858750   16.701700   17.019049   19.661572   19.637143   19.690824    110.903555    109.877710    111.923966
 2.538   50.012163   49.706302   50.319483   16.857203   16.700214   17.017485   19.660707   19.636271   19.689966    110.930078    109.904004    111.950422
 2.539   50.009170   49.703381   50.316507   16.855655   16.698726   17.015921   19.659842   19.635400   19.689107    110.956619    109.930314    111.976894
 2.540   50.006176   49.700460   50.313531   16.854106   16.697239   17.014355   19.658977   19.634527   19.688248    110.983183    109.956642    112.003385
 2.541   50.003180   49.697537   50.310554   16.852556   16.695752   17.012791   19.658111   19.633654   19.687389    111.009776    109.982995    112.029900
 2.542   50.000181   49.694613   50.307575   16.851005   16.694263   17.011226   19.657244   19.632781   19.686529    111.036403    110.009376    112.056444
 2.543   49.997178   49.691687   50.304594   16.849453   16.692775   17.009659   19.656376   19.631906   19.685668    111.063068    110.035792    112.083021
 2.544   49.994171   49.688759   50.301610   16.847898   16.691285   17.008092   19.655508   19.631030   19.684805    111.089776    110.062249    112.109636
 2.545   49.991159   49.685827   50.298621   16.846342   16.689793   17.006522   19.654638   19.630153   19.683942    111.116534    110.088753    112.136297
 2.546   49.988142   49.682889   50.295627   16.844783   16.688299   17.004950   19.653766   19.629275   19.683077    111.143345    110.115310    112.163014
 2.547   49.985119   49.679944   50.292627   16.843221   16.686801   17.003375   19.652893   19.628395   19.682211    111.170216    110.141924    112.189795
 2.548   49.982090   49.676989   50.289622   16.841656   16.685298   17.001797   19.652018   19.627513   19.681342    111.197150    110.168600    112.216652
 2.549   49.979054   49.674024   50.286611   16.840088   16.683791   17.000217   19.651141   19.626629   19.680472    111.224154    110.195342    112.243590
 2.550   49.976010   49.671047   50.283593   16.838516   16.682278   16.998633   19.650263   19.625743   19.679600    111.251231    110.222154    112.270615
 2.551   49.972959   49.668059   50.280568   16.836940   16.680759   16.997046   19.649382   19.624855   19.678726    111.278388    110.249041    112.297734
 2.552   49.969899   49.665058   50.277536   16.835360   16.679234   16.995454   19.648498   19.623965   19.677849    111.305628    110.276007    112.324949
 2.553   49.966829   49.662046   50.274495   16.833776   16.677703   16.993859   19.647612   19.623072   19.676970    111.332956    110.303058    112.352262
 2.554   49.963751   49.659022   50.271446   16.832187   16.676167   16.992260   19.646724   19.622176   19.676088    111.360376    110.330197    112.379672
 2.555   49.960662   49.655988   50.268388   16.830594   16.674627   16.990657   19.645832   19.621278   19.675203    111.387894    110.357430    112.407184
 2.556   49.957563   49.652941   50.265319   16.828995   16.673079   16.989048   19.644938   19.620376   19.674316    111.415511    110.384763    112.434802
 2.557   49.954453   49.649881   50.262239   16.827391   16.671526   16.987432   19.644041   19.619472   19.673425    111.443234    110.412201    112.462534
 2.558   49.951331   49.646806   50.259147   16.825781   16.669964   16.985812   19.643140   19.618564   19.672532    111.471065    110.439748    112.490388
 2.559   49.948198   49.643714   50.256043   16.824164   16.668395   16.984186   19.642236   19.617653   19.671635    111.499008    110.467409    112.518374
 2.560   49.945053   49.640603   50.252926   16.822543   16.666816   16.982552   19.641329   19.616739   19.670734    111.527066    110.495186    112.546498
 2.561   49.941896   49.637473   50.249796   16.820916   16.665227   16.980913   19.640419   19.615821   19.669831    111.555243    110.523082    112.574766
 2.562   49.938726   49.634323   50.246653   16.819282   16.663629   16.979267   19.639505   19.614899   19.668923    111.583543    110.551102    112.603179
 2.563   49.935542   49.631155   50.243497   16.817640   16.662022   16.977613   19.638587   19.613974   19.668012    111.611968    110.579248    112.631737
 2.564   49.932345   49.627970   50.240326   16.815994   16.660407   16.975953   19.637665   19.613045   19.667098    111.640521    110.607524    112.660437
 2.565   49.929135   49.624768   50.237142   16.814340   16.658783   16.974287   19.636739   19.612112   19.666179    111.669207    110.635931    112.689278
 2.566   49.925910   49.621550   50.233943   16.812678   16.657151   16.972612   19.635810   19.611175   19.665256    111.698028    110.664473    112.718262
 2.567   49.922670   49.618316   50.230730   16.811010   16.655512   16.970930   19.634876   19.610234   19.664330    111.726988    110.693152    112.747391
 2.568   49.919415   49.615065   50.227501   16.809335   16.653864   16.969241   19.633938   19.609289   19.663399    111.756089    110.721973    112.776673
 2.569   49.916146   49.611793   50.224258   16.807651   16.652207   16.967544   19.632996   19.608339   19.662464    111.785336    110.750938    112.806116
 2.570   49.912860   49.608501   50.220998   16.805960   16.650538   16.965839   19.632050   19.607385   19.661524    111.814732    110.780051    112.835726
 2.571   49.909559   49.605187   50.217723   16.804260   16.648859   16.964125   19.631098   19.606426   19.660580    111.844279    110.809315    112.865509
 2.572   49.906241   49.601851   50.214431   16.802554   16.647170   16.962404   19.630143   19.605463   19.659632    111.873980    110.838734    112.895467
 2.573   49.902907   49.598494   50.211122   16.800838   16.645469   16.960674   19.629183   19.604495   19.658679    111.903839    110.868309    112.925599
 2.574   49.899556   49.595116   50.207796   16.799115   16.643759   16.958935   19.628218   19.603522   19.657721    111.933857    110.898044    112.955904
 2.575   49.896188   49.591720   50.204452   16.797382   16.642039   16.957189   19.627248   19.602545   19.656759    111.964037    110.927941    112.986379
 2.576   49.892803   49.588304   50.201092   16.795641   16.640311   16.955432   19.626273   19.601562   19.655791    111.994380    110.957999    113.017023
 2.577   49.889400   49.584871   50.197715   16.793893   16.638573   16.953668   19.625294   19.600575   19.654819    112.024888    110.988219    113.047835
 2.578   49.885980   49.581419   50.194321   16.792134   16.636826   16.951895   19.624309   19.599583   19.653842    112.055562    111.018600    113.078818
 2.579   49.882543   49.577948   50.190911   16.790367   16.635071   16.950114   19.623320   19.598586   19.652860    112.086403    111.049143    113.109975
 2.580   49.879087   49.574457   50.187485   16.788592   16.633305   16.948325   19.622326   19.597583   19.651874    112.117410    111.079847    113.141309
 2.581   49.875615   49.570945   50.184043   16.786809   16.631529   16.946528   19.621326   19.596576   19.650882    112.148585    111.110711    113.172821
 2.582   49.872125   49.567413   50.180585   16.785016   16.629744   16.944723   19.620322   19.595564   19.649885    112.179926    111.141737    113.204510
 2.583   49.868617   49.563862   50.177111   16.783214   16.627948   16.942910   19.619313   19.594547   19.648884    112.211432    111.172922    113.236374
 2.584   49.865093   49.560291   50.173620   16.781405   16.626143   16.941088   19.618300   19.593525   19.647878    112.243104    111.204267    113.268409
 2.585   49.861551   49.556703   50.170113   16.779586   16.624330   16.939258   19.617281   19.592498   19.646867    112.274939    111.235773    113.300613
 2.586   49.857992   49.553097   50.166590   16.777760   16.622508   16.937420   19.616258   19.591467   19.645851    112.306936    111.267440    113.332983
 2.587   49.854417   49.549473   50.163048   16.775925   16.620677   16.935574   19.615230   19.590431   19.644831    112.339094    111.299269    113.365517
 2.588   49.850825   49.545832   50.159490   16.774082   16.618838   16.933718   19.614197   19.589390   19.643806    112.371411    111.331258    113.398214
 2.589   49.847217   49.542173   50.155914   16.772231   16.616990   16.931854   19.613160   19.588344   19.642777    112.403885    111.363408    113.431075
 2.590   49.843593   49.538496   50.152321   16.770373   16.615134   16.929982   19.612118   19.587295   19.641743    112.436513    111.395714    113.464097
 2.591   49.839953   49.534801   50.148711   16.768506   16.613269   16.928100   19.611072   19.586240   19.640705    112.469293    111.428176    113.497281
 2.592   49.836298   49.531089   50.145084   16.766632   16.611396   16.926211   19.610022   19.585182   19.639662    112.502223    111.460790    113.530622
 2.593   49.832628   49.527360   50.141442   16.764750   16.609514   16.924314   19.608967   19.584119   19.638616    112.535301    111.493552    113.564117
 2.594   49.828943   49.523615   50.137785   16.762862   16.607625   16.922410   19.607909   19.583052   19.637565    112.568522    111.526457    113.597762
 2.595   49.825243   49.519855   50.134114   16.760966   16.605729   16.920497   19.606846   19.581980   19.636510    112.601884    111.559503    113.631552
 2.596   49.821529   49.516080   50.130428   16.759064   16.603825   16.918578   19.605780   19.580905   19.635452    112.635385    111.592688    113.665482
 2.597   49.817802   49.512292   50.126726   16.757154   16.601915   16.916651   19.604709   19.579827   19.634390    112.669019    111.626011    113.699547
 2.598   49.814062   49.508490   50.123010   16.755239   16.599999   16.914717   19.603635   19.578744   19.633324    112.702785    111.659472    113.733743
 2.599   49.810309   49.504676   50.119277   16.753318   16.598076   16.912775   19.602558   19.577658   19.632254    112.736677    111.693069    113.768067
 2.600   49.806543   49.500850   50.115529   16.751389   16.596149   16.910825   19.601477   19.576568   19.631182    112.770692    111.726801    113.802516
 2.601   49.802766   49.497011   50.111765   16.749456   16.594214   16.908867   19.600393   19.575476   19.630106    112.804826    111.760662    113.837085
 2.602   49.798977   49.493160   50.107986   16.747518   16.592275   16.906903   19.599305   19.574380   19.629027    112.839074    111.794650    113.871771
 2.603   49.795177   49.489298   50.104194   16.745573   16.590330   16.904931   19.598215   19.573281   19.627945    112.873433    111.828755    113.906569
 2.604   49.791367   49.485426   50.100390   16.743625   16.588380   16.902954   19.597122   19.572179   19.626860    112.907898    111.862971    113.941475
 2.605   49.787547   49.481543   50.096576   16.741671   16.586426   16.900971   19.596026   19.571074   19.625772    112.942465    111.897291    113.976485
 2.606   49.783717   49.477651   50.092750   16.739713   16.584467   16.898983   19.594928   19.569967   19.624682    112.977130    111.931713    114.011592
 2.607   49.779879   49.473751   50.088914   16.737751   16.582504   16.896991   19.593827   19.568858   19.623589    113.011888    111.966234    114.046790
 2.608   49.776032   49.469844   50.085066   16.735785   16.580539   16.894992   19.592724   19.567746   19.622495    113.046735    112.000853    114.082074
 2.609   49.772177   49.465930   50.081205   16.733815   16.578570   16.892987   19.591619   19.566632   19.621398    113.081667    112.035572    114.117438
 2.610   49.768314   49.462010   50.077332   16.731841   16.576599   16.890977   19.590511   19.565515   19.620299    113.116679    112.070390    114.152877
 2.611   49.764444   49.458085   50.073446   16.729865   16.574625   16.888959   19.589402   19.564397   19.619198    113.151769    112.105303    114.188387
 2.612   49.760568   49.454155   50.069548   16.727885   16.572650   16.886936   19.588291   19.563278   19.618095    113.186932    112.140307    114.223966
 2.613   49.756685   49.450220   50.065640   16.725902   16.570671   16.884908   19.587179   19.562156   19.616991    113.222165    112.175395    114.259611
 2.614   49.752796   49.446279   50.061722   16.723917   16.568692   16.882876   19.586064   19.561033   19.615885    113.257464    112.210562    114.295321
 2.615   49.748902   49.442334   50.057796   16.721929   16.566710   16.880840   19.584949   19.559909   19.614778    113.292827    112.245798    114.331093
 2.616   49.745002   49.438384   50.053864   16.719940   16.564726   16.878801   19.583832   19.558783   19.613669    113.328251    112.281098    114.366923
 2.617   49.741097   49.434430   50.049927   16.717947   16.562741   16.876760   19.582713   19.557655   19.612559    113.363733    112.316458    114.402808
 2.618   49.737188   49.430473   50.045984   16.715954   16.560753   16.874716   19.581594   19.556527   19.611448    113.399271    112.351875    114.438743
 2.619   49.733274   49.426514   50.042036   16.713957   16.558766   16.872670   19.580473   19.555397   19.610336    113.434862    112.387351    114.474724
 2.620   49.729355   49.422553   50.038081   16.711959   16.556778   16.870620   19.579351   19.554267   19.609223    113.470505    112.422885    114.510747
 2.621   49.725433   49.418591   50.034119   16.709960   16.554791   16.868569   19.578229   19.553135   19.608108    113.506198    112.458476    114.546810
 2.622   49.721506   49.414629   50.030152   16.707959   16.552802   16.866514   19.577105   19.552002   19.606993    113.541938    112.494123    114.582912
 2.623   49.717577   49.410664   50.026178   16.705957   16.550815   16.864456   19.575980   19.550869   19.605877    113.577724    112.529823    114.619052
 2.624   49.713643   49.406698   50.022199   16.703952   16.548825   16.862396   19.574855   19.549735   19.604760    113.613554    112.565574    114.655231
 2.625   49.709707   49.402730   50.018216   16.701947   16.546836   16.860335   19.573729   19.548599   19.603642    113.649426    112.601370    114.691450
 2.626   49.705767   49.398759   50.014229   16.699941   16.544845   16.858272   19.572602   19.547464   19.602524    113.685338    112.637207    114.727706
 2.627   49.701825   49.394787   50.010241   16.697934   16.542855   16.856208   19.571474   19.546327   19.601405    113.721288    112.673078    114.763997
 2.628   49.697880   49.390813   50.006253   16.695925   16.540863   16.854145   19.570346   19.545190   19.600285    113.757275    112.708979    114.800320
 2.629   49.693933   49.386839   50.002264   16.693917   16.538873   16.852082   19.569217   19.544053   19.599165    113.793297    112.744907    114.836670
 2.630   49.689983   49.382866   49.998275   16.691907   16.536883   16.850020   19.568088   19.542914   19.598045    113.829351    112.780859    114.873043
 2.631   49.686032   49.378894   49.994286   16.689897   16.534894   16.847959   19.566959   19.541776   19.596923    113.865436    112.816835    114.909438
 2.632   49.682078   49.374923   49.990298   16.687886   16.532905   16.845897   19.565829   19.540637   19.595802    113.901551    112.852833    114.945852
 2.633   49.678124   49.370952   49.986309   16.685875   16.530918   16.843836   19.564699   19.539498   19.594680    113.937693    112.888853    114.982287
 2.634   49.674167   49.366982   49.982320   16.683864   16.528931   16.841775   19.563568   19.538359   19.593558    113.973863    112.924896    115.018742
 2.635   49.670209   49.363011   49.978331   16.681852   16.526945   16.839715   19.562437   19.537219   19.592436    114.010058    112.960963    115.055221
 2.636   49.666250   49.359039   49.974340   16.679839   16.524957   16.837654   19.561306   19.536079   19.591314    114.046279    112.997053    115.091723
 2.637   49.662290   49.355066   49.970349   16.677828   16.522971   16.835593   19.560175   19.534939   19.590191    114.082523    113.033165    115.128249
 2.638   49.658328   49.351092   49.966358   16.675815   16.520983   16.833533   19.559044   19.533799   19.589068    114.118792    113.069297    115.164800
 2.639   49.654366   49.347117   49.962367   16.673802   16.518996   16.831473   19.557912   19.532658   19.587945    114.155083    113.105447    115.201374
 2.640   49.650402   49.343141   49.958377   16.671790   16.517009   16.829415   19.556781   19.531518   19.586822    114.191396    113.141613    115.237968
 2.641   49.646437   49.339165   49.954388   16.669777   16.515022   16.827357   19.555649   19.530377   19.585699    114.227731    113.177793    115.274583
 2.642   49.642472   49.335188   49.950400   16.667765   16.513035   16.825300   19.554517   19.529236   19.584576    114.264088    113.213988    115.311217
 2.643   49.638505   49.331211   49.946413   16.665751   16.511048   16.823245   19.553385   19.528095   19.583452    114.300466    113.250196    115.347872
 2.644   49.634538   49.327233   49.942428   16.663738   16.509062   16.821190   19.552253   19.526954   19.582329    114.336865    113.286420    115.384546
 2.645   49.630570   49.323255   49.938442   16.661726   16.507075   16.819135   19.551121   19.525813   19.581205    114.373284    113.322661    115.421241
 2.646   49.626601   49.319276   49.934455   16.659713   16.505089   16.817080   19.549989   19.524672   19.580081    114.409723    113.358921    115.457955
 2.647   49.622632   49.315296   49.930467   16.657699   16.503102   16.815026   19.548857   19.523531   19.578958    114.446180    113.395204    115.494688
 2.648   49.618662   49.311316   49.926476   16.655688   16.501117   16.812971   19.547725   19.522390   19.577834    114.482656    113.431511    115.531438
 2.649   49.614692   49.307336   49.922483   16.653675   16.499130   16.810914   19.546592   19.521249   19.576710    114.519149    113.467843    115.568205
 2.650   49.610721   49.303357   49.918488   16.651663   16.497146   16.808857   19.545460   19.520108   19.575587    114.555658    113.504197    115.604986
 2.651   49.606750   49.299377   49.914491   16.649651   16.495161   16.806799   19.544328   19.518967   19.574463    114.592183    113.540574    115.641781
 2.652   49.602779   49.295398   49.910491   16.647639   16.493177   16.804740   19.543196   19.517826   19.573340    114.628723    113.576971    115.678589
 2.653   49.598807   49.291419   49.906490   16.645628   16.491194   16.802681   19.542065   19.516686   19.572217    114.665277    113.613388    115.715410
 2.654   49.594836   49.287441   49.902488   16.643617   16.489210   16.800623   19.540933   19.515545   19.571093    114.701845    113.649820    115.752243
 2.655   49.590865   49.283462   49.898486   16.641606   16.487228   16.798565   19.539801   19.514405   19.569971    114.738425    113.686268    115.789089
 2.656   49.586894   49.279484   49.894483   16.639597   16.485246   16.796506   19.538670   19.513264   19.568848    114.775019    113.722731    115.825946
 2.657   49.582922   49.275506   49.890479   16.637587   16.483265   16.794447   19.537539   19.512124   19.567725    114.811624    113.759209    115.862816
 2.658   49.578951   49.271529   49.886474   16.635579   16.481284   16.792388   19.536408   19.510985   19.566603    114.848242    113.795704    115.899696
 2.659   49.574980   49.267552   49.882467   16.633570   16.479304   16.790329   19.535277   19.509845   19.565480    114.884872    113.832219    115.936587
 2.660   49.571010   49.263576   49.878458   16.631561   16.477325   16.788269   19.534147   19.508705   19.564358    114.921514    113.868755    115.973488
 2.661   49.567039   49.259601   49.874446   16.629554   16.475346   16.786207   19.533016   19.507566   19.563236    114.958168    113.905312    116.010399
 2.662   49.563068   49.255627   49.870431   16.627546   16.473369   16.784145   19.531886   19.506427   19.562115    114.994835    113.941891    116.047320
 2.663   49.559098   49.251653   49.866414   16.625540   16.471392   16.782083   19.530756   19.505288   19.560993    115.031514    113.978491    116.084251
 2.664   49.555127   49.247681   49.862395   16.623533   16.469416   16.780020   19.529626   19.504149   19.559872    115.068207    114.015110    116.121192
 2.665   49.551156   49.243708   49.858375   16.621528   16.467441   16.777956   19.528496   19.503011   19.558750    115.104915    114.051748    116.158147
 2.666   49.547185   49.239736   49.854355   16.619522   16.465465   16.775893   19.527367   19.501872   19.557629    115.141636    114.088401    116.195116
 2.667   49.543214   49.235762   49.850335   16.617516   16.463491   16.773831   19.526237   19.500734   19.556508    115.178373    114.125066    116.232103
 2.668   49.539243   49.231788   49.846316   16.615512   16.461514   16.771769   19.525108   19.499596   19.555387    115.215126    114.161744    116.269110
 2.669   49.535271   49.227811   49.842298   16.613506   16.459539   16.769708   19.523978   19.498457   19.554266    115.251896    114.198434    116.306138
 2.670   49.531299   49.223832   49.838281   16.611502   16.457563   16.767648   19.522849   19.497319   19.553145    115.288682    114.235137    116.343189
 2.671   49.527326   49.219852   49.834264   16.609497   16.455585   16.765589   19.521719   19.496181   19.552024    115.325487    114.271854    116.380264
 2.672   49.523353   49.215869   49.830247   16.607492   16.453608   16.763531   19.520590   19.495043   19.550903    115.362310    114.308586    116.417363
 2.673   49.519379   49.211884   49.826231   16.605489   16.451629   16.761472   19.519461   19.493904   19.549782    115.399152    114.345336    116.454485
 2.674   49.515405   49.207898   49.822214   16.603484   16.449650   16.759414   19.518331   19.492766   19.548661    115.436014    114.382104    116.491629
 2.675   49.511429   49.203911   49.818196   16.601480   16.447672   16.757356   19.517202   19.491628   19.547540    115.472896    114.418892    116.528796
 2.676   49.507453   49.199923   49.814178   16.599476   16.445693   16.755298   19.516072   19.490489   19.546419    115.509799    114.455698    116.565985
 2.677   49.503476   49.195933   49.810161   16.597472   16.443714   16.753242   19.514942   19.489351   19.545298    115.546724    114.492521    116.603197
 2.678   49.499498   49.191942   49.806145   16.595467   16.441733   16.751186   19.513812   19.488212   19.544176    115.583671    114.529359    116.640434
 2.679   49.495519   49.187948   49.802131   16.593463   16.439754   16.749132   19.512683   19.487073   19.543055    115.620641    114.566210    116.677698
 2.680   49.491539   49.183952   49.798118   16.591459   16.437772   16.747078   19.511552   19.485934   19.541933    115.657633    114.603073    116.714991
 2.681   49.487558   49.179953   49.794108   16.589453   16.435790   16.745027   19.510422   19.484795   19.540811    115.694649    114.639948    116.752314
 2.682   49.483576   49.175951   49.790100   16.587449   16.433807   16.742976   19.509292   19.483656   19.539690    115.731690    114.676837    116.789666
 2.683   49.479593   49.171947   49.786093   16.585444   16.431822   16.740928   19.508161   19.482517   19.538567    115.768754    114.713742    116.827048
 2.684   49.475608   49.167940   49.782086   16.583439   16.429838   16.738879   19.507030   19.481377   19.537445    115.805844    114.750664    116.864459
 2.685   49.471622   49.163932   49.778080   16.581433   16.427852   16.736831   19.505899   19.480237   19.536323    115.842958    114.787608    116.901898
 2.686   49.467635   49.159922   49.774073   16.579428   16.425867   16.734783   19.504768   19.479097   19.535200    115.880097    114.824573    116.939362
 2.687   49.463647   49.155911   49.770065   16.577422   16.423882   16.732736   19.503637   19.477957   19.534077    115.917262    114.861561    116.976851
 2.688   49.459657   49.151899   49.766058   16.575415   16.421895   16.730689   19.502505   19.476817   19.532954    115.954452    114.898571    117.014363
 2.689   49.455666   49.147887   49.762051   16.573409   16.419910   16.728642   19.501373   19.475676   19.531830    115.991668    114.935600    117.051899
 2.690   49.451674   49.143873   49.758044   16.571402   16.417924   16.726596   19.500241   19.474535   19.530707    116.028910    114.972648    117.089460
 2.691   49.447680   49.139859   49.754038   16.569396   16.415939   16.724551   19.499109   19.473394   19.529583    116.066177    115.009713    117.127046
 2.692   49.443685   49.135844   49.750034   16.567389   16.413952   16.722508   19.497977   19.472253   19.528459    116.103472    115.046798    117.164657
 2.693   49.439689   49.131827   49.746029   16.565382   16.411966   16.720464   19.496844   19.471111   19.527335    116.140793    115.083903    117.202295
 2.694   49.435691   49.127809   49.742025   16.563373   16.409980   16.718421   19.495711   19.469970   19.526210    116.178142    115.121030    117.239961
 2.695   49.431691   49.123789   49.738019   16.561365   16.407993   16.716377   19.494578   19.468827   19.525085    116.215520    115.158184    117.277656
 2.696   49.427690   49.119768   49.734012   16.559357   16.406006   16.714333   19.493444   19.467685   19.523960    116.252928    115.195367    117.315381
 2.697   49.423686   49.115745   49.730004   16.557347   16.404018   16.712290   19.492310   19.466542   19.522835    116.290367    115.232580    117.353136
 2.698   49.419681   49.111720   49.725993   16.555338   16.402030   16.710245   19.491175   19.465399   19.521709    116.327840    115.269827    117.390924
 2.699   49.415674   49.107694   49.721980   16.553327   16.400042   16.708200   19.490040   19.464255   19.520582    116.365346    115.307107    117.428745
 2.700   49.411664   49.103665   49.717965   16.551316   16.398053   16.706154   19.488905   19.463111   19.519455    116.402890    115.344422    117.466600
 2.701   49.407651   49.099635   49.713947   16.549303   16.396063   16.704108   19.487769   19.461966   19.518328    116.440471    115.381774    117.504491
 2.702   49.403636   49.095603   49.709928   16.547289   16.394073   16.702060   19.486632   19.460820   19.517199    116.478093    115.419163    117.542420
 2.703   49.399617   49.091568   49.705906   16.545276   16.392082   16.700012   19.485495   19.459674   19.516070    116.515756    115.456592    117.580391
 2.704   49.395596   49.087529   49.701882   16.543260   16.390089   16.697963   19.484357   19.458527   19.514941    116.553464    115.494062    117.618407
 2.705   49.391571   49.083487   49.697854   16.541243   16.388096   16.695912   19.483218   19.457379   19.513810    116.591217    115.531577    117.656468
 2.706   49.387542   49.079442   49.693823   16.539225   16.386101   16.693861   19.482078   19.456231   19.512679    116.629017    115.569140    117.694575
 2.707   49.383510   49.075395   49.689787   16.537205   16.384105   16.691808   19.480937   19.455081   19.511547    116.666866    115.606754    117.732728
 2.708   49.379473   49.071345   49.685746   16.535184   16.382109   16.689752   19.479795   19.453931   19.510414    116.704765    115.644423    117.770925
 2.709   49.375433   49.067293   49.681699   16.533161   16.380112   16.687693   19.478653   19.452779   19.509280    116.742716    115.682148    117.809166
 2.710   49.371389   49.063240   49.677646   16.531137   16.378115   16.685632   19.477509   19.451627   19.508145    116.780719    115.719932    117.847450
 2.711   49.367341   49.059186   49.673588   16.529111   16.376117   16.683570   19.476365   19.450473   19.507008    116.818776    115.757776    117.885778
 2.712   49.363288   49.055130   49.669523   16.527083   16.374120   16.681503   19.475219   19.449319   19.505871    116.856886    115.795678    117.924150
 2.713   49.359231   49.051073   49.665453   16.525054   16.372121   16.679435   19.474072   19.448163   19.504733    116.895050    115.833639    117.962569
 2.714   49.355170   49.047012   49.661378   16.523022   16.370122   16.677364   19.472924   19.447006   19.503594    116.933268    115.871657    118.001037
 2.715   49.351105   49.042948   49.657298   16.520989   16.368123   16.675291   19.471776   19.445849   19.502454    116.971538    115.909730    118.039555
 2.716   49.347036   49.038881   49.653213   16.518956   16.366120   16.673217   19.470626   19.444690   19.501313    117.009860    115.947855    118.078122
 2.717   49.342963   49.034811   49.649125   16.516920   16.364118   16.671141   19.469475   19.443531   19.500171    117.048233    115.986032    118.116736
 2.718   49.338886   49.030740   49.645032   16.514883   16.362115   16.669064   19.468324   19.442370   19.499028    117.086653    116.024257    118.155392
 2.719   49.334806   49.026667   49.640936   16.512844   16.360112   16.666985   19.467172   19.441209   19.497884    117.125120    116.062529    118.194087
 2.720   49.330723   49.022594   49.636836   16.510804   16.358109   16.664904   19.466019   19.440047   19.496740    117.163630    116.100847    118.232814
 2.721   49.326637   49.018522   49.632733   16.508765   16.356108   16.662823   19.464865   19.438885   19.495595    117.202181    116.139207    118.271570
 2.722   49.322549   49.014451   49.628626   16.506723   16.354106   16.660739   19.463711   19.437722   19.494449    117.240768    116.177607    118.310352
 2.723   49.318459   49.010380   49.624517   16.504681   16.352106   16.658656   19.462557   19.436558   19.493303    117.279388    116.216042    118.349158
 2.724   49.314367   49.006309   49.620405   16.502639   16.350106   16.656571   19.461402   19.435394   19.492157    117.318037    116.254509    118.387986
 2.725   49.310274   49.002239   49.616292   16.500597   16.348106   16.654486   19.460247   19.434231   19.491011    117.356712    116.293001    118.426836
 2.726   49.306181   48.998169   49.612179   16.498554   16.346107   16.652401   19.459092   19.433067   19.489864    117.395409    116.331516    118.465705
 2.727   49.302087   48.994098   49.608065   16.496513   16.344108   16.650317   19.457937   19.431903   19.488718    117.434123    116.370047    118.504591
 2.728   49.297993   48.990028   49.603952   16.494471   16.342110   16.648234   19.456782   19.430739   19.487572    117.472850    116.408589    118.543490
 2.729   49.293900   48.985958   49.599840   16.492430   16.340113   16.646151   19.455628   19.429576   19.486426    117.511587    116.447140    118.582396
 2.730   49.289807   48.981891   49.595729   16.490390   16.338117   16.644069   19.454474   19.428413   19.485281    117.550330    116.485695    118.621305
 2.731   49.285716   48.977826   49.591620   16.488351   16.336123   16.641989   19.453320   19.427251   19.484136    117.589074    116.524250    118.660211
 2.732   49.281627   48.973764   49.587513   16.486313   16.334130   16.639910   19.452167   19.426089   19.482991    117.627817    116.562802    118.699112
 2.733   49.277540   48.969705   49.583408   16.484278   16.332140   16.637833   19.451015   19.424928   19.481848    117.666554    116.601347    118.738004
 2.734   49.273455   48.965649   49.579307   16.482243   16.330151   16.635758   19.449864   19.423768   19.480705    117.705283    116.639882    118.776885
 2.735   49.269373   48.961597   49.575208   16.480210   16.328164   16.633685   19.448714   19.422609   19.479564    117.744000    116.678404    118.815751
 2.736   49.265294   48.957547   49.571112   16.478180   16.326180   16.631614   19.447565   19.421451   19.478423    117.782703    116.716913    118.854603
 2.737   49.261218   48.953501   49.567020   16.476151   16.324197   16.629544   19.446416   19.420294   19.477283    117.821389    116.755406    118.893440
 2.738   49.257146   48.949457   49.562930   16.474125   16.322216   16.627477   19.445269   19.419138   19.476145    117.860055    116.793881    118.932260
 2.739   49.253077   48.945415   49.558844   16.472100   16.320235   16.625411   19.444124   19.417983   19.475007    117.898700    116.832338    118.971063
 2.740   49.249013   48.941377   49.554760   16.470078   16.318258   16.623348   19.442979   19.416830   19.473871    117.937321    116.870774    119.009846
 2.741   49.244953   48.937341   49.550680   16.468060   16.316282   16.621288   19.441836   19.415678   19.472737    117.975916    116.909188    119.048608
 2.742   49.240897   48.933308   49.546604   16.466042   16.314308   16.619229   19.440694   19.414527   19.471603    118.014485    116.947577    119.087347
 2.743   49.236846   48.929279   49.542531   16.464029   16.312336   16.617172   19.439554   19.413378   19.470471    118.053024    116.985940    119.126061
 2.744   49.232799   48.925254   49.538463   16.462017   16.310367   16.615117   19.438415   19.412231   19.469341    118.091533    117.024276    119.164746
 2.745   49.228758   48.921233   49.534399   16.460009   16.308400   16.613067   19.437278   19.411084   19.468212    118.130010    117.062580    119.203401
 2.746   49.224721   48.917218   49.530340   16.458003   16.306435   16.611018   19.436142   19.409940   19.467085    118.168453    117.100852    119.242023
 2.747   49.220689   48.913207   49.526287   16.456001   16.304474   16.608973   19.435008   19.408797   19.465959    118.206861    117.139087    119.280609
 2.748   49.216663   48.909202   49.522239   16.454002   16.302516   16.606931   19.433875   19.407656   19.464835    118.245232    117.177284    119.319158
 2.749   49.212643   48.905202   49.518197   16.452006   16.300561   16.604893   19.432744   19.406516   19.463712    118.283566    117.215441    119.357667
 2.750   49.208627   48.901208   49.514162   16.450012   16.298609   16.602858   19.431615   19.405379   19.462592    118.321859    117.253557    119.396136
 2.751   49.204618   48.897220   49.510133   16.448023   16.296661   16.600827   19.430488   19.404243   19.461473    118.360111    117.291629    119.434564
 2.752   49.200615   48.893238   49.506111   16.446036   16.294716   16.598800   19.429363   19.403109   19.460356    118.398321    117.329657    119.472949
 2.753   49.196618   48.889262   49.502095   16.444053   16.292774   16.596776   19.428239   19.401977   19.459240    118.436486    117.367640    119.511290
 2.754   49.192627   48.885292   49.498085   16.442074   16.290834   16.594755   19.427117   19.400846   19.458127    118.474606    117.405579    119.549585
 2.755   49.188642   48.881329   49.494082   16.440097   16.288899   16.592739   19.425998   19.399718   19.457016    118.512678    117.443470    119.587832
 2.756   49.184664   48.877372   49.490085   16.438125   16.286968   16.590726   19.424880   19.398592   19.455906    118.550702    117.481312    119.626031
 2.757   49.180693   48.873421   49.486097   16.436156   16.285040   16.588718   19.423764   19.397467   19.454799    118.588676    117.519099    119.664178
 2.758   49.176728   48.869478   49.482117   16.434192   16.283116   16.586714   19.422651   19.396345   19.453693    118.626598    117.556827    119.702272
 2.759   49.172771   48.865543   49.478147   16.432231   16.281197   16.584716   19.421539   19.395225   19.452590    118.664467    117.594493    119.740312
 2.760   49.168820   48.861614   49.474188   16.430273   16.279281   16.582724   19.420430   19.394107   19.451489    118.702282    117.632094    119.778296
 2.761   49.164877   48.857694   49.470238   16.428321   16.277369   16.580737   19.419323   19.392992   19.450390    118.740042    117.669629    119.816222
 2.762   49.160941   48.853781   49.466300   16.426372   16.275460   16.578756   19.418218   19.391878   19.449293    118.777745    117.707096    119.854091
 2.763   49.157013   48.849876   49.462371   16.424427   16.273557   16.576781   19.417115   19.390767   19.448198    118.815391    117.744497    119.891899
 2.764   49.153092   48.845979   49.458452   16.422485   16.271658   16.574810   19.416014   19.389658   19.447106    118.852980    117.781833    119.929647
 2.765   49.149178   48.842090   49.454541   16.420549   16.269763   16.572844   19.414916   19.388551   19.446015    118.890511    117.819108    119.967335
 2.766   49.145272   48.838209   49.450639   16.418616   16.267872   16.570882   19.413820   19.387447   19.444927    118.927984    117.856323    120.004967
 2.767   49.141373   48.834333   49.446744   16.416687   16.265984   16.568926   19.412726   19.386344   19.443842    118.965400    117.893481    120.042544
 2.768   49.137481   48.830463   49.442857   16.414762   16.264100   16.566973   19.411634   19.385244   19.442758    119.002760    117.930581    120.080071
 2.769   49.133596   48.826598   49.438977   16.412841   16.262218   16.565024   19.410545   19.384146   19.441676    119.040064    117.967625    120.117551
 2.770   49.129719   48.822737   49.435105   16.410924   16.260338   16.563079   19.409457   19.383051   19.440597    119.077314    118.004612    120.154985
 2.771   49.125848   48.818880   49.431241   16.409011   16.258462   16.561140   19.408372   19.381957   19.439520    119.114511    118.041543    120.192377
 2.772   49.121984   48.815028   49.427385   16.407101   16.256587   16.559203   19.407288   19.380865   19.438444    119.151657    118.078420    120.229726
 2.773   49.118127   48.811180   49.423535   16.405195   16.254715   16.557271   19.406207   19.379776   19.437371    119.188755    118.115247    120.267032
 2.774   49.114275   48.807337   49.419693   16.403293   16.252846   16.555343   19.405127   19.378688   19.436299    119.225807    118.152026    120.304297
 2.775   49.110430   48.803499   49.415856   16.401393   16.250980   16.553418   19.404050   19.377602   19.435229    119.262815    118.188761    120.341520
 2.776   49.106590   48.799665   49.412025   16.399497   16.249116   16.551497   19.402974   19.376518   19.434161    119.299783    118.225455    120.378707
 2.777   49.102755   48.795836   49.408200   16.397603   16.247254   16.549578   19.401899   19.375435   19.433094    119.336714    118.262110    120.415861
 2.778   49.098925   48.792009   49.404381   16.395712   16.245394   16.547664   19.400826   19.374354   19.432029    119.373610    118.298729    120.452990
 2.779   49.095100   48.788182   49.400567   16.393824   16.243534   16.545752   19.399755   19.373274   19.430966    119.410477    118.335315    120.490101
 2.780   49.091279   48.784357   49.396758   16.391939   16.241675   16.543842   19.398684   19.372195   19.429903    119.447316    118.371869    120.527199
 2.781   49.087461   48.780530   49.392954   16.390055   16.239817   16.541936   19.397615   19.371118   19.428842    119.484133    118.408396    120.564290
 2.782   49.083647   48.776703   49.389155   16.388174   16.237959   16.540033   19.396547   19.370042   19.427782    119.520931    118.444900    120.601376
 2.783   49.079835   48.772875   49.385359   16.386294   16.236100   16.538132   19.395480   19.368967   19.426723    119.557715    118.481387    120.638459
 2.784   49.076026   48.769048   49.381567   16.384416   16.234242   16.536232   19.394414   19.367892   19.425664    119.594487    118.517862    120.675539
 2.785   49.072219   48.765221   49.377776   16.382540   16.232384   16.534335   19.393348   19.366819   19.424606    119.631253    118.554328    120.712617
 2.786   49.068414   48.761395   49.373988   16.380664   16.230527   16.532438   19.392283   19.365745   19.423549    119.668017    118.590790    120.749697
 2.787   49.064610   48.757568   49.370202   16.378789   16.228670   16.530543   19.391219   19.364673   19.422492    119.704782    118.627249    120.786783
 2.788   49.060806   48.753741   49.366419   16.376915   16.226815   16.528649   19.390154   19.363600   19.421436    119.741551    118.663708    120.823880
 2.789   49.057003   48.749912   49.362637   16.375042   16.224957   16.526758   19.389091   19.362528   19.420380    119.778329    118.700168    120.860995
 2.790   49.053201   48.746079   49.358859   16.373169   16.223099   16.524867   19.388027   19.361457   19.419324    119.815119    118.736631    120.898134
 2.791   49.049397   48.742242   49.355083   16.371297   16.221238   16.522979   19.386963   19.360385   19.418268    119.851924    118.773100    120.935302
 2.792   49.045594   48.738401   49.351308   16.369424   16.219377   16.521092   19.385899   19.359313   19.417212    119.888748    118.809579    120.972502
 2.793   49.041789   48.734557   49.347535   16.367551   16.217513   16.519205   19.384836   19.358241   19.416156    119.925593    118.846071    121.009733
 2.794   49.037984   48.730709   49.343762   16.365679   16.215649   16.517319   19.383772   19.357169   19.415100    119.962462    118.882583    121.046996
 2.795   49.034177   48.726858   49.339988   16.363805   16.213784   16.515434   19.382707   19.356097   19.414044    119.999358    118.919118    121.084291
 2.796   49.030368   48.723005   49.336213   16.361933   16.211918   16.513548   19.381643   19.355024   19.412987    120.036284    118.955680    121.121619
 2.797   49.026557   48.719150   49.332437   16.360058   16.210051   16.511660   19.380578   19.353951   19.411930    120.073241    118.992270    121.158980
 2.798   49.022744   48.715291   49.328661   16.358183   16.208183   16.509774   19.379512   19.352877   19.410872    120.110232    119.028889    121.196379
 2.799   49.018929   48.711429   49.324884   16.356308   16.206313   16.507888   19.378446   19.351803   19.409814    120.147258    119.065537    121.233818
 2.800   49.015111   48.707562   49.321106   16.354431   16.204442   16.506002   19.377380   19.350728   19.408755    120.184323    119.102214    121.271304
 2.801   49.011290   48.703690   49.317329   16.352553   16.202568   16.504117   19.376313   19.349653   19.407696    120.221428    119.138922    121.308837
 2.802   49.007467   48.699813   49.313550   16.350675   16.200692   16.502231   19.375245   19.348577   19.406636    120.258575    119.175663    121.346421
 2.803   49.003640   48.695931   49.309771   16.348795   16.198815   16.500345   19.374176   19.347500   19.405575    120.295766    119.212440    121.384055
 2.804   48.999810   48.692045   49.305989   16.346913   16.196935   16.498459   19.373107   19.346423   19.404513    120.333002    119.249258    121.421741
 2.805   48.995976   48.688153   49.302205   16.345031   16.195053   16.496572   19.372036   19.345344   19.403451    120.370285    119.286120    121.459478
 2.806   48.992139   48.684258   49.298418   16.343147   16.193171   16.494683   19.370965   19.344265   19.402388    120.407616    119.323028    121.497265
 2.807   48.988298   48.680360   49.294627   16.341261   16.191287   16.492793   19.369893   19.343185   19.401323    120.444998    119.359983    121.535102
 2.808   48.984453   48.676458   49.290834   16.339374   16.189402   16.490901   19.368820   19.342103   19.400258    120.482432    119.396987    121.572988
 2.809   48.980604   48.672552   49.287037   16.337486   16.187515   16.489009   19.367746   19.341021   19.399192    120.519918    119.434038    121.610925
 2.810   48.976750   48.668643   49.283238   16.335595   16.185626   16.487116   19.366671   19.339938   19.398125    120.557460    119.471138    121.648916
 2.811   48.972893   48.664729   49.279437   16.333703   16.183737   16.485222   19.365595   19.338853   19.397057    120.595057    119.508288    121.686963
 2.812   48.969030   48.660812   49.275632   16.331808   16.181845   16.483327   19.364518   19.337768   19.395987    120.632714    119.545489    121.725067
 2.813   48.965163   48.656889   49.271825   16.329912   16.179951   16.481431   19.363439   19.336681   19.394917    120.670430    119.582743    121.763233
 2.814   48.961291   48.652961   49.268013   16.328014   16.178056   16.479534   19.362359   19.335593   19.393845    120.708209    119.620055    121.801462
 2.815   48.957413   48.649028   49.264198   16.326114   16.176158   16.477634   19.361278   19.334504   19.392772    120.746054    119.657428    121.839758
 2.816   48.953530   48.645090   49.260376   16.324211   16.174257   16.475733   19.360196   19.333413   19.391697    120.783966    119.694870    121.878121
 2.817   48.949641   48.641146   49.256548   16.322306   16.172355   16.473827   19.359112   19.332321   19.390621    120.821950    119.732385    121.916552
 2.818   48.945746   48.637199   49.252712   16.320398   16.170452   16.471918   19.358026   19.331227   19.389543    120.860009    119.769980    121.955051
 2.819   48.941844   48.633247   49.248868   16.318487   16.168546   16.470006   19.356939   19.330131   19.388464    120.898146    119.807659    121.993620
 2.820   48.937935   48.629291   49.245015   16.316573   16.166639   16.468090   19.355849   19.329033   19.387383    120.936366    119.845426    122.032262
 2.821   48.934018   48.625331   49.241153   16.314656   16.164731   16.466170   19.354758   19.327934   19.386300    120.974672    119.883286    122.070980
 2.822   48.930094   48.621365   49.237281   16.312735   16.162820   16.464245   19.353665   19.326833   19.385215    121.013070    119.921241    122.109781
 2.823   48.926161   48.617393   49.233400   16.310811   16.160906   16.462316   19.352570   19.325729   19.384127    121.051562    119.959295    122.148670
 2.824   48.922220   48.613413   49.229510   16.308882   16.158989   16.460383   19.351472   19.324623   19.383038    121.090155    119.997448    122.187657
 2.825   48.918269   48.609425   49.225610   16.306950   16.157068   16.458446   19.350372   19.323514   19.381946    121.128851    120.035706    122.226746
 2.826   48.914309   48.605428   49.221700   16.305013   16.155144   16.456504   19.349269   19.322403   19.380851    121.167656    120.074076    122.265939
 2.827   48.910339   48.601424   49.217778   16.303072   16.153216   16.454555   19.348164   19.321290   19.379754    121.206573    120.112565    122.305236
 2.828   48.906358   48.597413   49.213841   16.301126   16.151285   16.452601   19.347056   19.320173   19.378654    121.245607    120.151182    122.344637
 2.829   48.902366   48.593397   49.209890   16.299175   16.149353   16.450639   19.345945   19.319054   19.377552    121.284761    120.189935    122.384141
 2.830   48.898364   48.589375   49.205921   16.297219   16.147418   16.448669   19.344832   19.317932   19.376446    121.324039    120.228831    122.423747
 2.831   48.894349   48.585349   49.201936   16.295258   16.145481   16.446692   19.343715   19.316806   19.375337    121.363445    120.267874    122.463457
 2.832   48.890323   48.581317   49.197933   16.293292   16.143542   16.444705   19.342595   19.315678   19.374226    121.402983    120.307066    122.503278
 2.833   48.886285   48.577277   49.193915   16.291319   16.141600   16.442712   19.341472   19.314546   19.373111    121.442655    120.346407    122.543216
 2.834   48.882234   48.573228   49.189880   16.289342   16.139654   16.440711   19.340345   19.313411   19.371992    121.482465    120.385896    122.583281
 2.835   48.878171   48.569169   49.185831   16.287358   16.137703   16.438704   19.339215   19.312272   19.370871    121.522415    120.425531    122.623479
 2.836   48.874094   48.565099   49.181768   16.285368   16.135747   16.436689   19.338082   19.311130   19.369745    121.562509    120.465313    122.663815
 2.837   48.870004   48.561017   49.177690   16.283373   16.133786   16.434668   19.336945   19.309984   19.368617    121.602749    120.505246    122.704290
 2.838   48.865900   48.556925   49.173596   16.281370   16.131821   16.432639   19.335804   19.308835   19.367485    121.643137    120.545333    122.744902
 2.839   48.861783   48.552824   49.169485   16.279363   16.129852   16.430603   19.334660   19.307682   19.366349    121.683674    120.585582    122.785648
 2.840   48.857652   48.548715   49.165356   16.277348   16.127878   16.428558   19.333512   19.306525   19.365209    121.724364    120.625998    122.826525
 2.841   48.853507   48.544599   49.161208   16.275327   16.125902   16.426503   19.332360   19.305365   19.364066    121.765206    120.666583    122.867533
 2.842   48.849348   48.540474   49.157041   16.273300   16.123923   16.424441   19.331205   19.304201   19.362919    121.806203    120.707337    122.908675
 2.843   48.845175   48.536341   49.152857   16.271266   16.121940   16.422370   19.330046   19.303033   19.361769    121.847355    120.748261    122.949954
 2.844   48.840988   48.532197   49.148655   16.269226   16.119951   16.420290   19.328883   19.301861   19.360614    121.888663    120.789351    122.991376
 2.845   48.836786   48.528041   49.144437   16.267180   16.117958   16.418203   19.327716   19.300685   19.359456    121.930127    120.830602    123.032947
 2.846   48.832570   48.523872   49.140204   16.265126   16.115959   16.416109   19.326546   19.299506   19.358294    121.971748    120.872012    123.074670
 2.847   48.828340   48.519689   49.135957   16.263067   16.113953   16.414009   19.325371   19.298323   19.357128    122.013524    120.913576    123.116548
 2.848   48.824097   48.515494   49.131697   16.261001   16.111943   16.411902   19.324193   19.297136   19.355959    122.055455    120.955292    123.158580
 2.849   48.819839   48.511285   49.127423   16.258928   16.109926   16.409789   19.323012   19.295945   19.354786    122.097541    120.997160    123.200762
 2.850   48.815567   48.507065   49.123134   16.256850   16.107904   16.407669   19.321826   19.294751   19.353609    122.139780    121.039182    123.243091
 2.851   48.811281   48.502833   49.118832   16.254765   16.105877   16.405543   19.320637   19.293553   19.352429    122.182171    121.081356    123.285564
 2.852   48.806983   48.498590   49.114516   16.252673   16.103844   16.403411   19.319445   19.292351   19.351245    122.224712    121.123682    123.328181
 2.853   48.802670   48.494336   49.110185   16.250576   16.101808   16.401272   19.318249   19.291146   19.350058    122.267404    121.166159    123.370940
 2.854   48.798345   48.490070   49.105841   16.248474   16.099765   16.399127   19.317049   19.289937   19.348867    122.310244    121.208784    123.413843
 2.855   48.794006   48.485792   49.101484   16.246365   16.097718   16.396976   19.315846   19.288725   19.347673    122.353230    121.251556    123.456891
 2.856   48.789654   48.481502   49.097114   16.244250   16.095664   16.394819   19.314639   19.287509   19.346475    122.396363    121.294473    123.500083
 2.857   48.785290   48.477198   49.092732   16.242129   16.093606   16.392656   19.313430   19.286290   19.345274    122.439640    121.337532    123.543422
 2.858   48.780912   48.472881   49.088337   16.240002   16.091541   16.390488   19.312216   19.285068   19.344070    122.483060    121.380731    123.586906
 2.859   48.776523   48.468552   49.083931   16.237870   16.089471   16.388314   19.311000   19.283842   19.342862    122.526622    121.424068    123.630534
 2.860   48.772120   48.464209   49.079513   16.235734   16.087395   16.386136   19.309780   19.282613   19.341651    122.570326    121.467543    123.674305
 2.861   48.767706   48.459855   49.075083   16.233591   16.085313   16.383952   19.308557   19.281381   19.340437    122.614170    121.511154    123.718217
 2.862   48.763279   48.455488   49.070642   16.231442   16.083227   16.381762   19.307331   19.280145   19.339220    122.658154    121.554900    123.762270
 2.863   48.758840   48.451109   49.066190   16.229288   16.081134   16.379568   19.306102   19.278906   19.337999    122.702276    121.598782    123.806462
 2.864   48.754389   48.446718   49.061726   16.227129   16.079036   16.377369   19.304869   19.277664   19.336776    122.746537    121.642798    123.850792
 2.865   48.749926   48.442315   49.057251   16.224964   16.076934   16.375165   19.303633   19.276419   19.335549    122.790935    121.686949    123.895261
 2.866   48.745451   48.437900   49.052764   16.222795   16.074826   16.372955   19.302394   19.275171   19.334319    122.835470    121.731237    123.939868
 2.867   48.740965   48.433473   49.048265   16.220619   16.072712   16.370739   19.301153   19.273920   19.333086    122.880140    121.775660    123.984613
 2.868   48.736466   48.429034   49.043753   16.218439   16.070594   16.368518   19.299908   19.272665   19.331850    122.924946    121.820221    124.029494
 2.869   48.731956   48.424583   49.039230   16.216254   16.068470   16.366292   19.298660   19.271408   19.330611    122.969887    121.864917    124.074512
 2.870   48.727435   48.420121   49.034693   16.214063   16.066341   16.364060   19.297409   19.270148   19.329369    123.014961    121.909749    124.119666
 2.871   48.722902   48.415646   49.030145   16.211867   16.064207   16.361823   19.296155   19.268884   19.328125    123.060167    121.954714    124.164954
 2.872   48.718357   48.411160   49.025585   16.209667   16.062067   16.359580   19.294898   19.267618   19.326877    123.105504    121.999813    124.210376
 2.873   48.713802   48.406662   49.021014   16.207461   16.059924   16.357332   19.293638   19.266349   19.325626    123.150972    122.045042    124.255929
 2.874   48.709236   48.402154   49.016431   16.205251   16.057775   16.355079   19.292376   19.265076   19.324373    123.196569    122.090400    124.301612
 2.875   48.704659   48.397634   49.011837   16.203037   16.055621   16.352822   19.291110   19.263801   19.323117    123.242293    122.135885    124.347423
 2.876   48.700071   48.393104   49.007233   16.200817   16.053463   16.350559   19.289842   19.262524   19.321858    123.288143    122.181497    124.393362
 2.877   48.695473   48.388562   49.002617   16.198593   16.051299   16.348292   19.288571   19.261243   19.320596    123.334117    122.227234    124.439429
 2.878   48.690864   48.384009   48.997990   16.196364   16.049131   16.346019   19.287298   19.259960   19.319332    123.380213    122.273096    124.485624
 2.879   48.686245   48.379443   48.993351   16.194131   16.046958   16.343742   19.286022   19.258674   19.318065    123.426431    122.319083    124.531947
 2.880   48.681617   48.374866   48.988702   16.191895   16.044779   16.341459   19.284743   19.257386   19.316796    123.472767    122.365193    124.578397
 2.881   48.676979   48.370277   48.984041   16.189653   16.042595   16.339172   19.283462   19.256095   19.315524    123.519219    122.411425    124.624973
 2.882   48.672331   48.365677   48.979369   16.187407   16.040406   16.336879   19.282179   19.254802   19.314250    123.565787    122.457777    124.671671
 2.883   48.667674   48.361065   48.974687   16.185158   16.038213   16.334583   19.280893   19.253507   19.312973    123.612467    122.504243    124.718489
 2.884   48.663008   48.356444   48.969995   16.182906   16.036015   16.332281   19.279605   19.252209   19.311694    123.659257    122.550823    124.765422
 2.885   48.658333   48.351813   48.965294   16.180648   16.033813   16.329977   19.278315   19.250909   19.310413    123.706157    122.597512    124.812467
 2.886   48.653650   48.347172   48.960584   16.178388   16.031608   16.327668   19.277022   19.249607   19.309130    123.753164    122.644310    124.859622
 2.887   48.648958   48.342523   48.955864   16.176124   16.029398   16.325354   19.275727   19.248302   19.307845    123.800277    122.691217    124.906887
 2.888   48.644258   48.337863   48.951134   16.173856   16.027185   16.323037   19.274430   19.246996   19.306557    123.847494    122.738232    124.954261
 2.889   48.639549   48.333194   48.946395   16.171585   16.024967   16.320715   19.273132   19.245687   19.305268    123.894814    122.785358    125.001744
 2.890   48.634833   48.328515   48.941644   16.169311   16.022745   16.318390   19.271831   19.244376   19.303976    123.942236    122.832594    125.049338
 2.891   48.630108   48.323826   48.936883   16.167033   16.020519   16.316058   19.270528   19.243064   19.302683    123.989758    122.879940    125.097041
 2.892   48.625376   48.319126   48.932112   16.164752   16.018288   16.313722   19.269223   19.241749   19.301387    124.037380    122.927394    125.144853
 2.893   48.620636   48.314418   48.927330   16.162469   16.016054   16.311383   19.267916   19.240432   19.300090    124.085099    122.974954    125.192768
 2.894   48.615889   48.309701   48.922540   16.160181   16.013815   16.309039   19.266608   19.239114   19.298791    124.132916    123.022617    125.240785
 2.895   48.611134   48.304975   48.917741   16.157891   16.011574   16.306691   19.265298   19.237794   19.297490    124.180829    123.070380    125.288901
 2.896   48.606371   48.300242   48.912934   16.155598   16.009329   16.304340   19.263985   19.236472   19.296187    124.228837    123.118238    125.337116
 2.897   48.601602   48.295500   48.908120   16.153302   16.007081   16.301987   19.262671   19.235148   19.294882    124.276937    123.166189    125.385429
 2.898   48.596826   48.290749   48.903299   16.151003   16.004830   16.299631   19.261356   19.233822   19.293576    124.325130    123.214229    125.433843
 2.899   48.592043   48.285988   48.898472   16.148701   16.002573   16.297272   19.260038   19.232495   19.292268    124.373412    123.262358    125.482357
 2.900   48.587253   48.281217   48.893638   16.146397   16.000313   16.294911   19.258719   19.231166   19.290959    124.421784    123.310576    125.530974
 2.901   48.582456   48.276436   48.888798   16.144090   15.998048   16.292547   19.257399   19.229836   19.289648    124.470242    123.358880    125.579692
 2.902   48.577654   48.271645   48.883951   16.141781   15.995780   16.290180   19.256077   19.228504   19.288335    124.518785    123.407269    125.628508
 2.903   48.572845   48.266846   48.879098   16.139470   15.993507   16.287810   19.254753   19.227170   19.287021    124.567413    123.455744    125.677418
 2.904   48.568030   48.262039   48.874238   16.137155   15.991232   16.285438   19.253428   19.225835   19.285705    124.616122    123.504303    125.726418
 2.905   48.563210   48.257224   48.869372   16.134839   15.988954   16.283065   19.252102   19.224499   19.284389    124.664913    123.552943    125.775503
 2.906   48.558383   48.252403   48.864500   16.132520   15.986674   16.280688   19.250774   19.223161   19.283070    124.713783    123.601660    125.824673
 2.907   48.553552   48.247575   48.859625   16.130200   15.984389   16.278310   19.249445   19.221822   19.281751    124.762731    123.650450    125.873927
 2.908   48.548714   48.242740   48.854747   16.127878   15.982103   16.275931   19.248115   19.220482   19.280430    124.811755    123.699307    125.923265
 2.909   48.543872   48.237896   48.849866   16.125554   15.979813   16.273552   19.246783   19.219140   19.279108    124.860855    123.748227    125.972691
 2.910   48.539025   48.233043   48.844984   16.123227   15.977519   16.271174   19.245451   19.217798   19.277785    124.910027    123.797206    126.022205
 2.911   48.534172   48.228181   48.840101   16.120899   15.975222   16.268794   19.244117   19.216454   19.276461    124.959272    123.846243    126.071806
 2.912   48.529315   48.223310   48.835216   16.118569   15.972922   16.266415   19.242782   19.215109   19.275135    125.008586    123.895337    126.121493
 2.913   48.524454   48.218432   48.830330   16.116238   15.970617   16.264035   19.241446   19.213763   19.273809    125.057967    123.944488    126.171259
 2.914   48.519588   48.213547   48.825442   16.113905   15.968311   16.261655   19.240109   19.212416   19.272482    125.107414    123.993698    126.221099
 2.915   48.514718   48.208657   48.820551   16.111571   15.966002   16.259275   19.238771   19.211069   19.271154    125.156924    124.042964    126.271008
 2.916   48.509845   48.203763   48.815657   16.109236   15.963692   16.256893   19.237433   19.209720   19.269825    125.206494    124.092287    126.320981
 2.917   48.504968   48.198863   48.810760   16.106900   15.961381   16.254511   19.236094   19.208371   19.268495    125.256121    124.141662    126.371015
 2.918   48.500088   48.193960   48.805863   16.104562   15.959067   16.252129   19.234754   19.207021   19.267165    125.305801    124.191084    126.421109
 2.919   48.495206   48.189051   48.800965   16.102224   15.956753   16.249747   19.233413   19.205671   19.265834    125.355530    124.240545    126.471261
 2.920   48.490321   48.184137   48.796069   16.099886   15.954435   16.247368   19.232073   19.204320   19.264503    125.405304    124.290039    126.521470
 2.921   48.485435   48.179218   48.791174   16.097547   15.952117   16.244988   19.230732   19.202969   19.263171    125.455120    124.339562    126.571734
 2.922   48.480547   48.174294   48.786281   16.095208   15.949797   16.242611   19.229390   19.201618   19.261840    125.504972    124.389109    126.622046
 2.923   48.475658   48.169366   48.781389   16.092869   15.947474   16.240234   19.228049   19.200266   19.260508    125.554858    124.438680    126.672402
 2.924   48.470768   48.164436   48.776499   16.090531   15.945152   16.237859   19.226708   19.198915   19.259176    125.604772    124.488271    126.722796
 2.925   48.465879   48.159504   48.771610   16.088193   15.942829   16.235486   19.225367   19.197564   19.257845    125.654712    124.537884    126.773219
 2.926   48.460989   48.154571   48.766721   16.085855   15.940507   16.233113   19.224026   19.196213   19.256514    125.704675    124.587515    126.823668
 2.927   48.456099   48.149639   48.761834   16.083519   15.938185   16.230740   19.222686   19.194863   19.255183    125.754656    124.637164    126.874136
 2.928   48.451211   48.144708   48.756948   16.081182   15.935865   16.228370   19.221346   19.193513   19.253852    125.804654    124.686825    126.924620
 2.929   48.446323   48.139777   48.752064   16.078848   15.933546   16.226002   19.220006   19.192163   19.252522    125.854666    124.736495    126.975120
 2.930   48.441436   48.134846   48.747184   16.076514   15.931226   16.223634   19.218667   19.190814   19.251192    125.904690    124.786170    127.025635
 2.931   48.436550   48.129916   48.742306   16.074182   15.928908   16.221269   19.217328   19.189465   19.249863    125.954724    124.835848    127.076163
 2.932   48.431666   48.124986   48.737432   16.071850   15.926590   16.218907   19.215990   19.188117   19.248535    126.004767    124.885527    127.126704
 2.933   48.426783   48.120056   48.732561   16.069520   15.924273   16.216547   19.214653   19.186770   19.247207    126.054819    124.935209    127.177257
 2.934   48.421901   48.115128   48.727692   16.067190   15.921958   16.214188   19.213316   19.185423   19.245880    126.104878    124.984894    127.227821
 2.935   48.417021   48.110200   48.722826   16.064863   15.919643   16.211830   19.211980   19.184077   19.244553    126.154944    125.034584    127.278394
 2.936   48.412143   48.105274   48.717962   16.062537   15.917330   16.209476   19.210644   19.182732   19.243227    126.205016    125.084276    127.328971
 2.937   48.407267   48.100351   48.713100   16.060212   15.915018   16.207122   19.209309   19.181387   19.241902    126.255094    125.133971    127.379550
 2.938   48.402392   48.095432   48.708242   16.057888   15.912708   16.204770   19.207975   19.180043   19.240577    126.305177    125.183665    127.430129
 2.939   48.397518   48.090516   48.703388   16.055566   15.910402   16.202422   19.206642   19.178699   19.239253    126.355265    125.233356    127.480704
 2.940   48.392647   48.085605   48.698538   16.053245   15.908096   16.200075   19.205309   19.177357   19.237930    126.405358    125.283043    127.531276
 2.941   48.387777   48.080697   48.693692   16.050926   15.905795   16.197731   19.203977   19.176015   19.236608    126.455456    125.332725    127.581845
 2.942   48.382909   48.075793   48.688850   16.048607   15.903495   16.195391   19.202645   19.174673   19.235286    126.505561    125.382403    127.632412
 2.943   48.378042   48.070892   48.684012   16.046291   15.901197   16.193052   19.201315   19.173333   19.233964    126.555672    125.432080    127.682980
 2.944   48.373177   48.065993   48.679178   16.043975   15.898901   16.190715   19.199984   19.171993   19.232644    126.605791    125.481758    127.733552
 2.945   48.368313   48.061097   48.674346   16.041661   15.896606   16.188381   19.198655   19.170653   19.231323    126.655920    125.531442    127.784133
 2.946   48.363450   48.056202   48.669515   16.039347   15.894313   16.186047   19.197326   19.169314   19.230004    126.706061    125.581137    127.834722
 2.947   48.358588   48.051309   48.664684   16.037035   15.892021   16.183715   19.195997   19.167975   19.228685    126.756217    125.630846    127.885321
 2.948   48.353727   48.046419   48.659854   16.034724   15.889731   16.181382   19.194669   19.166637   19.227366    126.806390    125.680576    127.935931
 2.949   48.348865   48.041532   48.655023   16.032412   15.887443   16.179051   19.193340   19.165299   19.226047    126.856585    125.730327    127.986552
 2.950   48.344003   48.036647   48.650192   16.030102   15.885156   16.176719   19.192012   19.163961   19.224729    126.906804    125.780105    128.037186
 2.951   48.339141   48.031766   48.645360   16.027791   15.882872   16.174387   19.190685   19.162624   19.223410    126.957053    125.829913    128.087837
 2.952   48.334278   48.026886   48.640527   16.025482   15.880590   16.172057   19.189357   19.161286   19.222092    127.007337    125.879756    128.138511
 2.953   48.329413   48.022007   48.635692   16.023171   15.878308   16.169725   19.188028   19.159948   19.220773    127.057660    125.929638    128.189216
 2.954   48.324545   48.017128   48.630855   16.020860   15.876026   16.167393   19.186700   19.158609   19.219454    127.108029    125.979563    128.239960
 2.955   48.319675   48.012247   48.626015   16.018549   15.873744   16.165060   19.185371   19.157270   19.218134    127.158447    126.029538    128.290751
 2.956   48.314802   48.007364   48.621172   16.016236   15.871462   16.162726   19.184041   19.155931   19.216814    127.208921    126.079570    128.341594
 2.957   48.309926   48.002478   48.616325   16.013922   15.869179   16.160391   19.182710   19.154590   19.215493    127.259454    126.129666    128.392491
 2.958   48.305045   47.997591   48.611471   16.011607   15.866896   16.158053   19.181379   19.153249   19.214171    127.310053    126.179832    128.443446
 2.959   48.300160   47.992703   48.606611   16.009291   15.864613   16.155713   19.180047   19.151907   19.212848    127.360721    126.230075    128.494458
 2.960   48.295270   47.987814   48.601743   16.006972   15.862330   16.153370   19.178713   19.150563   19.211524    127.411463    126.280401    128.545530
 2.961   48.290375   47.982923   48.596868   16.004652   15.860047   16.151023   19.177378   19.149218   19.210199    127.462283    126.330816    128.596665
 2.962   48.285473   47.978031   48.591984   16.002330   15.857764   16.148673   19.176042   19.147872   19.208872    127.513188    126.381323    128.647869
 2.963   48.280566   47.973136   48.587092   16.000004   15.855479   16.146320   19.174704   19.146525   19.207544    127.564182    126.431925    128.699151
 2.964   48.275651   47.968236   48.582192   15.997677   15.853194   16.143963   19.173365   19.145175   19.206214    127.615271    126.482626    128.750519
 2.965   48.270729   47.963331   48.577284   15.995346   15.850906   16.141603   19.172024   19.143824   19.204883    127.666462    126.533431    128.801983
 2.966   48.265799   47.958418   48.572366   15.993012   15.848616   16.139239   19.170681   19.142471   19.203549    127.717759    126.584346    128.853551
 2.967   48.260861   47.953497   48.567439   15.990675   15.846321   16.136871   19.169336   19.141116   19.202213    127.769172    126.635379    128.905233
 2.968   48.255912   47.948568   48.562501   15.988334   15.844024   16.134499   19.167988   19.139758   19.200875    127.820707    126.686541    128.957034
 2.969   48.250954   47.943630   48.557550   15.985988   15.841724   16.132121   19.166638   19.138398   19.199535    127.872372    126.737840    129.008960
 2.970   48.245985   47.938683   48.552585   15.983638   15.839419   16.129736   19.165285   19.137035   19.198191    127.924176    126.789290    129.061018
 2.971   48.241003   47.933727   48.547605   15.981282   15.837111   16.127345   19.163929   19.135669   19.196845    127.976128    126.840898    129.113215
 2.972   48.236009   47.928760   48.542608   15.978921   15.834799   16.124947   19.162570   19.134300   19.195495    128.028237    126.892674    129.165561
 2.973   48.231001   47.923782   48.537596   15.976555   15.832481   16.122542   19.161207   19.132927   19.194142    128.080513    126.944626    129.218067
 2.974   48.225979   47.918791   48.532567   15.974182   15.830159   16.120129   19.159840   19.131550   19.192785    128.132966    126.996761    129.270744
 2.975   48.220941   47.913786   48.527522   15.971802   15.827831   16.117709   19.158470   19.130170   19.191425    128.185606    127.049087    129.323605
 2.976   48.215887   47.908764   48.522459   15.969415   15.825495   16.115281   19.157095   19.128785   19.190060    128.238444    127.101612    129.376666
 2.977   48.210815   47.903724   48.517378   15.967020   15.823151   16.112845   19.155716   19.127395   19.188690    128.291492    127.154347    129.429940
 2.978   48.205724   47.898663   48.512278   15.964617   15.820798   16.110401   19.154332   19.126001   19.187316    128.344758    127.207301    129.483440
 2.979   48.200614   47.893582   48.507157   15.962207   15.818437   16.107948   19.152942   19.124601   19.185936    128.398255    127.260488    129.537179
 2.980   48.195483   47.888478   48.502015   15.959786   15.816065   16.105484   19.151548   19.123197   19.184552    128.451993    127.313919    129.591166
 2.981   48.190331   47.883351   48.496849   15.957356   15.813684   16.103011   19.150148   19.121786   19.183162    128.505982    127.367606    129.645413
 2.982   48.185156   47.878200   48.491659   15.954916   15.811291   16.100526   19.148742   19.120370   19.181765    128.560233    127.421559    129.699929
 2.983   48.179958   47.873024   48.486445   15.952465   15.808887   16.098030   19.147329   19.118947   19.180363    128.614756    127.475789    129.754722
 2.984   48.174735   47.867824   48.481204   15.950004   15.806474   16.095523   19.145911   19.117518   19.178955    128.669560    127.530303    129.809800
 2.985   48.169488   47.862598   48.475938   15.947531   15.804049   16.093004   19.144486   19.116082   19.177540    128.724655    127.585110    129.865173
 2.986   48.164214   47.857345   48.470646   15.945047   15.801612   16.090472   19.143054   19.114640   19.176118    128.780050    127.640214    129.920851
 2.987   48.158914   47.852065   48.465328   15.942552   15.799162   16.087929   19.141615   19.113190   19.174689    128.835754    127.695621    129.976845
 2.988   48.153586   47.846754   48.459984   15.940043   15.796700   16.085375   19.140169   19.111734   19.173253    128.891773    127.751334    130.033165
 2.989   48.148230   47.841412   48.454615   15.937523   15.794224   16.082809   19.138715   19.110269   19.171810    128.948117    127.807361    130.089823
 2.990   48.142846   47.836038   48.449220   15.934989   15.791733   16.080232   19.137254   19.108797   19.170359    129.004791    127.863706    130.146827
 2.991   48.137432   47.830632   48.443798   15.932443   15.789228   16.077642   19.135786   19.107318   19.168901    129.061802    127.920376    130.204185
 2.992   48.131988   47.825191   48.438349   15.929882   15.786708   16.075040   19.134309   19.105831   19.167435    129.119157    127.977378    130.261901
 2.993   48.126514   47.819718   48.432871   15.927309   15.784173   16.072425   19.132825   19.104335   19.165961    129.176860    128.034717    130.319979
 2.994   48.121010   47.814211   48.427364   15.924722   15.781623   16.069797   19.131332   19.102832   19.164479    129.234915    128.092402    130.378421
 2.995   48.115474   47.808673   48.421828   15.922120   15.779060   16.067155   19.129832   19.101320   19.162989    129.293328    128.150438    130.437228
 2.996   48.109907   47.803102   48.416261   15.919505   15.776482   16.064500   19.128323   19.099800   19.161491    129.352102    128.208829    130.496400
 2.997   48.104309   47.797500   48.410662   15.916876   15.773891   16.061831   19.126806   19.098272   19.159984    129.411239    128.267580    130.555938
 2.998   48.098679   47.791866   48.405033   15.914233   15.771285   16.059147   19.125280   19.096735   19.158470    129.470743    128.326691    130.615845
 2.999   48.093017   47.786200   48.399374   15.911575   15.768665   16.056450   19.123746   19.095190   19.156947    129.530613    128.386162    130.676124
 3.000   48.087323   47.780501   48.393684   15.908903   15.766032   16.053739   19.122204   19.093636   19.155416    129.590852    128.445994    130.736776
 3.001   48.081598   47.774769   48.387964   15.906218   15.763383   16.051015   19.120654   19.092075   19.153876    129.651459    128.506184    130.797804
 3.002   48.075841   47.769005   48.382214   15.903517   15.760719   16.048277   19.119095   19.090505   19.152328    129.712435    128.566734    130.859207
 3.003   48.070052   47.763207   48.376435   15.900803   15.758043   16.045526   19.117528   19.088926   19.150773    129.773777    128.627641    130.920983
 3.004   48.064232   47.757378   48.370626   15.898075   15.755351   16.042761   19.115953   19.087339   19.149209    129.835485    128.688905    130.983132
 3.005   48.058381   47.751516   48.364787   15.895334   15.752646   16.039983   19.114370   19.085745   19.147637    129.897554    128.750524    131.045647
 3.006   48.052500   47.745625   48.358917   15.892579   15.749927   16.037192   19.112779   19.084142   19.146057    129.959981    128.812500    131.108521
 3.007   48.046588   47.739705   48.353017   15.889810   15.747196   16.034386   19.111180   19.082531   19.144469    130.022763    128.874831    131.171746
 3.008   48.040647   47.733758   48.347085   15.887029   15.744454   16.031566   19.109574   19.080913   19.142874    130.085894    128.937514    131.235313
 3.009   48.034677   47.727785   48.341122   15.884235   15.741700   16.028733   19.107960   19.079287   19.141271    130.149369    129.000546    131.299213
 3.010   48.028679   47.721787   48.335129   15.881428   15.738936   16.025886   19.106338   19.077654   19.139661    130.213180    129.063921    131.363439
 3.011   48.022653   47.715766   48.329107   15.878610   15.736161   16.023026   19.104709   19.076013   19.138044    130.277323    129.127632    131.427985
 3.012   48.016600   47.709720   48.323055   15.875780   15.733376   16.020152   19.103074   19.074365   19.136420    130.341788    129.191671    131.492843
 3.013   48.010521   47.703651   48.316976   15.872937   15.730582   16.017267   19.101432   19.072711   19.134789    130.406570    129.256030    131.558009
 3.014   48.004416   47.697559   48.310870   15.870084   15.727777   16.014370   19.099783   19.071050   19.133152    130.471660    129.320700    131.623477
 3.015   47.998287   47.691443   48.304739   15.867221   15.724963   16.011462   19.098128   19.069383   19.131508    130.537050    129.385671    131.689242
 3.016   47.992134   47.685305   48.298584   15.864347   15.722139   16.008543   19.096466   19.067709   19.129858    130.602731    129.450932    131.755297
 3.017   47.985958   47.679144   48.292406   15.861464   15.719305   16.005615   19.094799   19.066030   19.128203    130.668695    129.516474    131.821633
 3.018   47.979760   47.672963   48.286206   15.858570   15.716464   16.002677   19.093126   19.064345   19.126542    130.734933    129.582288    131.888239
 3.019   47.973541   47.666762   48.279985   15.855668   15.713614   15.999729   19.091448   19.062654   19.124876    130.801435    129.648364    131.955105
 3.020   47.967302   47.660544   48.273743   15.852758   15.710756   15.996773   19.089765   19.060959   19.123204    130.868192    129.714695    132.022218
 3.021   47.961043   47.654309   48.267482   15.849839   15.707891   15.993809   19.088077   19.059259   19.121528    130.935194    129.781271    132.089568
 3.022   47.954766   47.648058   48.261201   15.846913   15.705021   15.990836   19.086385   19.057553   19.119847    131.002431    129.848083    132.157145
 3.023   47.948472   47.641791   48.254903   15.843980   15.702145   15.987856   19.084688   19.055844   19.118162    131.069895    129.915121    132.224941
 3.024   47.942162   47.635511   48.248589   15.841040   15.699261   15.984869   19.082987   19.054131   19.116473    131.137573    129.982374    132.292947
 3.025   47.935836   47.629216   48.242258   15.838094   15.696373   15.981875   19.081282   19.052413   19.114780    131.205456    130.049832    132.361155
 3.026   47.929496   47.622907   48.235914   15.835141   15.693480   15.978876   19.079574   19.050693   19.113084    131.273533    130.117482    132.429556
 3.027   47.923143   47.616584   48.229557   15.832184   15.690580   15.975872   19.077862   19.048969   19.111385    131.341792    130.185311    132.498141
 3.028   47.916777   47.610250   48.223189   15.829223   15.687677   15.972863   19.076148   19.047242   19.109682    131.410224    130.253306    132.566900
 3.029   47.910401   47.603904   48.216811   15.826256   15.684770   15.969851   19.074431   19.045512   19.107977    131.478817    130.321456    132.635821
 3.030   47.904014   47.597548   48.210424   15.823286   15.681857   15.966836   19.072711   19.043780   19.106270    131.547559    130.389750    132.704893
 3.031   47.897618   47.591183   48.204030   15.820313   15.678943   15.963818   19.070990   19.042046   19.104560    131.616441    130.458175    132.774104
 3.032   47.891214   47.584811   48.197630   15.817337   15.676026   15.960799   19.069266   19.040310   19.102849    131.685451    130.526724    132.843444
 3.033   47.884803   47.578431   48.191223   15.814358   15.673105   15.957777   19.067542   19.038573   19.101136    131.754580    130.595385    132.912903
 3.034   47.878386   47.572045   48.184811   15.811377   15.670184   15.954754   19.065815   19.036834   19.099422    131.823819    130.664151    132.982472
 3.035   47.871963   47.565654   48.178394   15.808396   15.667260   15.951729   19.064088   19.035094   19.097707    131.893157    130.733013    133.052140
 3.036   47.865536   47.559258   48.171974   15.805412   15.664336   15.948703   19.062360   19.033353   19.095991    131.962585    130.801965    133.121900
 3.037   47.859105   47.552859   48.165549   15.802428   15.661410   15.945677   19.060631   19.031612   19.094274    132.032096    130.870999    133.191741
 3.038   47.852671   47.546457   48.159121   15.799444   15.658485   15.942650   19.058902   19.029870   19.092557    132.101681    130.940108    133.261656
 3.039   47.846235   47.540053   48.152690   15.796459   15.655560   15.939622   19.057173   19.028128   19.090840    132.171333    131.009283    133.331637
 3.040   47.839797   47.533647   48.146258   15.793475   15.652635   15.936595   19.055443   19.026386   19.089122    132.241044    131.078519    133.401677
 3.041   47.833358   47.527242   48.139825   15.790491   15.649710   15.933568   19.053714   19.024644   19.087405    132.310810    131.147808    133.471769
 3.042   47.826919   47.520835   48.133392   15.787508   15.646786   15.930543   19.051985   19.022902   19.085688    132.380624    131.217142    133.541911
 3.043   47.820480   47.514426   48.126962   15.784526   15.643862   15.927519   19.050256   19.021161   19.083971    132.450481    131.286508    133.612105
 3.044   47.814040   47.508014   48.120536   15.781544   15.640938   15.924499   19.048527   19.019420   19.082254    132.520378    131.355897    133.682351
 3.045   47.807602   47.501601   48.114112   15.778564   15.638013   15.921481   19.046799   19.017679   19.080538    132.590310    131.425315    133.752638
 3.046   47.801164   47.495193   48.107686   15.775586   15.635093   15.918462   19.045072   19.015939   19.078823    132.660275    131.494780    133.822946
 3.047   47.794728   47.488794   48.101250   15.772608   15.632176   15.915440   19.043346   19.014200   19.077108    132.730269    131.564314    133.893250
 3.048   47.788293   47.482410   48.094799   15.769632   15.629269   15.912411   19.041620   19.012462   19.075395    132.800292    131.633943    133.963526
 3.049   47.781859   47.476047   48.088327   15.766659   15.626371   15.909374   19.039895   19.010724   19.073681    132.870341    131.703683    134.033758
 3.050   47.775427   47.469705   48.081832   15.763686   15.623483   15.906327   19.038170   19.008987   19.071969    132.940417    131.773547    134.103936
 3.051   47.768996   47.463387   48.075312   15.760715   15.620608   15.903270   19.036447   19.007251   19.070257    133.010520    131.843539    134.174056
 3.052   47.762566   47.457089   48.068771   15.757747   15.617743   15.900203   19.034724   19.005516   19.068546    133.080652    131.913648    134.244131
 3.053   47.756138   47.450804   48.062216   15.754778   15.614884   15.897131   19.033001   19.003781   19.066836    133.150815    131.983842    134.314191
 3.054   47.749710   47.444525   48.055657   15.751812   15.612029   15.894058   19.031279   19.002046   19.065126    133.221015    132.054096    134.384266
 3.055   47.743282   47.438250   48.049091   15.748846   15.609177   15.890983   19.029558   19.000313   19.063416    133.291256    132.124415    134.454363
 3.056   47.736853   47.431986   48.042512   15.745881   15.606331   15.887902   19.027837   18.998579   19.061707    133.361546    132.194835    134.524467
 3.057   47.730424   47.425741   48.035904   15.742917   15.603493   15.884809   19.026116   18.996845   19.059998    133.431890    132.265415    134.594546
 3.058   47.723992   47.419527   48.029251   15.739952   15.600670   15.881696   19.024394   18.995112   19.058288    133.502298    132.336226    134.664561
 3.059   47.717558   47.413354   48.022539   15.736987   15.597868   15.878557   19.022673   18.993378   19.056579    133.572779    132.407334    134.734476
 3.060   47.711120   47.407230   48.015755   15.734022   15.595089   15.875384   19.020951   18.991643   19.054868    133.643343    132.478789    134.804269
 3.061   47.704678   47.401156   48.008895   15.731055   15.592333   15.872178   19.019227   18.989907   19.053157    133.714000    132.550613    134.873941
 3.062   47.698230   47.395128   48.001963   15.728087   15.589598   15.868938   19.017503   18.988171   19.051444    133.784760    132.622805    134.943509
 3.063   47.691776   47.389140   47.994967   15.725116   15.586882   15.865670   19.015778   18.986433   19.049731    133.855635    132.695333    135.013015
 3.064   47.685314   47.383177   47.987922   15.722143   15.584180   15.862380   19.014050   18.984693   19.048015    133.926635    132.768150    135.082513
 3.065   47.678844   47.377228   47.980842   15.719168   15.581483   15.859075   19.012321   18.982952   19.046298    133.997771    132.841208    135.152063
 3.066   47.672364   47.371279   47.973738   15.716188   15.578788   15.855760   19.010590   18.981208   19.044578    134.069053    132.914469    135.221721
 3.067   47.665874   47.365321   47.966616   15.713205   15.576089   15.852438   19.008856   18.979462   19.042856    134.140491    132.987918    135.291527
 3.068   47.659373   47.359353   47.959473   15.710219   15.573387   15.849107   19.007120   18.977714   19.041132    134.212094    133.061571    135.361495
 3.069   47.652861   47.353378   47.952301   15.707227   15.570682   15.845764   19.005381   18.975963   19.039405    134.283870    133.135469    135.431615
 3.070   47.646336   47.347403   47.945088   15.704230   15.567978   15.842403   19.003639   18.974209   19.037674    134.355828    133.209660    135.501870
 3.071   47.639798   47.341429   47.937831   15.701230   15.565275   15.839022   19.001894   18.972451   19.035941    134.427975    133.284162    135.572258
 3.072   47.633246   47.335457   47.930527   15.698223   15.562574   15.835622   19.000146   18.970691   19.034204    134.500318    133.358990    135.642781
 3.073   47.626680   47.329490   47.923173   15.695210   15.559876   15.832198   18.998394   18.968927   19.032464    134.572863    133.434163    135.713427
 3.074   47.620099   47.323528   47.915771   15.692192   15.557181   15.828754   18.996639   18.967159   19.030721    134.645617    133.509675    135.784202
 3.075   47.613503   47.317561   47.908335   15.689168   15.554485   15.825296   18.994880   18.965388   19.028973    134.718586    133.585474    135.855152
 3.076   47.606892   47.311571   47.900891   15.686139   15.551778   15.821834   18.993117   18.963613   19.027222    134.791775    133.661467    135.926351
 3.077   47.600264   47.305537   47.893465   15.683102   15.549053   15.818383   18.991351   18.961834   19.025467    134.865188    133.737553    135.997885
 3.078   47.593619   47.299439   47.886079   15.680058   15.546300   15.814950   18.989580   18.960052   19.023708    134.938831    133.813645    136.069832
 3.079   47.586958   47.293266   47.878748   15.677008   15.543513   15.811546   18.987805   18.958265   19.021945    135.012707    133.889690    136.142246
 3.080   47.580279   47.287009   47.871477   15.673951   15.540690   15.808170   18.986026   18.956474   19.020177    135.086819    133.965668    136.215154
 3.081   47.573583   47.280668   47.864269   15.670887   15.537830   15.804824   18.984243   18.954678   19.018406    135.161170    134.041574    136.288569
 3.082   47.566870   47.274248   47.857114   15.667816   15.534935   15.801505   18.982455   18.952879   19.016630    135.235763    134.117441    136.362466
 3.083   47.560139   47.267770   47.849989   15.664739   15.532013   15.798200   18.980663   18.951075   19.014850    135.310598    134.193367    136.436771
 3.084   47.553391   47.261250   47.842870   15.661654   15.529075   15.794899   18.978867   18.949266   19.013065    135.385676    134.269439    136.511413
 3.085   47.546625   47.254694   47.835755   15.658562   15.526121   15.791601   18.977067   18.947454   19.011276    135.460998    134.345673    136.586370
 3.086   47.539842   47.248093   47.828658   15.655463   15.523149   15.788314   18.975262   18.945637   19.009483    135.536562    134.422010    136.661682
 3.087   47.533042   47.241425   47.821609   15.652358   15.520146   15.785049   18.973453   18.943816   19.007686    135.612367    134.498327    136.737431
 3.088   47.526224   47.234663   47.814647   15.649246   15.517103   15.781825   18.971641   18.941991   19.005885    135.688410    134.574475    136.813726
 3.089   47.519390   47.227778   47.807808   15.646127   15.514005   15.778660   18.969824   18.940162   19.004080    135.764688    134.650303    136.890677
 3.090   47.512540   47.220751   47.801121   15.643002   15.510843   15.775566   18.968003   18.938329   19.002271    135.841198    134.725701    136.968364
 3.091   47.505673   47.213573   47.794594   15.639870   15.507616   15.772547   18.966178   18.936492   19.000458    135.917935    134.800630    137.046811
 3.092   47.498792   47.206253   47.788215   15.636733   15.504326   15.769597   18.964350   18.934652   18.998642    135.994895    134.875133    137.125987
 3.093   47.491895   47.198812   47.781947   15.633589   15.500983   15.766700   18.962518   18.932807   18.996822    136.072072    134.949353    137.205807
 3.094   47.484984   47.191277   47.775750   15.630441   15.497598   15.763836   18.960682   18.930960   18.994998    136.149461    135.023445    137.286154
 3.095   47.478059   47.183679   47.769596   15.627287   15.494187   15.760993   18.958844   18.929109   18.993172    136.227055    135.097510    137.366907
 3.096   47.471121   47.176041   47.763482   15.624128   15.490759   15.758169   18.957002   18.927255   18.991342    136.304846    135.171563    137.447969
 3.097   47.464171   47.168375   47.757425   15.620965   15.487318   15.755373   18.955158   18.925398   18.989509    136.382829    135.245530    137.529285
 3.098   47.457209   47.160680   47.751459   15.617797   15.483867   15.752619   18.953311   18.923538   18.987674    136.460994    135.319265    137.610860
 3.099   47.450236   47.152939   47.745632   15.614626   15.480396   15.749931   18.951461   18.921675   18.985837    136.539334    135.392582    137.692752
 3.100   47.443253   47.145134   47.739981   15.611451   15.476899   15.747323   18.949609   18.919811   18.983997    136.617841    135.465320    137.775026
 3.101   47.436260   47.137260   47.734519   15.608272   15.473371   15.744805   18.947755   18.917944   18.982155    136.696506    135.537421    137.857700
 3.102   47.429259   47.129316   47.729237   15.605091   15.469813   15.742370   18.945899   18.916075   18.980312    136.775320    135.608925    137.940774
 3.103   47.422250   47.121295   47.724096   15.601908   15.466223   15.740000   18.944041   18.914204   18.978467    136.854276    135.679969    138.024266
 3.104   47.415234   47.113206   47.719052   15.598721   15.462602   15.737676   18.942182   18.912332   18.976620    136.933366    135.750723    138.108140
 3.105   47.408211   47.105077   47.714072   15.595534   15.458967   15.735382   18.940322   18.910459   18.974773    137.012579    135.821318    138.192279
 3.106   47.401183   47.096954   47.709138   15.592345   15.455335   15.733109   18.938460   18.908584   18.972924    137.091907    135.891818    138.276489
 3.107   47.394150   47.088889   47.704254   15.589155   15.451729   15.730859   18.936598   18.906708   18.971074    137.171342    135.962199    138.360562
 3.108   47.387113   47.080924   47.699445   15.585964   15.448171   15.728646   18.934735   18.904832   18.969224    137.250875    136.032352    138.444319
 3.109   47.380073   47.073087   47.694753   15.582773   15.444670   15.726486   18.932872   18.902955   18.967374    137.330498    136.102111    138.527648
 3.110   47.373031   47.065388   47.690215   15.579582   15.441233   15.724398   18.931009   18.901077   18.965523    137.410201    136.171321    138.610497
 3.111   47.365987   47.057832   47.685843   15.576391   15.437861   15.722387   18.929145   18.899200   18.963672    137.489977    136.239925    138.692845
 3.112   47.358942   47.050413   47.681629   15.573201   15.434552   15.720448   18.927282   18.897322   18.961822    137.569818    136.307954    138.774705
 3.113   47.351896   47.043115   47.677544   15.570012   15.431296   15.718570   18.925419   18.895445   18.959971    137.649718    136.375517    138.856141
 3.114   47.344851   47.035909   47.673551   15.566823   15.428084   15.716734   18.923556   18.893568   18.958122    137.729670    136.442754    138.937260
 3.115   47.337806   47.028761   47.669618   15.563636   15.424899   15.714926   18.921694   18.891692   18.956272    137.809665    136.509787    139.018195
 3.116   47.330763   47.021638   47.665728   15.560452   15.421725   15.713138   18.919833   18.889816   18.954424    137.889699    136.576685    139.099078
 3.117   47.323722   47.014514   47.661876   15.557269   15.418552   15.711369   18.917973   18.887941   18.952577    137.969764    136.643454    139.180001
 3.118   47.316683   47.007382   47.658081   15.554087   15.415377   15.709625   18.916114   18.886067   18.950730    138.049855    136.710026    139.260991
 3.119   47.309647   47.000252   47.654371   15.550909   15.412203   15.707920   18.914256   18.884193   18.948885    138.129967    136.776276    139.342009
 3.120   47.302614   46.993138   47.650777   15.547734   15.409038   15.706270   18.912399   18.882321   18.947041    138.210094    136.842086    139.422989
 3.121   47.295585   46.986047   47.647306   15.544561   15.405884   15.704676   18.910544   18.880451   18.945199    138.290234    136.907415    139.503908
 3.122   47.288560   46.978987   47.643954   15.541390   15.402746   15.703137   18.908690   18.878581   18.943358    138.370385    136.972283    139.584724
 3.123   47.281539   46.971987   47.640702   15.538222   15.399634   15.701644   18.906838   18.876713   18.941518    138.450546    137.036766    139.665329
 3.124   47.274521   46.965054   47.637523   15.535058   15.396555   15.700186   18.904987   18.874846   18.939680    138.530716    137.100964    139.745685
 3.125   47.267508   46.958155   47.634394   15.531896   15.393490   15.698750   18.903137   18.872980   18.937843    138.610898    137.164982    139.825933
 3.126   47.260497   46.951216   47.631292   15.528737   15.390409   15.697327   18.901289   18.871115   18.936008    138.691094    137.228901    139.906371
 3.127   47.253490   46.944144   47.628210   15.525579   15.387270   15.695913   18.899442   18.869251   18.934173    138.771309    137.292761    139.987371
 3.128   47.246485   46.936855   47.625151   15.522424   15.384036   15.694509   18.897596   18.867388   18.932340    138.851549    137.356552    140.069286
 3.129   47.239482   46.929284   47.622129   15.519272   15.380678   15.693124   18.895751   18.865526   18.930508    138.931821    137.420216    140.152379
 3.130   47.232480   46.921394   47.619162   15.516120   15.377180   15.691763   18.893906   18.863665   18.928676    139.012134    137.483694    140.236807
 3.131   47.225479   46.913173   47.616255   15.512970   15.373536   15.690430   18.892063   18.861803   18.926845    139.092499    137.546971    140.322624
 3.132   47.218476   46.904653   47.613404   15.509821   15.369761   15.689123   18.890219   18.859942   18.925014    139.172928    137.610069    140.409718
 3.133   47.211471   46.895927   47.610600   15.506672   15.365896   15.687838   18.888375   18.858080   18.923183    139.253435    137.673031    140.497720
 3.134   47.204463   46.887081   47.607831   15.503522   15.361981   15.686568   18.886531   18.856218   18.921352    139.334035    137.735920    140.586289
 3.135   47.197450   46.878141   47.605080   15.500371   15.358025   15.685308   18.884685   18.854354   18.919520    139.414744    137.798808    140.675337
 3.136   47.190431   46.869058   47.602333   15.497218   15.354008   15.684049   18.882839   18.852489   18.917687    139.495579    137.861770    140.765075
 3.137   47.183404   46.859725   47.599577   15.494063   15.349882   15.682787   18.880991   18.850623   18.915852    139.576558    137.924863    140.855944
 3.138   47.176368   46.850005   47.596807   15.490905   15.345586   15.681518   18.879141   18.848753   18.914015    139.657702    137.988119    140.948516
 3.139   47.169320   46.839758   47.594027   15.487743   15.341060   15.680245   18.877288   18.846881   18.912176    139.739029    138.051543    141.043377
 3.140   47.162260   46.828878   47.591239   15.484576   15.336258   15.678968   18.875433   18.845006   18.910335    139.820561    138.115130    141.140967
 3.141   47.155184   46.817330   47.588446   15.481404   15.331162   15.677689   18.873573   18.843127   18.908490    139.902319    138.178893    141.241445
 3.142   47.148092   46.805162   47.585645   15.478224   15.325796   15.676407   18.871710   18.841244   18.906641    139.984325    138.242851    141.344645
 3.143   47.140981   46.792515   47.582837   15.475038   15.320223   15.675122   18.869843   18.839356   18.904788    140.066604    138.307012    141.450006
 3.144   47.133850   46.779543   47.580022   15.471844   15.314509   15.673834   18.867970   18.837463   18.902931    140.149178    138.371401    141.556921
 3.145   47.126696   46.766339   47.577190   15.468641   15.308698   15.672538   18.866092   18.835564   18.901068    140.232071    138.436066    141.665031
 3.146   47.119517   46.752907   47.574329   15.465426   15.302789   15.671228   18.864208   18.833659   18.899199    140.315308    138.501078    141.774339
 3.147   47.112311   46.739166   47.571421   15.462203   15.296748   15.669899   18.862317   18.831747   18.897325    140.398913    138.566516    141.885187
 3.148   47.105077   46.724969   47.568453   15.458967   15.290511   15.668541   18.860419   18.829827   18.895443    140.482910    138.632454    141.998199
 3.149   47.097812   46.710133   47.565415   15.455718   15.283998   15.667151   18.858514   18.827899   18.893555    140.567324    138.698949    142.114136
 3.150   47.090513   46.694508   47.562300   15.452456   15.277144   15.665727   18.856600   18.825963   18.891659    140.652179    138.766044    142.233631
 3.151   47.083181   46.678043   47.559105   15.449179   15.269926   15.664266   18.854678   18.824018   18.889754    140.737497    138.833768    142.356909
 3.152   47.075811   46.660786   47.555832   15.445887   15.262367   15.662770   18.852746   18.822064   18.887841    140.823303    138.902123    142.483800
 3.153   47.068403   46.642886   47.552495   15.442579   15.254533   15.661245   18.850805   18.820099   18.885919    140.909620    138.971077    142.613714
 3.154   47.060954   46.624522   47.549102   15.439254   15.246503   15.659694   18.848854   18.818124   18.883988    140.996470    139.040601    142.745939
 3.155   47.053463   46.605837   47.545656   15.435912   15.238340   15.658120   18.846892   18.816138   18.882046    141.083878    139.110709    142.879915
 3.156   47.045928   46.586899   47.542145   15.432551   15.230074   15.656516   18.844919   18.814140   18.880095    141.171865    139.181458    143.015374
 3.157   47.038346   46.567694   47.538550   15.429170   15.221699   15.654873   18.842934   18.812131   18.878132    141.260455    139.252943    143.152401
 3.158   47.030717   46.548116   47.534847   15.425770   15.213169   15.653182   18.840937   18.810109   18.876158    141.349669    139.325273    143.291438
 3.159   47.023038   46.528001   47.531014   15.422348   15.204414   15.651432   18.838928   18.808074   18.874173    141.439529    139.398556    143.433175
 3.160   47.015308   46.507200   47.527033   15.418906   15.195368   15.649615   18.836906   18.806026   18.872175    141.530055    139.472874    143.578246
 3.161   47.007525   46.485663   47.522899   15.415441   15.186012   15.647728   18.834871   18.803964   18.870165    141.621267    139.548267    143.726873
 3.162   46.999688   46.463421   47.518618   15.411953   15.176360   15.645775   18.832822   18.801889   18.868142    141.713182    139.624715    143.878944
 3.163   46.991795   46.440579   47.514217   15.408441   15.166457   15.643767   18.830759   18.799798   18.866107    141.805816    139.702126    144.034048
 3.164   46.983846   46.417280   47.509720   15.404906   15.156369   15.641715   18.828681   18.797694   18.864058    141.899185    139.780408    144.191611
 3.165   46.975840   46.393669   47.505137   15.401347   15.146154   15.639626   18.826590   18.795574   18.861995    141.993302    139.859533    144.351053
 3.166   46.967775   46.369859   47.500457   15.397763   15.135867   15.637492   18.824483   18.793439   18.859919    142.088179    139.939554    144.511916
 3.167   46.959651   46.345907   47.495652   15.394154   15.125530   15.635301   18.822362   18.791289   18.857830    142.183826    140.020588    144.673975
 3.168   46.951467   46.321793   47.490687   15.390520   15.115135   15.633039   18.820225   18.789124   18.855726    142.280250    140.102790    144.837324
 3.169   46.943223   46.297428   47.485522   15.386862   15.104643   15.630686   18.818074   18.786943   18.853608    142.377457    140.186322    145.002331
 3.170   46.934920   46.272716   47.480128   15.383178   15.094014   15.628229   18.815907   18.784747   18.851477    142.475449    140.271307    145.169397
 3.171   46.926556   46.247626   47.474496   15.379468   15.083235   15.625664   18.813726   18.782535   18.849332    142.574229    140.357783    145.338661
 3.172   46.918133   46.222172   47.468639   15.375734   15.072313   15.622999   18.811529   18.780308   18.847173    142.673792    140.445699    145.510061
 3.173   46.909651   46.196403   47.462595   15.371976   15.061269   15.620248   18.809318   18.778065   18.845000    142.774136    140.534898    145.683398
 3.174   46.901110   46.170387   47.456407   15.368191   15.050132   15.617432   18.807091   18.775808   18.842814    142.875254    140.625203    145.858394
 3.175   46.892511   46.144193   47.450103   15.364385   15.038933   15.614565   18.804851   18.773536   18.840615    142.977138    140.716494    146.034755
 3.176   46.883856   46.117879   47.443689   15.360554   15.027698   15.611649   18.802596   18.771249   18.838403    143.079779    140.808737    146.212239
 3.177   46.875146   46.091477   47.437152   15.356700   15.016437   15.608678   18.800328   18.768948   18.836179    143.183166    140.901988    146.390708
 3.178   46.866381   46.064983   47.430457   15.352824   15.005153   15.605635   18.798046   18.766634   18.833943    143.287285    140.996375    146.570176
 3.179   46.857563   46.038360   47.423560   15.348926   14.993826   15.602503   18.795751   18.764306   18.831694    143.392122    141.092071    146.750784
 3.180   46.848693   46.011566   47.416426   15.345007   14.982441   15.599262   18.793443   18.761965   18.829435    143.497660    141.189216    146.932697
 3.181   46.839774   45.984588   47.409043   15.341068   14.970993   15.595912   18.791123   18.759611   18.827164    143.603879    141.287844    147.115958
 3.182   46.830808   45.957439   47.401424   15.337109   14.959487   15.592454   18.788791   18.757246   18.824883    143.710758    141.387890    147.300505
 3.183   46.821796   45.930152   47.393603   15.333132   14.947937   15.588907   18.786448   18.754869   18.822592    143.818272    141.489197    147.486188
 3.184   46.812740   45.902760   47.385628   15.329138   14.936357   15.585291   18.784094   18.752481   18.820292    143.926395    141.591561    147.672845
 3.185   46.803644   45.875286   47.377539   15.325128   14.924758   15.581624   18.781731   18.750083   18.817984    144.035096    141.694790    147.860371
 3.186   46.794511   45.847731   47.369368   15.321102   14.913138   15.577923   18.779358   18.747676   18.815668    144.144343    141.798736    148.048736
 3.187   46.785343   45.820080   47.361128   15.317064   14.901494   15.574190   18.776978   18.745261   18.813345    144.254100    141.903324    148.237983
 3.188   46.776144   45.792303   47.352809   15.313013   14.889811   15.570425   18.774589   18.742838   18.811016    144.364328    142.008568    148.428210
 3.189   46.766917   45.764365   47.344385   15.308952   14.878077   15.566613   18.772195   18.740408   18.808682    144.474985    142.114555    148.619539
 3.190   46.757666   45.736239   47.335827   15.304881   14.866278   15.562742   18.769795   18.737972   18.806343    144.586030    142.221369    148.812060
 3.191   46.748396   45.707917   47.327130   15.300805   14.854413   15.558809   18.767390   18.735533   18.804002    144.697414    142.329010    149.005771
 3.192   46.739109   45.679419   47.318302   15.296723   14.842489   15.554819   18.764982   18.733089   18.801658    144.809091    142.437415    149.200563
 3.193   46.729810   45.650794   47.309357   15.292638   14.830529   15.550779   18.762571   18.730643   18.799313    144.921011    142.546488    149.396198
 3.194   46.720504   45.622090   47.300323   15.288550   14.818551   15.546699   18.760160   18.728196   18.796968    145.033122    142.656086    149.592439
 3.195   46.711194   45.593332   47.291236   15.284464   14.806567   15.542598   18.757748   18.725749   18.794624    145.145371    142.766024    149.789150
 3.196   46.701886   45.564511   47.282137   15.280380   14.794573   15.538492   18.755337   18.723303   18.792283    145.257704    142.876101    149.986330
 3.197   46.692584   45.535593   47.273060   15.276300   14.782554   15.534399   18.752928   18.720859   18.789945    145.370067    142.986140    150.184086
 3.198   46.683293   45.506527   47.264025   15.272227   14.770490   15.530326   18.750523   18.718419   18.787611    145.482402    143.096020    150.382601
 3.199   46.674017   45.477255   47.255036   15.268162   14.758356   15.526276   18.748123   18.715983   18.785284    145.594657    143.205690    150.582079
 3.200   46.664760   45.447734   47.246090   15.264108   14.746136   15.522247   18.745728   18.713553   18.782963    145.706774    143.315128    150.782667
 3.201   46.655527   45.417953   47.237187   15.260065   14.733826   15.518239   18.743340   18.711130   18.780650    145.818699    143.424293    150.984374
 3.202   46.646323   45.387936   47.228328   15.256038   14.721434   15.514252   18.740961   18.708715   18.778346    145.930379    143.533154    151.187073
 3.203   46.637152   45.357739   47.219502   15.252026   14.708985   15.510282   18.738590   18.706310   18.776053    146.041759    143.641714    151.390482
 3.204   46.628018   45.327433   47.210705   15.248032   14.696510   15.506327   18.736230   18.703915   18.773770    146.152785    143.749957    151.594273
 3.205   46.618925   45.297070   47.201948   15.244058   14.684028   15.502392   18.733881   18.701532   18.771500    146.263402    143.857799    151.798180
 3.206   46.609879   45.266679   47.193260   15.240106   14.671551   15.498489   18.731545   18.699161   18.769244    146.373551    143.965089    152.002049
 3.207   46.600884   45.236256   47.184676   15.236178   14.659080   15.494634   18.729223   18.696805   18.767002    146.483178    144.071636    152.205856
 3.208   46.591944   45.205766   47.176234   15.232276   14.646597   15.490845   18.726916   18.694463   18.764775    146.592224    144.177247    152.409710
 3.209   46.583064   45.175154   47.167965   15.228402   14.634082   15.487135   18.724624   18.692138   18.762566    146.700635    144.281755    152.613807
 3.210   46.574248   45.144370   47.159892   15.224556   14.621515   15.483514   18.722350   18.689831   18.760374    146.808356    144.385032    152.818321
 3.211   46.565500   45.113401   47.152022   15.220743   14.608890   15.479986   18.720094   18.687541   18.758202    146.915336    144.487005    153.023275
 3.212   46.556824   45.082261   47.144350   15.216962   14.596214   15.476548   18.717857   18.685271   18.756049    147.021526    144.587670    153.228577
 3.213   46.548223   45.050987   47.136848   15.213216   14.583501   15.473187   18.715641   18.683022   18.753916    147.126879    144.687112    153.434037
 3.214   46.539702   45.019634   47.129485   15.209506   14.570775   15.469889   18.713445   18.680793   18.751805    147.231352    144.785426    153.639392
 3.215   46.531263   44.988264   47.122247   15.205833   14.558059   15.466649   18.711271   18.678587   18.749716    147.334901    144.882644    153.844345
 3.216   46.522909   44.956936   47.115139   15.202199   14.545379   15.463468   18.709119   18.676404   18.747650    147.437486    144.978718    154.048612
 3.217   46.514643   44.925693   47.108184   15.198604   14.532750   15.460357   18.706991   18.674244   18.745608    147.539067    145.073521    154.251988
 3.218   46.506469   44.894545   47.101421   15.195050   14.520178   15.457332   18.704887   18.672108   18.743590    147.639610    145.166874    154.454398
 3.219   46.498388   44.863475   47.094893   15.191539   14.507656   15.454413   18.702808   18.669997   18.741597    147.739086    145.258574    154.655892
 3.220   46.490401   44.832457   47.088633   15.188070   14.495171   15.451616   18.700753   18.667912   18.739628    147.837470    145.348459    154.856567
 3.221   46.482511   44.801481   47.082655   15.184643   14.482722   15.448944   18.698723   18.665852   18.737686    147.934743    145.436465    155.056444
 3.222   46.474718   44.770543   47.076946   15.181261   14.470304   15.446394   18.696719   18.663817   18.735768    148.030897    145.522629    155.255541
 3.223   46.467021   44.739622   47.071473   15.177921   14.457912   15.443950   18.694741   18.661808   18.733876    148.125927    145.607095    155.453933
 3.224   46.459421   44.708720   47.066193   15.174625   14.445543   15.441593   18.692787   18.659825   18.732010    148.219836    145.690037    155.651621
 3.225   46.451917   44.677873   47.061073   15.171371   14.433215   15.439308   18.690859   18.657867   18.730169    148.312631    145.771603    155.848449
 3.226   46.444507   44.647151   47.056095   15.168159   14.420953   15.437086   18.688955   18.655934   18.728352    148.404325    145.851872    156.044118
 3.227   46.437189   44.616638   47.051261   15.164988   14.408792   15.434929   18.687076   18.654026   18.726559    148.494940    145.930846    156.238283
 3.228   46.429962   44.586408   47.046594   15.161859   14.396758   15.432848   18.685220   18.652141   18.724790    148.584501    146.008451    156.430642
 3.229   46.422821   44.556508   47.042127   15.158767   14.384874   15.430856   18.683387   18.650279   18.723044    148.673045    146.084560    156.621004
 3.230   46.415765   44.526963   47.037893   15.155712   14.373146   15.428968   18.681576   18.648440   18.721320    148.760613    146.159073    156.809294
 3.231   46.408787   44.497775   47.033898   15.152693   14.361575   15.427187   18.679785   18.646621   18.719616    148.847261    146.231993    156.995529
 3.232   46.401883   44.468913   47.030128   15.149707   14.350148   15.425507   18.678014   18.644822   18.717932    148.933051    146.303413    157.179892
 3.233   46.395046   44.440287   47.026557   15.146750   14.338829   15.423917   18.676261   18.643040   18.716265    149.018056    146.373499    157.362814
 3.234   46.388271   44.411814   47.023143   15.143821   14.327585   15.422395   18.674523   18.641275   18.714615    149.102358    146.442468    157.544703
 3.235   46.381550   44.383469   47.019844   15.140917   14.316406   15.420926   18.672800   18.639524   18.712979    149.186043    146.510561    157.725735
 3.236   46.374874   44.355290   47.016621   15.138033   14.305306   15.419491   18.671089   18.637785   18.711356    149.269210    146.578006    157.905806
 3.237   46.368237   44.327364   47.013446   15.135167   14.294320   15.418077   18.669388   18.636056   18.709742    149.351962    146.644985    158.084606
 3.238   46.361628   44.299807   47.010309   15.132314   14.283493   15.416680   18.667694   18.634335   18.708137    149.434411    146.711614    158.261717
 3.239   46.355037   44.272730   47.007217   15.129469   14.272866   15.415303   18.666006   18.632619   18.706538    149.516677    146.777942    158.436725
 3.240   46.348456   44.246213   47.004178   15.126629   14.262472   15.413951   18.664320   18.630905   18.704942    149.598889    146.844014    158.609370
 3.241   46.341871   44.220276   47.001189   15.123789   14.252317   15.412621   18.662634   18.629191   18.703347    149.681184    146.909934    158.779666
 3.242   46.335273   44.194865   46.998237   15.120945   14.242380   15.411307   18.660945   18.627473   18.701749    149.763710    146.975852    158.947932
 3.243   46.328648   44.169850   46.995305   15.118089   14.232608   15.410003   18.659249   18.625749   18.700146    149.846618    147.041938    159.114851
 3.244   46.321985   44.145080   46.992372   15.115217   14.222944   15.408698   18.657544   18.624015   18.698535    149.930066    147.108386    159.281177
 3.245   46.315269   44.120451   46.989409   15.112324   14.213345   15.407380   18.655826   18.622267   18.696912    150.014218    147.175420    159.447481
 3.246   46.308489   44.095926   46.986386   15.109404   14.203796   15.406036   18.654091   18.620503   18.695275    150.099239    147.243276    159.614044
 3.247   46.301631   44.071536   46.983275   15.106452   14.194311   15.404652   18.652337   18.618719   18.693620    150.185298    147.312184    159.780846
 3.248   46.294680   44.047375   46.980053   15.103460   14.184924   15.403220   18.650560   18.616911   18.691944    150.272569    147.382354    159.947601
 3.249   46.287624   44.023570   46.976705   15.100425   14.175685   15.401732   18.648756   18.615075   18.690243    150.361227    147.453964    160.113868
 3.250   46.280449   44.000231   46.973219   15.097338   14.166637   15.400182   18.646922   18.613209   18.688515    150.451450    147.527178    160.279300
 3.251   46.273139   43.977381   46.969583   15.094196   14.157789   15.398567   18.645055   18.611308   18.686756    150.543423    147.602172    160.443913
 3.252   46.265681   43.954974   46.965783   15.090991   14.149120   15.396878   18.643149   18.609369   18.684962    150.637331    147.679125    160.608048
 3.253   46.258060   43.932888   46.961808   15.087716   14.140583   15.395113   18.641203   18.607388   18.683130    150.733361    147.758206    160.772362
 3.254   46.250262   43.910973   46.957647   15.084367   14.132121   15.393264   18.639212   18.605361   18.681257    150.831704    147.839584    160.937648
 3.255   46.242271   43.889092   46.953288   15.080936   14.123680   15.391329   18.637172   18.603284   18.679338    150.932546    147.923433    161.104643
 3.256   46.234074   43.867147   46.948718   15.077418   14.115223   15.389300   18.635080   18.601154   18.677371    151.036077    148.009934    161.273910
 3.257   46.225656   43.845100   46.943921   15.073807   14.106734   15.387172   18.632932   18.598967   18.675353    151.142482    148.099275    161.445753
 3.258   46.217003   43.822982   46.938881   15.070097   14.098227   15.384935   18.630725   18.596719   18.673279    151.251949    148.191652    161.620170
 3.259   46.208101   43.800880   46.933578   15.066281   14.089734   15.382583   18.628455   18.594407   18.671147    151.364662    148.287265    161.796916
 3.260   46.198936   43.778878   46.927996   15.062353   14.081288   15.380107   18.626118   18.592027   18.668953    151.480809    148.386310    161.975747
 3.261   46.189494   43.756997   46.922120   15.058311   14.072896   15.377501   18.623712   18.589576   18.666694    151.600573    148.488974    162.156711
 3.262   46.179761   43.735204   46.915937   15.054143   14.064546   15.374760   18.621232   18.587049   18.664368    151.724143    148.595431    162.340086
 3.263   46.169724   43.713426   46.909441   15.049849   14.056210   15.371882   18.618675   18.584445   18.661969    151.851702    148.705835    162.526329
 3.264   46.159368   43.691565   46.902623   15.045420   14.047850   15.368862   18.616038   18.581758   18.659497    151.983437    148.820345    162.716003
 3.265   46.148681   43.669523   46.895469   15.040852   14.039429   15.365694   18.613318   18.578985   18.656946    152.119534    148.939143    162.909687
 3.266   46.137648   43.647214   46.887961   15.036138   14.030915   15.362370   18.610511   18.576124   18.654315    152.260176    149.062434    163.107895
 3.267   46.126257   43.624584   46.880074   15.031273   14.022286   15.358881   18.607613   18.573171   18.651600    152.405547    149.190442    163.310998
 3.268   46.114494   43.601627   46.871785   15.026253   14.013541   15.355214   18.604622   18.570122   18.648798    152.555830    149.323394    163.519166
 3.269   46.102347   43.578377   46.863070   15.021072   14.004694   15.351360   18.601534   18.566975   18.645907    152.711204    149.461511    163.732387
 3.270   46.089803   43.554873   46.853909   15.015724   13.995759   15.347311   18.598347   18.563725   18.642923    152.871849    149.605001    163.950617
 3.271   46.076850   43.531122   46.844288   15.010206   13.986740   15.343061   18.595057   18.560371   18.639844    153.037940    149.754045    164.173962
 3.272   46.063477   43.507100   46.834200   15.004511   13.977627   15.338607   18.591662   18.556909   18.636666    153.209647    149.908790    164.402656
 3.273   46.049671   43.482762   46.823647   14.998636   13.968405   15.333950   18.588158   18.553336   18.633389    153.387138    150.069337    164.637030
 3.274   46.035423   43.458059   46.812634   14.992578   13.959053   15.329091   18.584544   18.549650   18.630008    153.570571    150.235783    164.877426
 3.275   46.020722   43.432957   46.801154   14.986330   13.949561   15.324029   18.580817   18.545848   18.626523    153.760098    150.408259    165.124117
 3.276   46.005559   43.407441   46.789191   14.979891   13.939923   15.318759   18.576974   18.541929   18.622931    153.955863    150.586931    165.377278
 3.277   45.989927   43.381519   46.776722   14.973258   13.930143   15.313268   18.573014   18.537889   18.619230    154.158002    150.771999    165.636988
 3.278   45.973817   43.355216   46.763720   14.966427   13.920231   15.307545   18.568935   18.533728   18.615419    154.366639    150.963673    165.903235
 3.279   45.957222   43.328567   46.750156   14.959396   13.910200   15.301579   18.564736   18.529444   18.611496    154.581892    151.162157    166.175959
 3.280   45.940138   43.301602   46.736010   14.952162   13.900062   15.295361   18.560415   18.525035   18.607460    154.803869    151.367626    166.455118
 3.281   45.922559   43.274327   46.721271   14.944726   13.889818   15.288887   18.555971   18.520501   18.603311    155.032668    151.580198    166.740768
 3.282   45.904480   43.246714   46.705943   14.937084   13.879462   15.282159   18.551403   18.515840   18.599047    155.268380    151.799925    167.033105
 3.283   45.885899   43.218695   46.690047   14.929236   13.868965   15.275187   18.546711   18.511051   18.594668    155.511083    152.026779    167.332517
 3.284   45.866812   43.190210   46.673606   14.921183   13.858306   15.267982   18.541895   18.506136   18.590173    155.760840    152.260716    167.639326
 3.285   45.847220   43.161259   46.656630   14.912924   13.847487   15.260548   18.536953   18.501092   18.585563    156.017705    152.501738    167.953592
 3.286   45.827123   43.131902   46.639113   14.904458   13.836529   15.252884   18.531887   18.495922   18.580838    156.281716    152.749906    168.275091
 3.287   45.806520   43.102238   46.621037   14.895790   13.825471   15.244980   18.526698   18.490624   18.575998    156.552899    153.005331    168.603398
 3.288   45.785415   43.072389   46.602374   14.886918   13.814359   15.236829   18.521385   18.485201   18.571044    156.831267    153.268157    168.937996
 3.289   45.763811   43.042464   46.583094   14.877844   13.803234   15.228415   18.515950   18.479652   18.565978    157.116822    153.538532    169.278394
 3.290   45.741711   43.012543   46.563175   14.868572   13.792124   15.219730   18.510394   18.473980   18.560799    157.409557    153.816563    169.624235
 3.291   45.719121   42.982655   46.542614   14.859104   13.781040   15.210774   18.504718   18.468186   18.555510    157.709455    154.102271    169.975384
 3.292   45.696045   42.952767   46.521426   14.849444   13.769970   15.201554   18.498925   18.462271   18.550111    158.016491    154.395587    170.331984
 3.293   45.672489   42.922767   46.499650   14.839592   13.758873   15.192088   18.493015   18.456237   18.544605    158.330628    154.696336    170.694527
 3.294   45.648460   42.892535   46.477328   14.829555   13.747705   15.182393   18.486992   18.450087   18.538994    158.651824    155.004320    171.063539
 3.295   45.623967   42.862006   46.454491   14.819334   13.736443   15.172487   18.480856   18.443821   18.533278    158.980026    155.319384    171.439304
 3.296   45.599016   42.831184   46.431151   14.808934   13.725087   15.162373   18.474610   18.437444   18.527461    159.315174    155.641447    171.821768
 3.297   45.573616   42.800145   46.407305   14.798360   13.713666   15.152052   18.468257   18.430957   18.521545    159.657202    155.970502    172.210554
 3.298   45.547776   42.769018   46.382931   14.787615   13.702228   15.141514   18.461799   18.424362   18.515531    160.006041    156.306612    172.605026
 3.299   45.521505   42.737959   46.358001   14.776705   13.690832   15.130748   18.455239   18.417662   18.509422    160.361617    156.649878    173.004419
 3.300   45.494812   42.707099   46.332491   14.765631   13.679522   15.119744   18.448578   18.410861   18.503220    160.723856    157.000375    173.408086
 3.301   45.467705   42.676484   46.306399   14.754402   13.668317   15.108504   18.441820   18.403959   18.496928    161.092687    157.358081    173.815753
 3.302   45.440194   42.646084   46.279744   14.743017   13.657205   15.097035   18.434966   18.396960   18.490547    161.468040    157.722886    174.227516
 3.303   45.412287   42.615786   46.252566   14.731485   13.646146   15.085356   18.428020   18.389867   18.484080    161.849849    158.094586    174.643861
 3.304   45.383991   42.585449   46.224912   14.719807   13.635085   15.073488   18.420983   18.382681   18.477529    162.238053    158.472952    175.065401
 3.305   45.355314   42.554961   46.196819   14.707987   13.623985   15.061447   18.413858   18.375404   18.470895    162.632599    158.857800    175.492629
 3.306   45.326264   42.524267   46.168308   14.696028   13.612824   15.049243   18.406646   18.368039   18.464180    163.033439    159.249015    175.925783
 3.307   45.296846   42.493380   46.139383   14.683936   13.601608   15.036878   18.399350   18.360588   18.457386    163.440532    159.646577    176.364782
 3.308   45.267066   42.462384   46.110027   14.671710   13.590367   15.024347   18.391970   18.353052   18.450515    163.853848    160.050554    176.809218
 3.309   45.236930   42.431416   46.080212   14.659355   13.579151   15.011637   18.384509   18.345432   18.443567    164.273362    160.461079    177.258448
 3.310   45.206442   42.400598   46.049910   14.646874   13.568004   14.998738   18.376967   18.337731   18.436545    164.699060    160.878283    177.711881
 3.311   45.175606   42.369973   46.019116   14.634268   13.556941   14.985648   18.369347   18.329950   18.429448    165.130935    161.302211    178.169309
 3.312   45.144426   42.339520   45.987840   14.621538   13.545955   14.972373   18.361648   18.322089   18.422279    165.568988    161.732836    178.630844
 3.313   45.112905   42.309158   45.956108   14.608689   13.535015   14.958923   18.353873   18.314150   18.415037    166.013225    162.170065    179.096867
 3.314   45.081046   42.278777   45.923952   14.595720   13.524083   14.945315   18.346022   18.306133   18.407724    166.463648    162.613767    179.567914
 3.315   45.048853   42.248264   45.891408   14.582634   13.513118   14.931562   18.338097   18.298041   18.400340    166.920259    163.063800    180.044527
 3.316   45.016329   42.217530   45.858505   14.569434   13.502087   14.917680   18.330098   18.289874   18.392887    167.383053    163.520048    180.527140
 3.317   44.983479   42.186533   45.825260   14.556121   13.490977   14.903674   18.322026   18.281633   18.385366    167.852023    163.982440    181.015966
 3.318   44.950308   42.155292   45.791674   14.542698   13.479793   14.889547   18.313884   18.273320   18.377778    168.327156    164.450980    181.510920
 3.319   44.916819   42.123878   45.757736   14.529167   13.468563   14.875294   18.305672   18.264937   18.370124    168.808436    164.925735    182.011656
 3.320   44.883019   42.092373   45.723430   14.515531   13.457315   14.860909   18.297392   18.256484   18.362406    169.295845    165.406781    182.517784
 3.321   44.848911   42.060805   45.688753   14.501792   13.446060   14.846393   18.289045   18.247963   18.354624    169.789366    165.894136    183.029157
 3.322   44.814501   42.029175   45.653713   14.487952   13.434797   14.831748   18.280633   18.239376   18.346780    170.288987    166.387778    183.545779
 3.323   44.779792   41.997465   45.618320   14.474015   13.423522   14.816979   18.272156   18.230724   18.338876    170.794703    166.887675    184.067733
 3.324   44.744788   41.965636   45.582589   14.459981   13.412218   14.802094   18.263617   18.222008   18.330911    171.306517    167.393776    184.595232
 3.325   44.709491   41.933618   45.546540   14.445851   13.400864   14.787102   18.255015   18.213228   18.322886    171.824446    167.906021    185.128629
 3.326   44.673902   41.901331   45.510192   14.431629   13.389430   14.772010   18.246351   18.204386   18.314803    172.348520    168.424358    185.668355
 3.327   44.638024   41.868703   45.473559   14.417314   13.377890   14.756826   18.237625   18.195481   18.306661    172.878781    168.948761    186.214814
 3.328   44.601855   41.835690   45.436650   14.402905   13.366229   14.741552   18.228839   18.186514   18.298461    173.415286    169.479251    186.768280
 3.329   44.565394   41.802283   45.399461   14.388405   13.354447   14.726189   18.219991   18.177485   18.290202    173.958104    170.015905    187.328867
 3.330   44.528640   41.768493   45.361985   14.373811   13.342546   14.710735   18.211082   18.168394   18.281885    174.507318    170.558827    187.896606
 3.331   44.491591   41.734321   45.324219   14.359125   13.330528   14.695187   18.202111   18.159241   18.273509    175.063027    171.108123    188.471579
 3.332   44.454242   41.699776   45.286158   14.344345   13.318395   14.679546   18.193078   18.150024   18.265073    175.625344    171.663911    189.053855
 3.333   44.416590   41.664882   45.247791   14.329470   13.306159   14.663806   18.183981   18.140742   18.256576    176.194399    172.226342    189.643418
 3.334   44.378628   41.629662   45.209111   14.314497   13.293826   14.647965   18.174820   18.131395   18.248018    176.770343    172.795577    190.240298
 3.335   44.340349   41.594107   45.170113   14.299426   13.281393   14.632023   18.165592   18.121982   18.239398    177.353344    173.371771    190.844676
 3.336   44.301746   41.558181   45.130797   14.284254   13.268850   14.615981   18.156297   18.112500   18.230712    177.943588    173.955065    191.456891
 3.337   44.262810   41.521828   45.091168   14.268976   13.256177   14.599838   18.146933   18.102947   18.221961    178.541276    174.545605    192.077396
 3.338   44.223533   41.484983   45.051225   14.253592   13.243352   14.583598   18.137497   18.093322   18.213142    179.146619    175.143542    192.706699
 3.339   44.183905   41.447586   45.010970   14.238098   13.230355   14.567260   18.127989   18.083623   18.204253    179.759837    175.749047    193.345297
 3.340   44.143916   41.409593   44.970398   14.222490   13.217171   14.550825   18.118404   18.073847   18.195292    180.381154    176.362313    193.993614
 3.341   44.103557   41.370981   44.929501   14.206766   13.203794   14.534288   18.108743   18.063994   18.186258    181.010799    176.983555    194.651959
 3.342   44.062820   41.331755   44.888269   14.190923   13.190226   14.517647   18.099002   18.054059   18.177149    181.649002    177.613010    195.320525
 3.343   44.021693   41.291942   44.846683   14.174958   13.176478   14.500895   18.089181   18.044043   18.167963    182.295997    178.250945    195.999373
 3.344   43.980170   41.251587   44.804724   14.158868   13.162564   14.484024   18.079276   18.033942   18.158699    182.952019    178.897640    196.688493
 3.345   43.938240   41.210732   44.762376   14.142651   13.148503   14.467029   18.069287   18.023755   18.149354    183.617303    179.553367    197.387865
 3.346   43.895896   41.169412   44.719623   14.126303   13.134306   14.449906   18.059211   18.013481   18.139927    184.292077    180.218380    198.097517
 3.347   43.853129   41.127642   44.676458   14.109824   13.119979   14.432650   18.049048   18.003118   18.130418    184.976564    180.892903    198.817574
 3.348   43.809934   41.085408   44.632878   14.093212   13.105518   14.415262   18.038795   17.992664   18.120823    185.670975    181.577121    199.548291
 3.349   43.766306   41.042674   44.588886   14.076465   13.090910   14.397744   18.028453   17.982119   18.111144    186.375503    182.271184    200.290035
 3.350   43.722240   40.999403   44.544486   14.059582   13.076145   14.380100   18.018020   17.971482   18.101379    187.090319    182.975224    201.043172
 3.351   43.677734   40.955580   44.499677   14.042565   13.061220   14.362329   18.007497   17.960753   18.091529    187.815574    183.689372    201.807925
 3.352   43.632789   40.911210   44.454459   14.025413   13.046134   14.344431   17.996884   17.949933   18.081592    188.551392    184.413757    202.584409
 3.353   43.587405   40.866305   44.408828   14.008128   13.030895   14.326406   17.986181   17.939021   18.071571    189.297874    185.148500    203.372667
 3.354   43.541585   40.820892   44.362779   13.990712   13.015512   14.308255   17.975389   17.928020   18.061466    190.055090    185.893703    204.172665
 3.355   43.495334   40.775002   44.316312   13.973167   12.999996   14.289976   17.964510   17.916931   18.051279    190.823086    186.649446    204.984301
 3.356   43.448658   40.728673   44.269427   13.955498   12.984361   14.271571   17.953547   17.905755   18.041010    191.601873    187.415770    205.807436
 3.357   43.401568   40.681934   44.222129   13.937707   12.968618   14.253043   17.942500   17.894495   18.030664    192.391427    188.192671    206.641926
 3.358   43.354072   40.634806   44.174428   13.919800   12.952775   14.234396   17.931374   17.883154   18.020241    193.191689    188.980089    207.487657
 3.359   43.306186   40.587298   44.126343   13.901784   12.936834   14.215641   17.920171   17.871736   18.009746    194.002559    189.777907    208.344546
 3.360   43.257924   40.539415   44.077892   13.883665   12.920797   14.196782   17.908897   17.860245   17.999182    194.823893    190.585966    209.212497
 3.361   43.209304   40.491172   44.029095   13.865449   12.904672   14.177829   17.897554   17.848685   17.988554    195.655509    191.404077    210.091335
 3.362   43.160346   40.442587   43.979971   13.847146   12.888466   14.158791   17.886149   17.837061   17.977865    196.497182    192.232020    210.980823
 3.363   43.111073   40.393681   43.930541   13.828764   12.872183   14.139676   17.874685   17.825379   17.967122    197.348647    193.069543    211.880692
 3.364   43.061507   40.344478   43.880826   13.810312   12.855835   14.120494   17.863171   17.813645   17.956329    198.209600    193.916357    212.790619
 3.365   43.011676   40.295006   43.830850   13.791802   12.839429   14.101253   17.851611   17.801865   17.945492    199.079698    194.772141    213.710226
 3.366   42.961605   40.245298   43.780637   13.773241   12.822979   14.081963   17.840011   17.790046   17.934618    199.958558    195.636534    214.639079
 3.367   42.911325   40.195389   43.730214   13.754645   12.806495   14.062635   17.828380   17.778194   17.923712    200.845762    196.509134    215.576695
 3.368   42.860866   40.145317   43.679611   13.736023   12.789991   14.043282   17.816725   17.766318   17.912783    201.740850    197.389495    216.522557
 3.369   42.810261   40.095118   43.628861   13.717387   12.773478   14.023915   17.805052   17.754425   17.901836    202.643330    198.277130    217.476116
 3.370   42.759542   40.044828   43.577998   13.698749   12.756968   14.004550   17.793369   17.742522   17.890879    203.552672    199.171513    218.436799
 3.371   42.708744   39.994481   43.527058   13.680124   12.740472   13.985197   17.781685   17.730618   17.879919    204.468318    200.072092    219.404008
 3.372   42.657903   39.944111   43.476076   13.661524   12.724003   13.965872   17.770008   17.718722   17.868965    205.389683    200.978293    220.377130
 3.373   42.607054   39.893750   43.425087   13.642961   12.707569   13.946587   17.758346   17.706842   17.858023    206.316159    201.889515    221.355543
 3.374   42.556234   39.843430   43.374128   13.624448   12.691182   13.927357   17.746707   17.694985   17.847102    207.247117    202.805142    222.338608
 3.375   42.505477   39.793182   43.323235   13.605999   12.674852   13.908195   17.735100   17.683161   17.836209    208.181911    203.724541    223.325665
 3.376   42.454822   39.743041   43.272442   13.587626   12.658588   13.889111   17.723531   17.671377   17.825353    209.119882    204.647073    224.316024
 3.377   42.404305   39.693043   43.221784   13.569344   12.642403   13.870121   17.712011   17.659642   17.814539    210.060354    205.572084    225.308968
 3.378   42.353960   39.643227   43.171296   13.551162   12.626309   13.851236   17.700546   17.647964   17.803777    211.002641    206.498907    226.303754
 3.379   42.303825   39.593634   43.121012   13.533095   12.610319   13.832468   17.689145   17.636352   17.793074    211.946046    207.426864    227.299620
 3.380   42.253935   39.544303   43.070967   13.515154   12.594444   13.813831   17.677815   17.624813   17.782436    212.889865    208.355267    228.295792
 3.381   42.204324   39.495271   43.021197   13.497352   12.578696   13.795335   17.666565   17.613355   17.771872    213.833384    209.283415    229.291509
 3.382   42.155029   39.446571   42.971737   13.479699   12.563085   13.776994   17.655401   17.601985   17.761388    214.775887    210.210599    230.286012
 3.383   42.106082   39.398236   42.922624   13.462208   12.547621   13.758820   17.644331   17.590712   17.750992    215.716652    211.136097    231.278550
 3.384   42.057518   39.350297   42.873893   13.444889   12.532312   13.740826   17.633363   17.579542   17.740689    216.654960    212.059191    232.268378
 3.385   42.009368   39.302780   42.825575   13.427753   12.517167   13.723022   17.622503   17.568483   17.730487    217.590091    212.979174    233.254764
 3.386   41.961665   39.255712   42.777701   13.410810   12.502192   13.705417   17.611758   17.557541   17.720392    218.521327    213.895360    234.236979
 3.387   41.914440   39.209119   42.730296   13.394070   12.487396   13.688022   17.601134   17.546724   17.710410    219.447956    214.807074    235.214295
 3.388   41.867722   39.163031   42.683386   13.377543   12.472788   13.670842   17.590638   17.536036   17.700547    220.369272    215.713649    236.185978
 3.389   41.821540   39.117475   42.636995   13.361237   12.458373   13.653886   17.580276   17.525486   17.690809    221.284577    216.614426    237.151286
 3.390   41.775923   39.072481   42.591149   13.345161   12.444161   13.637163   17.570053   17.515078   17.681201    222.193181    217.508743    238.109482
 3.391   41.730898   39.028077   42.545873   13.329324   12.430161   13.620679   17.559975   17.504817   17.671729    223.094406    218.395943    239.059846
 3.392   41.686489   38.984290   42.501194   13.313734   12.416378   13.604444   17.550048   17.494710   17.662397    223.987591    219.275363    240.001670
 3.393   41.642721   38.941146   42.457143   13.298396   12.402821   13.588468   17.540276   17.484762   17.653209    224.872088    220.146335    240.934249
 3.394   41.599618   38.898671   42.413749   13.283319   12.389497   13.572758   17.530663   17.474976   17.644171    225.747269    221.008212    241.856909
 3.395   41.557200   38.856884   42.371034   13.268508   12.376410   13.557324   17.521215   17.465357   17.635287    226.612529    221.860386    242.769024
 3.396   41.515488   38.815797   42.329017   13.253969   12.363563   13.542169   17.511934   17.455910   17.626559    227.467283    222.702293    243.670022
 3.397   41.474501   38.775421   42.287711   13.239707   12.350958   13.527296   17.502825   17.446638   17.617992    228.310973    223.533416    244.559365
 3.398   41.434255   38.735763   42.247127   13.225727   12.338597   13.512709   17.493890   17.437543   17.609589    229.143065    224.353276    245.436549
 3.399   41.394766   38.696832   42.207271   13.212032   12.326479   13.498408   17.485133   17.428630   17.601352    229.963056    225.161425    246.301085
 3.400   41.356048   38.658637   42.168151   13.198626   12.314610   13.484394   17.476556   17.419900   17.593283    230.770475    225.957436    247.152503
 3.401   41.318113   38.621188   42.129778   13.185512   12.302990   13.470671   17.468161   17.411356   17.585386    231.564885    226.740895    247.990353
 3.402   41.280970   38.584499   42.092161   13.172693   12.291621   13.457240   17.459950   17.402999   17.577660    232.345891    227.511408    248.814203
 3.403   41.244627   38.548583   42.055314   13.160168   12.280508   13.444104   17.451924   17.394830   17.570108    233.113143    228.268610    249.623642
 3.404   41.209091   38.513455   42.019247   13.147939   12.269652   13.431266   17.444083   17.386851   17.562730    233.866333    229.012161    250.418296
 3.405   41.174363   38.479124   41.983974   13.136006   12.259058   13.418729   17.436428   17.379061   17.555526    234.605204    229.741746    251.197854
 3.406   41.140447   38.445594   41.949508   13.124368   12.248725   13.406497   17.428959   17.371460   17.548497    235.329546    230.457093    251.962077
 3.407   41.107340   38.412863   41.915857   13.113024   12.238650   13.394572   17.421674   17.364047   17.541641    236.039198    231.157984    252.710806
 3.408   41.075039   38.380922   41.883023   13.101970   12.228832   13.382952   17.414574   17.356822   17.534957    236.734050    231.844280    253.443958
 3.409   41.043540   38.349758   41.851001   13.091206   12.219263   13.371636   17.407655   17.349782   17.528445    237.414044    232.515921    254.161523
 3.410   41.012834   38.319358   41.819781   13.080726   12.209939   13.360616   17.400916   17.342926   17.522101    238.079173    233.172916    254.863538
 3.411   40.982912   38.289708   41.789352   13.070525   12.200857   13.349891   17.394355   17.336250   17.515924    238.729485    233.815315    255.550070
 3.412   40.953762   38.260799   41.759700   13.060601   12.192011   13.339452   17.387968   17.329751   17.509911    239.365083    234.443233    256.221223
 3.413   40.925370   38.232619   41.730804   13.050945   12.183398   13.329292   17.381752   17.323427   17.504058    239.986124    235.056863    256.877139
 3.414   40.897719   38.205159   41.702645   13.041552   12.175014   13.319402   17.375703   17.317273   17.498362    240.592818    235.656436    257.518002
 3.415   40.870791   38.178409   41.675207   13.032416   12.166855   13.309778   17.369816   17.311284   17.492819    241.185428    236.242187    258.144038
 3.416   40.844566   38.152357   41.648481   13.023527   12.158917   13.300413   17.364087   17.305455   17.487424    241.764264    236.814349    258.755522
 3.417   40.819022   38.126987   41.622462   13.014879   12.151194   13.291307   17.358510   17.299783   17.482173    242.329680    237.373172    259.352790
 3.418   40.794135   38.102278   41.597142   13.006461   12.143680   13.282454   17.353081   17.294260   17.477060    242.882069    237.918945    259.936245
 3.419   40.769883   38.078204   41.572509   12.998267   12.136366   13.273850   17.347793   17.288881   17.472080    243.421858    238.452006    260.506349
 3.420   40.746239   38.054737   41.548546   12.990285   12.129242   13.265490   17.342642   17.283641   17.467228    243.949502    238.972749    261.063604
 3.421   40.723177   38.031849   41.525229   12.982508   12.122301   13.257362   17.337620   17.278533   17.462498    244.465477    239.481627    261.608523
 3.422   40.700672   38.009515   41.502528   12.974926   12.115534   13.249456   17.332723   17.273551   17.457885    244.970275    239.979151    262.141631
 3.423   40.678697   37.987705   41.480400   12.967529   12.108930   13.241758   17.327944   17.268690   17.453383    245.464397    240.465911    262.663471
 3.424   40.657226   37.966393   41.458804   12.960308   12.102484   13.234252   17.323277   17.263943   17.448987    245.948346    240.942499    263.174578
 3.425   40.636234   37.945558   41.437706   12.953253   12.096185   13.226925   17.318716   17.259305   17.444691    246.422622    241.409456    263.675462
 3.426   40.615695   37.925179   41.417083   12.946358   12.090030   13.219769   17.314257   17.254769   17.440490    246.887714    241.867249    264.166603
 3.427   40.595586   37.905240   41.396924   12.939612   12.084013   13.212780   17.309894   17.250331   17.436379    247.344099    242.316270    264.648457
 3.428   40.575885   37.885726   41.377224   12.933008   12.078128   13.205955   17.305621   17.245985   17.432353    247.792234    242.756853    265.121462
 3.429   40.556569   37.866619   41.357982   12.926538   12.072369   13.199295   17.301433   17.241726   17.428408    248.232558    243.189296    265.586051
 3.430   40.537617   37.847901   41.339193   12.920196   12.066732   13.192797   17.297327   17.237550   17.424539    248.665487    243.613903    266.042644
 3.431   40.519011   37.829554   41.320842   12.913973   12.061211   13.186455   17.293298   17.233452   17.420742    249.091421    244.031030    266.491661
 3.432   40.500731   37.811558   41.302905   12.907865   12.055799   13.180261   17.289341   17.229428   17.417014    249.510745    244.441100    266.933516
 3.433   40.482759   37.793889   41.285342   12.901864   12.050490   13.174200   17.285453   17.225473   17.413350    249.923834    244.844613    267.368634
 3.434   40.465077   37.776526   41.268112   12.895964   12.045275   13.168259   17.281630   17.221585   17.409747    250.331048    245.242068    267.797433
 3.435   40.447670   37.759446   41.251187   12.890159   12.040149   13.162427   17.277867   17.217758   17.406201    250.732736    245.633890    268.220314
 3.436   40.430521   37.742630   41.234549   12.884446   12.035105   13.156698   17.274162   17.213990   17.402709    251.129231    246.020407    268.637656
 3.437   40.413615   37.726061   41.218196   12.878816   12.030139   13.151071   17.270511   17.210276   17.399268    251.520854    246.401855    269.049807
 3.438   40.396936   37.709726   41.202136   12.873266   12.025245   13.145548   17.266911   17.206615   17.395875    251.907913    246.778392    269.457080
 3.439   40.380473   37.693616   41.186382   12.867792   12.020422   13.140134   17.263359   17.203002   17.392527    252.290698    247.150130    269.859759
 3.440   40.364211   37.677721   41.170942   12.862387   12.015667   13.134831   17.259852   17.199435   17.389221    252.669487    247.517198    270.258109
 3.441   40.348139   37.662031   41.155812   12.857049   12.010975   13.129639   17.256387   17.195911   17.385956    253.044538    247.879803    270.652396
 3.442   40.332245   37.646534   41.140972   12.851775   12.006345   13.124549   17.252962   17.192427   17.382727    253.416089    248.238225    271.042871
 3.443   40.316519   37.631219   41.126390   12.846559   12.001770   13.119550   17.249575   17.188982   17.379534    253.784360    248.592830    271.429776
 3.444   40.300951   37.616075   41.112027   12.841400   11.997250   13.114629   17.246223   17.185573   17.376374    254.149554    248.943994    271.813340
 3.445   40.285534   37.601086   41.097856   12.836293   11.992779   13.109776   17.242905   17.182198   17.373246    254.511859    249.292034    272.193794
 3.446   40.270258   37.586241   41.083858   12.831235   11.988352   13.104987   17.239619   17.178855   17.370148    254.871449    249.637176    272.571362
 3.447   40.255117   37.571525   41.070032   12.826225   11.983967   13.100259   17.236363   17.175543   17.367078    255.228491    249.979549    272.946256
 3.448   40.240102   37.556927   41.056389   12.821261   11.979619   13.095595   17.233135   17.172259   17.364035    255.583139    250.319188    273.318664
 3.449   40.225207   37.542441   41.042947   12.816339   11.975307   13.091003   17.229935   17.169003   17.361017    255.935539    250.656063    273.688748
 3.450   40.210427   37.528060   41.029724   12.811458   11.971029   13.086489   17.226760   17.165774   17.358024    256.285828    250.990157    274.056651
 3.451   40.195754   37.513779   41.016722   12.806615   11.966783   13.082052   17.223610   17.162569   17.355053    256.634130    251.321538    274.422503
 3.452   40.181184   37.499593   41.003928   12.801809   11.962566   13.077688   17.220483   17.159387   17.352104    256.980553    251.650356    274.786411
 3.453   40.166713   37.485502   40.991316   12.797039   11.958381   13.073389   17.217378   17.156228   17.349177    257.325188    251.976848    275.148450
 3.454   40.152337   37.471503   40.978856   12.792302   11.954226   13.069143   17.214295   17.153091   17.346269    257.668117    252.301261    275.508690
 3.455   40.138053   37.457595   40.966526   12.787599   11.950098   13.064945   17.211232   17.149975   17.343381    258.009410    252.623788    275.867205
 3.456   40.123857   37.443770   40.954315   12.782927   11.945999   13.060788   17.208190   17.146880   17.340512    258.349134    252.944543    276.224086
 3.457   40.109746   37.430021   40.942225   12.778286   11.941923   13.056676   17.205167   17.143804   17.337661    258.687350    253.263550    276.579433
 3.458   40.095718   37.416338   40.930272   12.773674   11.937870   13.052611   17.202163   17.140747   17.334828    259.024120    253.580755    276.933349
 3.459   40.081770   37.402716   40.918477   12.769092   11.933836   13.048603   17.199177   17.137708   17.332011    259.359505    253.896047    277.285934
 3.460   40.067898   37.389145   40.906860   12.764538   11.929820   13.044657   17.196209   17.134687   17.329212    259.693560    254.209337    277.637274
 3.461   40.054101   37.375625   40.895426   12.760009   11.925821   13.040774   17.193258   17.131683   17.326428    260.026340    254.520626    277.987433
 3.462   40.040377   37.362153   40.884167   12.755507   11.921838   13.036953   17.190323   17.128696   17.323659    260.357885    254.829994    278.336442
 3.463   40.026723   37.348734   40.873060   12.751031   11.917873   13.033186   17.187404   17.125725   17.320906    260.688230    255.137605    278.684299
 3.464   40.013138   37.335373   40.862080   12.746582   11.913926   13.029462   17.184501   17.122770   17.318168    261.017401    255.443641    279.030990
 3.465   39.999622   37.322072   40.851207   12.742156   11.910000   13.025778   17.181614   17.119831   17.315444    261.345420    255.748258    279.376515
 3.466   39.986173   37.308830   40.840428   12.737754   11.906093   13.022126   17.178742   17.116907   17.312735    261.672307    256.051548    279.720893
 3.467   39.972790   37.295643   40.829742   12.733376   11.902204   13.018507   17.175886   17.113998   17.310040    261.998084    256.353530    280.064171
 3.468   39.959471   37.282504   40.819160   12.729022   11.898331   13.014925   17.173044   17.111105   17.307359    262.322773    256.654146    280.406411
 3.469   39.946216   37.269405   40.808701   12.724690   11.894471   13.011387   17.170216   17.108226   17.304691    262.646397    256.953281    280.747689
 3.470   39.933023   37.256337   40.798383   12.720382   11.890624   13.007898   17.167403   17.105361   17.302037    262.968982    257.250831    281.088072
 3.471   39.919892   37.243300   40.788212   12.716095   11.886787   13.004459   17.164604   17.102510   17.299396    263.290548    257.546773    281.427596
 3.472   39.906820   37.230292   40.778182   12.711831   11.882959   13.001070   17.161818   17.099673   17.296768    263.611112    257.841152    281.766268
 3.473   39.893808   37.217320   40.768277   12.707589   11.879145   12.997724   17.159047   17.096850   17.294153    263.930686    258.134071    282.104060
 3.474   39.880856   37.204389   40.758481   12.703367   11.875345   12.994418   17.156288   17.094041   17.291550    264.249275    258.425656    282.440933
 3.475   39.867962   37.191505   40.748774   12.699167   11.871559   12.991141   17.153544   17.091244   17.288960    264.566885    258.716029    282.776848
 3.476   39.855126   37.178672   40.739145   12.694988   11.867791   12.987892   17.150812   17.088462   17.286383    264.883518    259.005275    283.111780
 3.477   39.842348   37.165891   40.729588   12.690830   11.864041   12.984670   17.148094   17.085692   17.283818    265.199181    259.293430    283.445728
 3.478   39.829627   37.153159   40.720107   12.686693   11.860306   12.981473   17.145388   17.082936   17.281265    265.513878    259.580466    283.778716
 3.479   39.816964   37.140470   40.710715   12.682576   11.856585   12.978309   17.142696   17.080192   17.278724    265.827618    259.866308    284.110790
 3.480   39.804356   37.127817   40.701424   12.678480   11.852877   12.975179   17.140017   17.077462   17.276196    266.140412    260.150876    284.441998
 3.481   39.791804   37.115199   40.692238   12.674405   11.849181   12.972086   17.137350   17.074744   17.273679    266.452271    260.434151    284.772363
 3.482   39.779308   37.102616   40.683154   12.670348   11.845497   12.969029   17.134696   17.072039   17.271174    266.763203    260.716155    285.101894
 3.483   39.766865   37.090068   40.674165   12.666311   11.841824   12.966004   17.132054   17.069346   17.268681    267.073218    260.996935    285.430589
 3.484   39.754477   37.077559   40.665263   12.662295   11.838165   12.963010   17.129425   17.066666   17.266200    267.382324    261.276564    285.758430
 3.485   39.742142   37.065094   40.656433   12.658296   11.834520   12.960041   17.126808   17.063998   17.263730    267.690531    261.555133    286.085386
 3.486   39.729859   37.052680   40.647664   12.654318   11.830893   12.957093   17.124202   17.061341   17.261271    267.997852    261.832738    286.411417
 3.487   39.717628   37.040323   40.638944   12.650357   11.827283   12.954164   17.121609   17.058697   17.258823    268.304302    262.109455    286.736492
 3.488   39.705448   37.028026   40.630271   12.646416   11.823692   12.951251   17.119027   17.056064   17.256386    268.609901    262.385326    287.060603
 3.489   39.693318   37.015789   40.621645   12.642493   11.820122   12.948355   17.116456   17.053443   17.253960    268.914672    262.660355    287.383766
 3.490   39.681237   37.003610   40.613070   12.638586   11.816569   12.945477   17.113897   17.050833   17.251544    269.218640    262.934536    287.706014
 3.491   39.669202   36.991487   40.604547   12.634697   11.813034   12.942618   17.111348   17.048233   17.249139    269.521833    263.207884    288.027380
 3.492   39.657214   36.979419   40.596076   12.630825   11.809516   12.939776   17.108810   17.045644   17.246743    269.824278    263.480413    288.347893
 3.493   39.645271   36.967403   40.587661   12.626969   11.806016   12.936955   17.106282   17.043065   17.244357    270.125997    263.752113    288.667594
 3.494   39.633371   36.955434   40.579302   12.623129   11.802530   12.934153   17.103765   17.040497   17.241981    270.427017    264.022999    288.986524
 3.495   39.621515   36.943512   40.570991   12.619304   11.799061   12.931369   17.101257   17.037938   17.239613    270.727359    264.293138    289.304717
 3.496   39.609700   36.931633   40.562714   12.615495   11.795605   12.928596   17.098758   17.035389   17.237255    271.027047    264.562646    289.622200
 3.497   39.597925   36.919799   40.554453   12.611701   11.792163   12.925830   17.096269   17.032849   17.234906    271.326104    264.831663    289.938994
 3.498   39.586191   36.908009   40.546191   12.607921   11.788736   12.923064   17.093789   17.030318   17.232565    271.624554    265.100321    290.255111
 3.499   39.574494   36.896264   40.537914   12.604156   11.785323   12.920295   17.091318   17.027796   17.230232    271.922419    265.368722    290.570560
 3.500   39.562836   36.884566   40.529617   12.600404   11.781926   12.917520   17.088856   17.025283   17.227908    272.219724    265.636938    290.885353
 3.501   39.551214   36.872914   40.521295   12.596666   11.778544   12.914738   17.086402   17.022778   17.225591    272.516493    265.905004    291.199510
 3.502   39.539627   36.861306   40.512954   12.592940   11.775175   12.911949   17.083957   17.020281   17.223282    272.812747    266.172901    291.513059
 3.503   39.528075   36.849740   40.504611   12.589229   11.771821   12.909161   17.081519   17.017793   17.220981    273.108509    266.440526    291.826034
 3.504   39.516556   36.838213   40.496282   12.585528   11.768479   12.906379   17.079089   17.015312   17.218687    273.403801    266.707783    292.138474
 3.505   39.505070   36.826721   40.487970   12.581841   11.765148   12.903604   17.076667   17.012838   17.216400    273.698643    266.974671    292.450414
 3.506   39.493615   36.815264   40.479663   12.578165   11.761829   12.900831   17.074252   17.010372   17.214120    273.993058    267.241288    292.761887
 3.507   39.482191   36.803839   40.471337   12.574501   11.758521   12.898053   17.071844   17.007913   17.211847    274.287069    267.507812    293.072918
 3.508   39.470797   36.792446   40.462963   12.570847   11.755223   12.895258   17.069443   17.005462   17.209580    274.580699    267.774461    293.383527
 3.509   39.459432   36.781086   40.454513   12.567205   11.751937   12.892441   17.067049   17.003016   17.207320    274.873972    268.041454    293.693728
 3.510   39.448094   36.769760   40.445964   12.563572   11.748661   12.889591   17.064662   17.000578   17.205066    275.166911    268.308955    294.003534
 3.511   39.436782   36.758466   40.437310   12.559951   11.745396   12.886707   17.062280   16.998145   17.202817    275.459542    268.577036    294.312967
 3.512   39.425496   36.747204   40.428559   12.556339   11.742142   12.883792   17.059905   16.995719   17.200575    275.751887    268.845654    294.622055
 3.513   39.414235   36.735971   40.419739   12.552736   11.738898   12.880855   17.057536   16.993298   17.198337    276.043967    269.114629    294.930826
 3.514   39.402998   36.724766   40.410883   12.549143   11.735663   12.877907   17.055172   16.990884   17.196105    276.335805    269.383761    295.239314
 3.515   39.391784   36.713586   40.402007   12.545559   11.732436   12.874953   17.052814   16.988474   17.193879    276.627420    269.652941    295.547548
 3.516   39.380591   36.702430   40.393111   12.541983   11.729218   12.871994   17.050462   16.986070   17.191657    276.918832    269.922183    295.855558
 3.517   39.369421   36.691296   40.384180   12.538415   11.726007   12.869024   17.048114   16.983672   17.189440    277.210060    270.191621    296.163365
 3.518   39.358270   36.680184   40.375180   12.534856   11.722805   12.866033   17.045771   16.981278   17.187228    277.501124    270.461484    296.470988
 3.519   39.347140   36.669093   40.366076   12.531305   11.719609   12.863007   17.043434   16.978889   17.185020    277.792042    270.732050    296.778439
 3.520   39.336028   36.658026   40.356836   12.527761   11.716422   12.859938   17.041100   16.976504   17.182817    278.082833    271.003550    297.085731
 3.521   39.324935   36.646980   40.347449   12.524225   11.713241   12.856821   17.038772   16.974125   17.180618    278.373515    271.276074    297.392881
 3.522   39.313859   36.635955   40.337925   12.520696   11.710069   12.853660   17.036447   16.971749   17.178423    278.664104    271.549570    297.699904
 3.523   39.302801   36.624951   40.328294   12.517173   11.706904   12.850464   17.034127   16.969378   17.176232    278.954615    271.823838    298.006815
 3.524   39.291758   36.613967   40.318593   12.513658   11.703746   12.847247   17.031811   16.967011   17.174045    279.245065    272.098633    298.313633
 3.525   39.280732   36.603001   40.308851   12.510149   11.700594   12.844017   17.029499   16.964648   17.171861    279.535467    272.373766    298.620384
 3.526   39.269720   36.592050   40.299082   12.506646   11.697447   12.840780   17.027191   16.962288   17.169681    279.825835    272.649151    298.927104
 3.527   39.258723   36.581110   40.289280   12.503150   11.694306   12.837533   17.024887   16.959933   17.167504    280.116185    272.924829    299.233828
 3.528   39.247741   36.570177   40.279425   12.499659   11.691167   12.834270   17.022586   16.957581   17.165331    280.406531    273.200966    299.540590
 3.529   39.236771   36.559251   40.269482   12.496174   11.688032   12.830978   17.020288   16.955232   17.163161    280.696887    273.477815    299.847416
 3.530   39.225815   36.548330   40.259419   12.492695   11.684899   12.827648   17.017994   16.952887   17.160994    280.987267    273.755607    300.154325
 3.531   39.214870   36.537413   40.249227   12.489221   11.681768   12.824278   17.015703   16.950545   17.158830    281.277687    274.034429    300.461334
 3.532   39.203938   36.526500   40.238911   12.485752   11.678641   12.820868   17.013415   16.948207   17.156669    281.568158    274.314244    300.768453
 3.533   39.193017   36.515594   40.228496   12.482290   11.675516   12.817426   17.011131   16.945871   17.154511    281.858695    274.594902    301.075679
 3.534   39.182106   36.504694   40.218010   12.478831   11.672394   12.813963   17.008849   16.943538   17.152356    282.149308    274.876200    301.383011
 3.535   39.171206   36.493803   40.207483   12.475377   11.669277   12.810486   17.006570   16.941209   17.150203    282.440009    275.157945    301.690454
 3.536   39.160316   36.482918   40.196935   12.471927   11.666162   12.807005   17.004293   16.938881   17.148052    282.730809    275.440006    301.998021
 3.537   39.149435   36.472039   40.186372   12.468482   11.663051   12.803520   17.002019   16.936557   17.145904    283.021720    275.722340    302.305737
 3.538   39.138564   36.461163   40.175787   12.465043   11.659940   12.800030   16.999748   16.934235   17.143759    283.312752    276.005017    302.613629
 3.539   39.127701   36.450286   40.165156   12.461606   11.656832   12.796526   16.997479   16.931916   17.141615    283.603917    276.288202    302.921729
 3.540   39.116846   36.439406   40.154458   12.458174   11.653723   12.793000   16.995213   16.929599   17.139474    283.895226    276.572061    303.230064
 3.541   39.105999   36.428521   40.143685   12.454745   11.650615   12.789453   16.992948   16.927284   17.137335    284.186689    276.856658    303.538651
 3.542   39.095160   36.417633   40.132840   12.451322   11.647506   12.785883   16.990686   16.924972   17.135198    284.478316    277.141979    303.847496
 3.543   39.084327   36.406742   40.121934   12.447900   11.644399   12.782294   16.988426   16.922662   17.133063    284.770116    277.427956    304.156598
 3.544   39.073501   36.395850   40.110983   12.444483   11.641292   12.778693   16.986168   16.920353   17.130930    285.062097    277.714480    304.465949
 3.545   39.062682   36.384960   40.100007   12.441070   11.638187   12.775084   16.983912   16.918047   17.128798    285.354267    278.001421    304.775535
 3.546   39.051869   36.374075   40.089023   12.437659   11.635084   12.771475   16.981658   16.915743   17.126669    285.646635    278.288657    305.085344
 3.547   39.041062   36.363196   40.078043   12.434252   11.631984   12.767867   16.979406   16.913441   17.124541    285.939209    278.576108    305.395368
 3.548   39.030260   36.352323   40.067069   12.430849   11.628888   12.764265   16.977155   16.911140   17.122414    286.231996    278.863763    305.705609
 3.549   39.019464   36.341456   40.056095   12.427448   11.625795   12.760663   16.974907   16.908842   17.120290    286.525005    279.151677    306.016082
 3.550   39.008673   36.330594   40.045112   12.424050   11.622704   12.757061   16.972660   16.906545   17.118166    286.818243    279.439924    306.326804
 3.551   38.997886   36.319735   40.034115   12.420655   11.619615   12.753454   16.970414   16.904250   17.116045    287.111716    279.728535    306.637784
 3.552   38.987104   36.308879   40.023104   12.417263   11.616528   12.749846   16.968170   16.901956   17.113924    287.405432    280.017516    306.949030
 3.553   38.976326   36.298026   40.012080   12.413875   11.613443   12.746234   16.965928   16.899664   17.111806    287.699394    280.306865    307.260550
 3.554   38.965553   36.287176   40.001047   12.410488   11.610361   12.742622   16.963687   16.897374   17.109688    287.993608    280.596567    307.572348
 3.555   38.954783   36.276329   39.990009   12.407104   11.607280   12.739009   16.961447   16.895085   17.107572    288.288076    280.886583    307.884422
 3.556   38.944018   36.265486   39.978974   12.403723   11.604202   12.735398   16.959209   16.892797   17.105457    288.582802    281.176856    308.196766
 3.557   38.933256   36.254650   39.967951   12.400344   11.601127   12.731794   16.956973   16.890511   17.103344    288.877789    281.467333    308.509369
 3.558   38.922499   36.243821   39.956945   12.396969   11.598055   12.728196   16.954737   16.888227   17.101231    289.173037    281.757974    308.822223
 3.559   38.911745   36.233000   39.945958   12.393595   11.594986   12.724607   16.952503   16.885944   17.099121    289.468549    282.048764    309.135323
 3.560   38.900995   36.222188   39.934991   12.390225   11.591922   12.721024   16.950271   16.883662   17.097011    289.764325    282.339701    309.448666
 3.561   38.890248   36.211385   39.924044   12.386857   11.588861   12.717451   16.948040   16.881382   17.094902    290.060365    282.630787    309.762251
 3.562   38.879505   36.200590   39.913114   12.383492   11.585804   12.713885   16.945810   16.879103   17.092795    290.356668    282.922025    310.076078
 3.563   38.868767   36.189802   39.902201   12.380129   11.582750   12.710324   16.943582   16.876826   17.090690    290.653230    283.213435    310.390154
 3.564   38.858032   36.179021   39.891299   12.376769   11.579699   12.706771   16.941355   16.874550   17.088585    290.950049    283.505039    310.704483
 3.565   38.847302   36.168246   39.880408   12.373411   11.576650   12.703221   16.939130   16.872276   17.086482    291.247120    283.796853    311.019067
 3.566   38.836576   36.157477   39.869524   12.370057   11.573605   12.699676   16.936906   16.870003   17.084380    291.544437    284.088880    311.333900
 3.567   38.825855   36.146715   39.858650   12.366706   11.570563   12.696135   16.934684   16.867733   17.082280    291.841994    284.381112    311.648972
 3.568   38.815138   36.135960   39.847788   12.363357   11.567524   12.692600   16.932463   16.865463   17.080181    292.139784    284.673526    311.964267
 3.569   38.804427   36.125216   39.836940   12.360011   11.564490   12.689071   16.930244   16.863196   17.078084    292.437801    284.966091    312.279767
 3.570   38.793721   36.114482   39.826111   12.356668   11.561459   12.685550   16.928027   16.860930   17.075989    292.736034    285.258778    312.595453
 3.571   38.783021   36.103760   39.815301   12.353329   11.558433   12.682037   16.925812   16.858666   17.073895    293.034477    285.551570    312.911315
 3.572   38.772328   36.093050   39.804511   12.349993   11.555412   12.678531   16.923598   16.856404   17.071803    293.333118    285.844460    313.227345
 3.573   38.761640   36.082351   39.793740   12.346660   11.552394   12.675032   16.921386   16.854144   17.069712    293.631948    286.137445    313.543542
 3.574   38.750960   36.071661   39.782985   12.343331   11.549381   12.671541   16.919177   16.851886   17.067624    293.930956    286.430534    313.859907
 3.575   38.740287   36.060980   39.772244   12.340005   11.546371   12.668056   16.916969   16.849630   17.065537    294.230131    286.723743    314.176434
 3.576   38.729621   36.050309   39.761511   12.336683   11.543365   12.664575   16.914764   16.847377   17.063453    294.529463    287.017099    314.493112
 3.577   38.718964   36.039649   39.750783   12.333366   11.540364   12.661097   16.912561   16.845126   17.061370    294.828939    287.310622    314.809922
 3.578   38.708315   36.029001   39.740058   12.330052   11.537367   12.657621   16.910360   16.842877   17.059290    295.128550    287.604321    315.126843
 3.579   38.697675   36.018368   39.729334   12.326742   11.534375   12.654148   16.908162   16.840631   17.057212    295.428284    287.898191    315.443849
 3.580   38.687044   36.007751   39.718614   12.323436   11.531389   12.650677   16.905966   16.838387   17.055136    295.728132    288.192217    315.760917
 3.581   38.676422   35.997151   39.707898   12.320135   11.528409   12.647208   16.903773   16.836146   17.053063    296.028084    288.486388    316.078035
 3.582   38.665810   35.986569   39.697186   12.316838   11.525435   12.643743   16.901582   16.833907   17.050992    296.328128    288.780690    316.395192
 3.583   38.655208   35.976004   39.686481   12.313545   11.522468   12.640281   16.899394   16.831671   17.048923    296.628256    289.075101    316.712386
 3.584   38.644617   35.965454   39.675784   12.310258   11.519505   12.636823   16.897208   16.829439   17.046857    296.928456    289.369600    317.029619
 3.585   38.634037   35.954917   39.665096   12.306975   11.516547   12.633370   16.895026   16.827209   17.044794    297.228719    289.664175    317.346894
 3.586   38.623467   35.944394   39.654417   12.303697   11.513594   12.629922   16.892846   16.824981   17.042733    297.529036    289.958820    317.664214
 3.587   38.612910   35.933881   39.643746   12.300422   11.510646   12.626477   16.890670   16.822757   17.040676    297.829396    290.253537    317.981579
 3.588   38.602364   35.923381   39.633081   12.297154   11.507702   12.623035   16.888496   16.820537   17.038621    298.129791    290.548334    318.298979
 3.589   38.591830   35.912893   39.622420   12.293891   11.504762   12.619596   16.886325   16.818319   17.036568    298.430211    290.843218    318.616402
 3.590   38.581308   35.902419   39.611761   12.290633   11.501827   12.616160   16.884158   16.816104   17.034519    298.730650    291.138194    318.933831
 3.591   38.570799   35.891959   39.601104   12.287380   11.498898   12.612725   16.881993   16.813893   17.032473    299.031098    291.433258    319.251257
 3.592   38.560302   35.881514   39.590450   12.284132   11.495974   12.609293   16.879832   16.811685   17.030429    299.331549    291.728399    319.568668
 3.593   38.549819   35.871084   39.579802   12.280890   11.493055   12.605864   16.877674   16.809480   17.028389    299.631995    292.023598    319.886054
 3.594   38.539349   35.860671   39.569161   12.277653   11.490142   12.602440   16.875520   16.807279   17.026352    299.932431    292.318831    320.203407
 3.595   38.528892   35.850272   39.558529   12.274421   11.487233   12.599019   16.873368   16.805081   17.024317    300.232851    292.614078    320.520732
 3.596   38.518448   35.839885   39.547909   12.271195   11.484330   12.595603   16.871220   16.802886   17.022286    300.533250    292.909325    320.838042
 3.597   38.508018   35.829508   39.537300   12.267974   11.481430   12.592193   16.869076   16.800695   17.020258    300.833625    293.204564    321.155353
 3.598   38.497602   35.819139   39.526702   12.264759   11.478535   12.588787   16.866934   16.798508   17.018234    301.133973    293.499799    321.472681
 3.599   38.487199   35.808776   39.516114   12.261549   11.475640   12.585387   16.864796   16.796323   17.016212    301.434292    293.795039    321.790038
 3.600   38.476811   35.798418   39.505534   12.258345   11.472749   12.581990   16.862662   16.794143   17.014193    301.734580    294.090295    322.107428
 3.601   38.466435   35.788065   39.494961   12.255146   11.469861   12.578596   16.860530   16.791965   17.012178    302.034838    294.385571    322.424853
 3.602   38.456074   35.777718   39.484395   12.251953   11.466974   12.575208   16.858403   16.789792   17.010166    302.335065    294.680865    322.742307
 3.603   38.445726   35.767379   39.473839   12.248765   11.464092   12.571822   16.856278   16.787621   17.008157    302.635261    294.976168    323.059770
 3.604   38.435391   35.757051   39.463292   12.245583   11.461213   12.568441   16.854157   16.785454   17.006151    302.935428    295.271472    323.377225
 3.605   38.425070   35.746733   39.452757   12.242406   11.458339   12.565067   16.852039   16.783291   17.004148    303.235566    295.566767    323.694669
 3.606   38.414762   35.736426   39.442233   12.239235   11.455468   12.561696   16.849924   16.781131   17.002148    303.535679    295.862051    324.012112
 3.607   38.404468   35.726125   39.431722   12.236069   11.452601   12.558331   16.847813   16.778974   17.000151    303.835767    296.157324    324.329580
 3.608   38.394186   35.715828   39.421222   12.232907   11.449734   12.554971   16.845705   16.776820   16.998157    304.135836    296.452592    324.647103
 3.609   38.383918   35.705530   39.410732   12.229751   11.446870   12.551616   16.843600   16.774670   16.996167    304.435887    296.747869    324.964714
 3.610   38.373662   35.695229   39.400250   12.226601   11.444005   12.548264   16.841498   16.772523   16.994179    304.735925    297.043164    325.282439
 3.611   38.363419   35.684923   39.389778   12.223456   11.441140   12.544918   16.839399   16.770379   16.992194    305.035955    297.338486    325.600291
 3.612   38.353189   35.674614   39.379313   12.220315   11.438275   12.541574   16.837304   16.768239   16.990212    305.335981    297.633839    325.918265
 3.613   38.342970   35.664303   39.368857   12.217180   11.435412   12.538236   16.835211   16.766101   16.988233    305.636007    297.929226    326.236344
 3.614   38.332764   35.653996   39.358410   12.214049   11.432550   12.534900   16.833121   16.763967   16.986256    305.936040    298.224646    326.554503
 3.615   38.322569   35.643695   39.347972   12.210924   11.429690   12.531571   16.831035   16.761836   16.984283    306.236087    298.520097    326.872725
 3.616   38.312386   35.633400   39.337546   12.207803   11.426834   12.528245   16.828951   16.759707   16.982312    306.536153    298.815573    327.191003
 3.617   38.302214   35.623113   39.327132   12.204686   11.423980   12.524925   16.826870   16.757582   16.980343    306.836246    299.111069    327.509346
 3.618   38.292053   35.612830   39.316732   12.201575   11.421129   12.521610   16.824792   16.755459   16.978378    307.136374    299.406585    327.827779
 3.619   38.281903   35.602548   39.306344   12.198467   11.418279   12.518302   16.822716   16.753339   16.976414    307.436545    299.702126    328.146336
 3.620   38.271763   35.592263   39.295970   12.195364   11.415430   12.514999   16.820644   16.751222   16.974454    307.736768    299.997702    328.465052
 3.621   38.261633   35.581974   39.285608   12.192266   11.412581   12.511700   16.818573   16.749108   16.972495    308.037051    300.293320    328.783944
 3.622   38.251512   35.571682   39.275258   12.189171   11.409730   12.508407   16.816505   16.746996   16.970539    308.337403    300.588996    329.103017
 3.623   38.241402   35.561388   39.264916   12.186082   11.406882   12.505118   16.814440   16.744887   16.968586    308.637832    300.884756    329.422267
 3.624   38.231300   35.551094   39.254582   12.182995   11.404033   12.501833   16.812377   16.742780   16.966634    308.938348    301.180617    329.741681
 3.625   38.221207   35.540803   39.244256   12.179913   11.401188   12.498552   16.810317   16.740675   16.964685    309.238959    301.476578    330.061241
 3.626   38.211123   35.530518   39.233942   12.176834   11.398345   12.495275   16.808258   16.738573   16.962738    309.539673    301.772617    330.380931
 3.627   38.201046   35.520242   39.223645   12.173759   11.395504   12.492006   16.806202   16.736473   16.960793    309.840498    302.068700    330.700739
 3.628   38.190978   35.509975   39.213370   12.170688   11.392669   12.488745   16.804148   16.734375   16.958850    310.141442    302.364795    331.020668
 3.629   38.180918   35.499716   39.203121   12.167620   11.389836   12.485494   16.802096   16.732280   16.956909    310.442513    302.660873    331.340733
 3.630   38.170864   35.489462   39.192901   12.164555   11.387005   12.482252   16.800046   16.730186   16.954969    310.743717    302.956921    331.660951
 3.631   38.160819   35.479215   39.182710   12.161495   11.384177   12.479022   16.797998   16.728095   16.953032    311.045062    303.252938    331.981334
 3.632   38.150780   35.468972   39.172548   12.158437   11.381352   12.475801   16.795952   16.726005   16.951096    311.346554    303.548941    332.301890
 3.633   38.140748   35.458734   39.162407   12.155383   11.378529   12.472590   16.793908   16.723918   16.949162    311.648197    303.844973    332.622625
 3.634   38.130722   35.448501   39.152284   12.152331   11.375708   12.469385   16.791865   16.721832   16.947230    311.949998    304.141077    332.943545
 3.635   38.120703   35.438273   39.142175   12.149283   11.372890   12.466185   16.789825   16.719749   16.945300    312.251960    304.437286    333.264647
 3.636   38.110690   35.428052   39.132079   12.146237   11.370074   12.462991   16.787786   16.717667   16.943371    312.554089    304.733608    333.585925
 3.637   38.100684   35.417839   39.121997   12.143196   11.367262   12.459803   16.785749   16.715587   16.941444    312.856387    305.030032    333.907369
 3.638   38.090683   35.407636   39.111934   12.140157   11.364454   12.456622   16.783714   16.713508   16.939519    313.158859    305.326527    334.228973
 3.639   38.080689   35.397442   39.101896   12.137121   11.361650   12.453450   16.781681   16.711432   16.937595    313.461506    305.623051    334.550733
 3.640   38.070700   35.387259   39.091887   12.134088   11.358848   12.450288   16.779649   16.709357   16.935673    313.764332    305.919570    334.872647
 3.641   38.060718   35.377086   39.081909   12.131057   11.356052   12.447137   16.777619   16.707284   16.933752    314.067336    306.216072    335.194717
 3.642   38.050741   35.366923   39.071960   12.128030   11.353259   12.443997   16.775590   16.705213   16.931833    314.370521    306.512566    335.516944
 3.643   38.040770   35.356770   39.062037   12.125006   11.350469   12.440866   16.773564   16.703143   16.929915    314.673885    306.809079    335.839334
 3.644   38.030805   35.346625   39.052135   12.121984   11.347682   12.437743   16.771539   16.701076   16.927999    314.977428    307.105650    336.161893
 3.645   38.020846   35.336488   39.042249   12.118966   11.344899   12.434626   16.769515   16.699010   16.926085    315.281149    307.402322    336.484629
 3.646   38.010892   35.326358   39.032373   12.115951   11.342119   12.431514   16.767494   16.696945   16.924172    315.585047    307.699129    336.807547
 3.647   38.000945   35.316234   39.022505   12.112938   11.339342   12.428406   16.765474   16.694883   16.922261    315.889119    307.996091    337.130648
 3.648   37.991004   35.306117   39.012645   12.109929   11.336568   12.425300   16.763456   16.692822   16.920351    316.193363    308.293204    337.453929
 3.649   37.981069   35.296006   39.002796   12.106922   11.333796   12.422200   16.761439   16.690763   16.918443    316.497776    308.590444    337.777383
 3.650   37.971140   35.285904   38.992961   12.103919   11.331027   12.419105   16.759424   16.688706   16.916537    316.802356    308.887783    338.101002
 3.651   37.961217   35.275810   38.983142   12.100918   11.328262   12.416017   16.757411   16.686650   16.914633    317.107098    309.185208    338.424778
 3.652   37.951301   35.265724   38.973338   12.097921   11.325500   12.412935   16.755400   16.684597   16.912730    317.411998    309.482717    338.748710
 3.653   37.941392   35.255647   38.963550   12.094927   11.322741   12.409858   16.753391   16.682545   16.910828    317.717051    309.780307    339.072794
 3.654   37.931489   35.245577   38.953775   12.091936   11.319985   12.406788   16.751384   16.680496   16.908929    318.022251    310.077987    339.397029
 3.655   37.921594   35.235515   38.944011   12.088947   11.317233   12.403721   16.749378   16.678448   16.907031    318.327593    310.375771    339.721410
 3.656   37.911706   35.225460   38.934255   12.085963   11.314484   12.400658   16.747375   16.676402   16.905135    318.633071    310.673683    340.045932
 3.657   37.901825   35.215414   38.924504   12.082982   11.311737   12.397598   16.745373   16.674358   16.903241    318.938678    310.971742    340.370587
 3.658   37.891952   35.205376   38.914755   12.080005   11.308994   12.394540   16.743374   16.672317   16.901349    319.244409    311.269960    340.695366
 3.659   37.882086   35.195348   38.905008   12.077030   11.306255   12.391483   16.741376   16.670277   16.899459    319.550257    311.568336    341.020257
 3.660   37.872228   35.185330   38.895263   12.074059   11.303519   12.388429   16.739381   16.668240   16.897571    319.856215    311.866863    341.345250
 3.661   37.862379   35.175322   38.885522   12.071092   11.300787   12.385376   16.737388   16.666205   16.895685    320.162277    312.165533    341.670337
 3.662   37.852538   35.165324   38.875783   12.068128   11.298059   12.382327   16.735396   16.664172   16.893800    320.468436    312.464337    341.995513
 3.663   37.842706   35.155336   38.866049   12.065169   11.295335   12.379278   16.733408   16.662141   16.891918    320.774684    312.763261    342.320776
 3.664   37.832882   35.145357   38.856321   12.062213   11.292614   12.376233   16.731421   16.660113   16.890038    321.081014    313.062286    342.646124
 3.665   37.823068   35.135388   38.846600   12.059260   11.289896   12.373192   16.729437   16.658087   16.888160    321.387419    313.361399    342.971550
 3.666   37.813263   35.125429   38.836887   12.056312   11.287183   12.370154   16.727455   16.656063   16.886285    321.693891    313.660586    343.297038
 3.667   37.803467   35.115483   38.827182   12.053368   11.284473   12.367121   16.725475   16.654042   16.884411    322.000424    313.959842    343.622571
 3.668   37.793681   35.105550   38.817485   12.050426   11.281768   12.364090   16.723498   16.652023   16.882540    322.307012    314.259165    343.948129
 3.669   37.783904   35.095632   38.807796   12.047490   11.279069   12.361063   16.721524   16.650007   16.880671    322.613648    314.558556    344.273695
 3.670   37.774138   35.085731   38.798112   12.044558   11.276374   12.358039   16.719551   16.647993   16.878805    322.920325    314.858016    344.599254
 3.671   37.764382   35.075847   38.788434   12.041630   11.273686   12.355019   16.717582   16.645982   16.876941    323.227038    315.157543    344.924797
 3.672   37.754636   35.065979   38.778764   12.038706   11.271002   12.352000   16.715615   16.643974   16.875079    323.533781    315.457127    345.250321
 3.673   37.744901   35.056127   38.769100   12.035786   11.268324   12.348987   16.713650   16.641968   16.873220    323.840546    315.756757    345.575832
 3.674   37.735177   35.046288   38.759446   12.032870   11.265650   12.345976   16.711688   16.639965   16.871363    324.147328    316.056419    345.901338
 3.675   37.725464   35.036462   38.749801   12.029959   11.262981   12.342970   16.709729   16.637965   16.869509    324.454121    316.356101    346.226838
 3.676   37.715761   35.026649   38.740166   12.027052   11.260317   12.339967   16.707773   16.635967   16.867657    324.760920    316.655797    346.552327
 3.677   37.706070   35.016851   38.730541   12.024150   11.257658   12.336970   16.705819   16.633973   16.865808    325.067719    316.955503    346.877791
 3.678   37.696390   35.007069   38.720925   12.021252   11.255003   12.333976   16.703868   16.631981   16.863961    325.374514    317.255219    347.203211
 3.679   37.686721   34.997305   38.711317   12.018360   11.252354   12.330986   16.701920   16.629991   16.862117    325.681299    317.554950    347.528566
 3.680   37.677064   34.987561   38.701718   12.015471   11.249712   12.328000   16.699974   16.628005   16.860276    325.988072    317.854698    347.853839
 3.681   37.667419   34.977838   38.692126   12.012586   11.247077   12.325016   16.698032   16.626022   16.858437    326.294828    318.154462    348.179021
 3.682   37.657786   34.968134   38.682541   12.009706   11.244447   12.322037   16.696092   16.624041   16.856601    326.601563    318.454235    348.504113
 3.683   37.648164   34.958448   38.672966   12.006831   11.241823   12.319061   16.694155   16.622064   16.854767    326.908274    318.754008    348.829132
 3.684   37.638554   34.948778   38.663401   12.003960   11.239205   12.316089   16.692220   16.620089   16.852936    327.214957    319.053771    349.154091
 3.685   37.628956   34.939122   38.653845   12.001094   11.236591   12.313122   16.690289   16.618117   16.851108    327.521610    319.353515    349.478996
 3.686   37.619370   34.929482   38.644301   11.998233   11.233981   12.310160   16.688361   16.616148   16.849283    327.828231    319.653236    349.803841
 3.687   37.609796   34.919858   38.634768   11.995377   11.231378   12.307201   16.686435   16.614182   16.847460    328.134816    319.952930    350.128607
 3.688   37.600234   34.910254   38.625245   11.992524   11.228781   12.304248   16.684512   16.612219   16.845640    328.441363    320.252602    350.453269
 3.689   37.590685   34.900673   38.615732   11.989676   11.226191   12.301298   16.682593   16.610259   16.843823    328.747872    320.552255    350.777799
 3.690   37.581147   34.891118   38.606228   11.986833   11.223609   12.298352   16.680676   16.608302   16.842008    329.054338    320.851893    351.102174
 3.691   37.571622   34.881588   38.596732   11.983996   11.221034   12.295409   16.678762   16.606348   16.840196    329.360760    321.151516    351.426387
 3.692   37.562109   34.872083   38.587245   11.981162   11.218467   12.292471   16.676851   16.604397   16.838387    329.667135    321.451124    351.750442
 3.693   37.552609   34.862601   38.577767   11.978333   11.215907   12.289536   16.674942   16.602449   16.836580    329.973461    321.750714    352.074362
 3.694   37.543121   34.853137   38.568297   11.975510   11.213353   12.286606   16.673037   16.600504   16.834777    330.279734    322.050280    352.398172
 3.695   37.533645   34.843690   38.558838   11.972690   11.210805   12.283679   16.671135   16.598562   16.832976    330.585950    322.349807    352.721884
 3.696   37.524182   34.834260   38.549392   11.969875   11.208261   12.280757   16.669235   16.596623   16.831178    330.892107    322.649271    353.045496
 3.697   37.514731   34.824849   38.539961   11.967066   11.205724   12.277842   16.667339   16.594687   16.829382    331.198200    322.948649    353.368990
 3.698   37.505294   34.815459   38.530549   11.964261   11.203192   12.274933   16.665446   16.592754   16.827590    331.504225    323.247918    353.692334
 3.699   37.495869   34.806095   38.521156   11.961460   11.200670   12.272031   16.663555   16.590824   16.825800    331.810179    323.547065    354.015491
 3.700   37.486457   34.796761   38.511783   11.958665   11.198156   12.269136   16.661668   16.588897   16.824013    332.116057    323.846081    354.338430
 3.701   37.477058   34.787456   38.502429   11.955874   11.195650   12.266249   16.659784   16.586974   16.822229    332.421855    324.144961    354.661136
 3.702   37.467673   34.778181   38.493096   11.953088   11.193154   12.263368   16.657902   16.585053   16.820448    332.727567    324.443704    354.983613
 3.703   37.458301   34.768932   38.483780   11.950308   11.190665   12.260494   16.656024   16.583136   16.818670    333.033190    324.742323    355.305881
 3.704   37.448942   34.759706   38.474481   11.947532   11.188183   12.257627   16.654149   16.581222   16.816894    333.338719    325.040826    355.627969
 3.705   37.439596   34.750500   38.465196   11.944762   11.185708   12.254764   16.652277   16.579311   16.815122    333.644150    325.339217    355.949900
 3.706   37.430264   34.741311   38.455929   11.941995   11.183238   12.251908   16.650409   16.577403   16.813352    333.949481    325.637486    356.271686
 3.707   37.420946   34.732140   38.446679   11.939235   11.180772   12.249059   16.648543   16.575499   16.811586    334.254707    325.935618    356.593328
 3.708   37.411642   34.722988   38.437449   11.936479   11.178314   12.246217   16.646681   16.573598   16.809822    334.559828    326.233590    356.914807
 3.709   37.402351   34.713858   38.428243   11.933729   11.175862   12.243382   16.644821   16.571700   16.808062    334.864842    326.531379    357.236096
 3.710   37.393073   34.704753   38.419061   11.930982   11.173418   12.240557   16.642965   16.569805   16.806304    335.169746    326.828967    357.557168
 3.711   37.383810   34.695675   38.409905   11.928242   11.170980   12.237740   16.641112   16.567913   16.804549    335.474539    327.126348    357.878013
 3.712   37.374560   34.686622   38.400775   11.925505   11.168552   12.234933   16.639262   16.566025   16.802797    335.779222    327.423523    358.198634
 3.713   37.365323   34.677593   38.391668   11.922775   11.166130   12.232133   16.637416   16.564140   16.801049    336.083792    327.720505    358.519045
 3.714   37.356101   34.668586   38.382582   11.920050   11.163715   12.229341   16.635572   16.562258   16.799303    336.388248    328.017311    358.839268
 3.715   37.346892   34.659597   38.373515   11.917328   11.161306   12.226556   16.633731   16.560379   16.797560    336.692591    328.313966    359.159326
 3.716   37.337696   34.650624   38.364463   11.914613   11.158901   12.223776   16.631894   16.558503   16.795820    336.996819    328.610491    359.479239
 3.717   37.328515   34.641665   38.355425   11.911902   11.156501   12.221002   16.630060   16.556631   16.794083    337.300932    328.906903    359.799022
 3.718   37.319347   34.632721   38.346399   11.909195   11.154106   12.218232   16.628229   16.554762   16.792348    337.604930    329.203209    360.118674
 3.719   37.310192   34.623791   38.337387   11.906495   11.151715   12.215467   16.626401   16.552896   16.790617    337.908813    329.499400    360.438185
 3.720   37.301051   34.614879   38.328390   11.903799   11.149329   12.212708   16.624576   16.551033   16.788889    338.212580    329.795468    360.757541
 3.721   37.291924   34.605985   38.319408   11.901107   11.146950   12.209955   16.622754   16.549173   16.787163    338.516230    330.091407    361.076736
 3.722   37.282810   34.597107   38.310440   11.898421   11.144575   12.207206   16.620936   16.547317   16.785441    338.819765    330.387217    361.395772
 3.723   37.273709   34.588247   38.301488   11.895740   11.142206   12.204464   16.619120   16.545464   16.783721    339.123181    330.682898    361.714647
 3.724   37.264623   34.579404   38.292551   11.893064   11.139842   12.201727   16.617308   16.543614   16.782005    339.426479    330.978449    362.033367
 3.725   37.255549   34.570575   38.283628   11.890391   11.137483   12.198996   16.615499   16.541767   16.780291    339.729658    331.273875    362.351943
 3.726   37.246489   34.561761   38.274718   11.887725   11.135128   12.196269   16.613692   16.539923   16.778580    340.032715    331.569183    362.670386
 3.727   37.237443   34.552958   38.265821   11.885063   11.132777   12.193547   16.611889   16.538082   16.776872    340.335650    331.864380    362.988710
 3.728   37.228410   34.544166   38.256935   11.882406   11.130430   12.190830   16.610089   16.536245   16.775167    340.638462    332.159470    363.306923
 3.729   37.219391   34.535384   38.248061   11.879753   11.128087   12.188116   16.608292   16.534410   16.773464    340.941148    332.454455    363.625028
 3.730   37.210385   34.526613   38.239197   11.877106   11.125747   12.185408   16.606498   16.532579   16.771765    341.243706    332.749336    363.943021
 3.731   37.201393   34.517853   38.230344   11.874464   11.123410   12.182703   16.604707   16.530751   16.770069    341.546135    333.044109    364.260902
 3.732   37.192415   34.509103   38.221503   11.871827   11.121077   12.180003   16.602920   16.528926   16.768375    341.848433    333.338773    364.578663
 3.733   37.183450   34.500366   38.212673   11.869194   11.118748   12.177307   16.601135   16.527105   16.766684    342.150597    333.633323    364.896289
 3.734   37.174499   34.491643   38.203855   11.866567   11.116423   12.174616   16.599354   16.525286   16.764997    342.452624    333.927754    365.213771
 3.735   37.165562   34.482932   38.195050   11.863944   11.114102   12.171929   16.597575   16.523471   16.763312    342.754514    334.222056    365.531106
 3.736   37.156639   34.474234   38.186258   11.861327   11.111786   12.169248   16.595800   16.521659   16.761630    343.056264    334.516223    365.848309
 3.737   37.147729   34.465545   38.177480   11.858714   11.109472   12.166572   16.594028   16.519850   16.759951    343.357874    334.810246    366.165400
 3.738   37.138833   34.456862   38.168717   11.856106   11.107162   12.163901   16.592259   16.518044   16.758275    343.659343    335.104123    366.482400
 3.739   37.129951   34.448184   38.159969   11.853503   11.104853   12.161236   16.590493   16.516242   16.756602    343.960670    335.397852    366.799331
 3.740   37.121082   34.439508   38.151235   11.850904   11.102545   12.158575   16.588730   16.514442   16.754932    344.261857    335.691435    367.116207
 3.741   37.112228   34.430834   38.142516   11.848311   11.100238   12.155920   16.586970   16.512646   16.753264    344.562903    335.984872    367.433033
 3.742   37.103386   34.422163   38.133811   11.845722   11.097933   12.153271   16.585214   16.510853   16.751600    344.863809    336.278164    367.749802
 3.743   37.094558   34.413498   38.125120   11.843139   11.095630   12.150626   16.583460   16.509063   16.749938    345.164576    336.571310    368.066490
 3.744   37.085744   34.404842   38.116444   11.840560   11.093331   12.147987   16.581710   16.507276   16.748280    345.465204    336.864313    368.383071
 3.745   37.076943   34.396196   38.107782   11.837985   11.091034   12.145353   16.579962   16.505492   16.746624    345.765695    337.157175    368.699535
 3.746   37.068156   34.387559   38.099132   11.835416   11.088740   12.142725   16.578218   16.503711   16.744971    346.066050    337.449905    369.015889
 3.747   37.059381   34.378928   38.090495   11.832851   11.086449   12.140099   16.576476   16.501934   16.743321    346.366271    337.742509    369.332155
 3.748   37.050620   34.370302   38.081870   11.830291   11.084160   12.137479   16.574738   16.500159   16.741673    346.666359    338.034994    369.648363
 3.749   37.041872   34.361675   38.073256   11.827735   11.081872   12.134864   16.573002   16.498388   16.740029    346.966318    338.327366    369.964551
 3.750   37.033137   34.353044   38.064653   11.825185   11.079583   12.132252   16.571269   16.496619   16.738387    347.266149    338.619629    370.280748
 3.751   37.024415   34.344410   38.056061   11.822638   11.077294   12.129645   16.569540   16.494854   16.736748    347.565855    338.911784    370.596964
 3.752   37.015705   34.335771   38.047480   11.820097   11.075004   12.127041   16.567813   16.493091   16.735111    347.865437    339.203834    370.913194
 3.753   37.007009   34.327132   38.038909   11.817560   11.072715   12.124442   16.566089   16.491331   16.733477    348.164898    339.495779    371.229411
 3.754   36.998325   34.318497   38.030350   11.815027   11.070428   12.121847   16.564368   16.489574   16.731846    348.464240    339.787616    371.545582
 3.755   36.989653   34.309868   38.021803   11.812499   11.068143   12.119257   16.562650   16.487821   16.730218    348.763464    340.079344    371.861682
 3.756   36.980994   34.301247   38.013268   11.809975   11.065860   12.116671   16.560934   16.486070   16.728592    349.062573    340.370959    372.177697
 3.757   36.972347   34.292634   38.004746   11.807457   11.063581   12.114090   16.559222   16.484322   16.726969    349.361569    340.662460    372.493632
 3.758   36.963713   34.284027   37.996236   11.804941   11.061304   12.111512   16.557512   16.482576   16.725349    349.660452    340.953847    372.809506
 3.759   36.955090   34.275422   37.987739   11.802431   11.059028   12.108940   16.555805   16.480834   16.723731    349.959226    341.245123    373.125352
 3.760   36.946480   34.266816   37.979253   11.799924   11.056752   12.106373   16.554100   16.479094   16.722116    350.257891    341.536291    373.441200
 3.761   36.937882   34.258208   37.970780   11.797423   11.054477   12.103810   16.552399   16.477357   16.720503    350.556450    341.827354    373.757061
 3.762   36.929296   34.249598   37.962319   11.794925   11.052202   12.101251   16.550700   16.475623   16.718893    350.854902    342.118310    374.072930
 3.763   36.920722   34.240989   37.953871   11.792432   11.049927   12.098697   16.549004   16.473892   16.717285    351.153250    342.409156    374.388788
 3.764   36.912160   34.232384   37.945436   11.789942   11.047654   12.096148   16.547310   16.472164   16.715680    351.451493    342.699891    374.704609
 3.765   36.903610   34.223786   37.937012   11.787458   11.045385   12.093603   16.545620   16.470438   16.714078    351.749633    342.990519    375.020366
 3.766   36.895072   34.215197   37.928600   11.784977   11.043118   12.091063   16.543932   16.468715   16.712478    352.047669    343.281051    375.336041
 3.767   36.886545   34.206617   37.920198   11.782501   11.040854   12.088526   16.542246   16.466995   16.710880    352.345603    343.571500    375.651626
 3.768   36.878030   34.198047   37.911803   11.780029   11.038594   12.085992   16.540563   16.465277   16.709285    352.643435    343.861880    375.967127
 3.769   36.869527   34.189484   37.903416   11.777560   11.036335   12.083462   16.538883   16.463562   16.707693    352.941166    344.152199    376.282563
 3.770   36.861035   34.180926   37.895035   11.775097   11.034079   12.080934   16.537206   16.461850   16.706103    353.238797    344.442467    376.597953
 3.771   36.852555   34.172372   37.886659   11.772637   11.031825   12.078408   16.535531   16.460141   16.704515    353.536330    344.732684    376.913306
 3.772   36.844087   34.163822   37.878291   11.770181   11.029572   12.075886   16.533859   16.458434   16.702930    353.833765    345.022846    377.228619
 3.773   36.835630   34.155279   37.869931   11.767730   11.027321   12.073367   16.532189   16.456730   16.701348    354.131104    345.312934    377.543883
 3.774   36.827184   34.146742   37.861582   11.765282   11.025074   12.070852   16.530522   16.455028   16.699768    354.428346    345.602933    377.859087
 3.775   36.818750   34.138214   37.853244   11.762839   11.022829   12.068341   16.528858   16.453329   16.698190    354.725495    345.892848    378.174216
 3.776   36.810327   34.129696   37.844913   11.760399   11.020587   12.065833   16.527196   16.451633   16.696615    355.022549    346.182699    378.489261
 3.777   36.801916   34.121187   37.836587   11.757964   11.018349   12.063327   16.525537   16.449940   16.695042    355.319512    346.472523    378.804218
 3.778   36.793515   34.112689   37.828259   11.755533   11.016113   12.060822   16.523880   16.448249   16.693471    355.616383    346.762359    379.119091
 3.779   36.785126   34.104200   37.819927   11.753106   11.013882   12.058316   16.522226   16.446560   16.691903    355.913166    347.052242    379.433892
 3.780   36.776747   34.095719   37.811588   11.750682   11.011652   12.055808   16.520574   16.444874   16.690337    356.209861    347.342197    379.748630
 3.781   36.768380   34.087245   37.803241   11.748263   11.009425   12.053299   16.518925   16.443191   16.688774    356.506471    347.632235    380.063312
 3.782   36.760024   34.078778   37.794887   11.745846   11.007202   12.050789   16.517278   16.441510   16.687213    356.802999    347.922345    380.377938
 3.783   36.751678   34.070320   37.786530   11.743435   11.004980   12.048279   16.515634   16.439832   16.685654    357.099447    348.212493    380.692503
 3.784   36.743343   34.061871   37.778175   11.741027   11.002762   12.045770   16.513992   16.438156   16.684097    357.395817    348.502643    381.007001
 3.785   36.735018   34.053432   37.769824   11.738623   11.000547   12.043263   16.512352   16.436483   16.682543    357.692113    348.792773    381.321432
 3.786   36.726704   34.045001   37.761478   11.736223   10.998335   12.040758   16.510715   16.434812   16.680991    357.988338    349.082889    381.635802
 3.787   36.718400   34.036579   37.753133   11.733826   10.996125   12.038255   16.509080   16.433143   16.679441    358.284497    349.373014    381.950121
 3.788   36.710107   34.028164   37.744786   11.731433   10.993919   12.035751   16.507448   16.431477   16.677893    358.580593    349.663193    382.264405
 3.789   36.701823   34.019755   37.736430   11.729043   10.991714   12.033246   16.505818   16.429813   16.676348    358.876633    349.953477    382.578668
 3.790   36.693549   34.011350   37.728061   11.726657   10.989511   12.030737   16.504190   16.428152   16.674805    359.172620    350.243910    382.892925
 3.791   36.685285   34.002949   37.719677   11.724275   10.987310   12.028226   16.502564   16.426493   16.673263    359.468560    350.534510    383.207185
 3.792   36.677031   33.994553   37.711280   11.721896   10.985111   12.025711   16.500940   16.424836   16.671724    359.764459    350.825270    383.521451
 3.793   36.668785   33.986160   37.702874   11.719521   10.982913   12.023194   16.499319   16.423181   16.670187    360.060320    351.116156    383.835725
 3.794   36.660549   33.977773   37.694464   11.717149   10.980718   12.020676   16.497700   16.421528   16.668652    360.356148    351.407127    384.150004
 3.795   36.652322   33.969393   37.686055   11.714779   10.978524   12.018160   16.496083   16.419878   16.667119    360.651949    351.698148    384.464277
 3.796   36.644104   33.961021   37.677649   11.712414   10.976334   12.015645   16.494468   16.418230   16.665587    360.947727    351.989200    384.778531
 3.797   36.635895   33.952660   37.669245   11.710052   10.974147   12.013132   16.492855   16.416584   16.664058    361.243485    352.280287    385.092751
 3.798   36.627695   33.944310   37.660842   11.707692   10.971964   12.010619   16.491243   16.414939   16.662531    361.539228    352.571436    385.406930
 3.799   36.619502   33.935972   37.652434   11.705337   10.969783   12.008107   16.489634   16.413297   16.661005    361.834959    352.862690    385.721071
 3.800   36.611319   33.927645   37.644018   11.702984   10.967608   12.005593   16.488027   16.411657   16.659481    362.130684    353.154092    386.035177
 3.801   36.603143   33.919330   37.635591   11.700635   10.965435   12.003076   16.486422   16.410019   16.657960    362.426406    353.445658    386.349255
 3.802   36.594976   33.911025   37.627154   11.698288   10.963266   12.000556   16.484819   16.408383   16.656439    362.722129    353.737387    386.663312
 3.803   36.586817   33.902729   37.618708   11.695944   10.961100   11.998035   16.483218   16.406749   16.654921    363.017855    354.029273    386.977368
 3.804   36.578666   33.894441   37.610257   11.693604   10.958936   11.995513   16.481618   16.405117   16.653405    363.313589    354.321290    387.291435
 3.805   36.570523   33.886161   37.601805   11.691266   10.956776   11.992992   16.480021   16.403487   16.651890    363.609334    354.613392    387.605513
 3.806   36.562387   33.877890   37.593359   11.688931   10.954617   11.990474   16.478425   16.401858   16.650377    363.905092    354.905525    387.919586
 3.807   36.554259   33.869634   37.584926   11.686599   10.952464   11.987961   16.476831   16.400232   16.648865    364.200867    355.197637    388.233627
 3.808   36.546139   33.861393   37.576509   11.684270   10.950316   11.985452   16.475239   16.398607   16.647356    364.496662    355.489697    388.547609
 3.809   36.538026   33.853172   37.568109   11.681944   10.948172   11.982949   16.473648   16.396984   16.645848    364.792480    355.781701    388.861509
 3.810   36.529920   33.844971   37.559724   11.679621   10.946036   11.980452   16.472059   16.395363   16.644341    365.088325    356.073658    389.175313
 3.811   36.521821   33.836792   37.551356   11.677301   10.943905   11.977960   16.470472   16.393744   16.642836    365.384201    356.365575    389.489020
 3.812   36.513730   33.828633   37.543002   11.674982   10.941779   11.975474   16.468887   16.392126   16.641333    365.680112    356.657464    389.802644
 3.813   36.505646   33.820492   37.534659   11.672667   10.939660   11.972992   16.467304   16.390510   16.639831    365.976064    356.949357    390.116216
 3.814   36.497568   33.812363   37.526325   11.670355   10.937544   11.970513   16.465721   16.388896   16.638331    366.272061    357.241283    390.429773
 3.815   36.489497   33.804247   37.517999   11.668045   10.935432   11.968037   16.464141   16.387283   16.636833    366.568110    357.533246    390.743342
 3.816   36.481432   33.796140   37.509684   11.665737   10.933323   11.965565   16.462562   16.385673   16.635335    366.864216    357.825229    391.056934
 3.817   36.473374   33.788046   37.501384   11.663432   10.931217   11.963099   16.460985   16.384063   16.633840    367.160387    358.117199    391.370547
 3.818   36.465322   33.779964   37.493105   11.661130   10.929116   11.960639   16.459409   16.382455   16.632345    367.456631    358.409115    391.684164
 3.819   36.457275   33.771900   37.484850   11.658829   10.927020   11.958187   16.457835   16.380849   16.630852    367.752955    358.700942    391.997762
 3.820   36.449234   33.763856   37.476624   11.656531   10.924929   11.955746   16.456261   16.379244   16.629361    368.049370    358.992658    392.311323
 3.821   36.441198   33.755833   37.468427   11.654235   10.922845   11.953312   16.454690   16.377640   16.627870    368.345886    359.284263    392.624847
 3.822   36.433167   33.747828   37.460257   11.651941   10.920766   11.950888   16.453119   16.376038   16.626381    368.642512    359.575777    392.938353
 3.823   36.425141   33.739841   37.452111   11.649650   10.918692   11.948472   16.451550   16.374437   16.624893    368.939259    359.867247    393.251871
 3.824   36.417119   33.731867   37.443982   11.647360   10.916622   11.946061   16.449982   16.372837   16.623405    369.236138    360.158730    393.565444
 3.825   36.409101   33.723903   37.435865   11.645072   10.914556   11.943656   16.448415   16.371238   16.621919    369.533160    360.450278    393.879113
 3.826   36.401087   33.715946   37.427759   11.642786   10.912490   11.941253   16.446849   16.369641   16.620434    369.830337    360.741927    394.192915
 3.827   36.393076   33.707994   37.419660   11.640501   10.910428   11.938854   16.445284   16.368044   16.618950    370.127678    361.033695    394.506876
 3.828   36.385069   33.700047   37.411572   11.638218   10.908367   11.936458   16.443720   16.366448   16.617466    370.425197    361.325575    394.821004
 3.829   36.377064   33.692106   37.403497   11.635936   10.906309   11.934068   16.442156   16.364853   16.615984    370.722904    361.617543    395.135295
 3.830   36.369062   33.684174   37.395440   11.633656   10.904253   11.931683   16.440594   16.363259   16.614502    371.020812    361.909574    395.449742
 3.831   36.361062   33.676251   37.387401   11.631377   10.902201   11.929304   16.439032   16.361666   16.613021    371.318932    362.201668    395.764349
 3.832   36.353064   33.668336   37.379380   11.629099   10.900151   11.926931   16.437471   16.360073   16.611540    371.617277    362.493841    396.079132
 3.833   36.345067   33.660429   37.371374   11.626823   10.898103   11.924564   16.435910   16.358481   16.610060    371.915856    362.786123    396.394110
 3.834   36.337072   33.652527   37.363379   11.624547   10.896057   11.922201   16.434350   16.356890   16.608580    372.214680    363.078550    396.709304
 3.835   36.329078   33.644629   37.355393   11.622273   10.894013   11.919840   16.432791   16.355299   16.607101    372.513760    363.371169    397.024741
 3.836   36.321084   33.636733   37.347410   11.619999   10.891970   11.917482   16.431232   16.353708   16.605622    372.813104    363.664022    397.340445
 3.837   36.313092   33.628837   37.339427   11.617726   10.889927   11.915123   16.429673   16.352118   16.604144    373.112720    363.957145    397.656438
 3.838   36.305099   33.620941   37.331443   11.615454   10.887885   11.912766   16.428115   16.350528   16.602666    373.412616    364.250553    397.972733
 3.839   36.297107   33.613045   37.323459   11.613183   10.885844   11.910410   16.426557   16.348939   16.601188    373.712797    364.544246    398.289335
 3.840   36.289115   33.605148   37.315476   11.610912   10.883803   11.908053   16.424999   16.347350   16.599711    374.013272    364.838216    398.606245
 3.841   36.281123   33.597252   37.307495   11.608642   10.881762   11.905699   16.423442   16.345761   16.598234    374.314047    365.132464    398.923468
 3.842   36.273131   33.589356   37.299515   11.606373   10.879723   11.903345   16.421885   16.344173   16.596756    374.615128    365.426999    399.241011
 3.843   36.265139   33.581460   37.291535   11.604104   10.877684   11.900993   16.420328   16.342585   16.595280    374.916522    365.721831    399.558878
 3.844   36.257145   33.573565   37.283556   11.601835   10.875645   11.898641   16.418771   16.340997   16.593803    375.218237    366.016971    399.877073
 3.845   36.249151   33.565669   37.275576   11.599567   10.873607   11.896289   16.417215   16.339409   16.592326    375.520279    366.312427    400.195609
 3.846   36.241156   33.557771   37.267596   11.597300   10.871569   11.893939   16.415658   16.337821   16.590850    375.822656    366.608207    400.514505
 3.847   36.233160   33.549871   37.259616   11.595032   10.869531   11.891589   16.414102   16.336233   16.589373    376.125377    366.904312    400.833782
 3.848   36.225163   33.541965   37.251635   11.592765   10.867492   11.889239   16.412546   16.334646   16.587897    376.428449    367.200748    401.153461
 3.849   36.217163   33.534054   37.243656   11.590499   10.865452   11.886891   16.410989   16.333058   16.586421    376.731883    367.497517    401.473561
 3.850   36.209162   33.526136   37.235677   11.588232   10.863411   11.884543   16.409433   16.331470   16.584944    377.035690    367.794627    401.794100
 3.851   36.201159   33.518211   37.227699   11.585965   10.861369   11.882197   16.407876   16.329882   16.583467    377.339880    368.092087    402.115091
 3.852   36.193153   33.510278   37.219721   11.583699   10.859325   11.879851   16.406319   16.328294   16.581990    377.644468    368.389914    402.436545
 3.853   36.185145   33.502340   37.211741   11.581432   10.857281   11.877505   16.404762   16.326706   16.580513    377.949466    368.688129    402.758463
 3.854   36.177133   33.494396   37.203759   11.579165   10.855235   11.875159   16.403205   16.325117   16.579036    378.254889    368.986754    403.080849
 3.855   36.169117   33.486447   37.195773   11.576897   10.853189   11.872813   16.401647   16.323528   16.577558    378.560753    369.285805    403.403716
 3.856   36.161098   33.478493   37.187785   11.574629   10.851141   11.870467   16.400089   16.321938   16.576079    378.867074    369.585291    403.727083
 3.857   36.153074   33.470530   37.179795   11.572361   10.849092   11.868121   16.398530   16.320348   16.574600    379.173869    369.885218    404.050981
 3.858   36.145045   33.462558   37.171805   11.570092   10.847042   11.865776   16.396970   16.318757   16.573121    379.481157    370.185588    404.375445
 3.859   36.137011   33.454574   37.163814   11.567822   10.844989   11.863431   16.395410   16.317166   16.571640    379.788958    370.486406    404.700513
 3.860   36.128971   33.446576   37.155825   11.565550   10.842933   11.861087   16.393849   16.315573   16.570159    380.097291    370.787683    405.026219
 3.861   36.120925   33.438564   37.147836   11.563278   10.840874   11.858745   16.392287   16.313980   16.568677    380.406178    371.089437    405.352591
 3.862   36.112871   33.430536   37.139848   11.561005   10.838811   11.856402   16.390724   16.312385   16.567194    380.715642    371.391691    405.679648
 3.863   36.104811   33.422495   37.131857   11.558730   10.836746   11.854061   16.389159   16.310790   16.565709    381.025705    371.694475    406.007403
 3.864   36.096741   33.414440   37.123864   11.556453   10.834677   11.851719   16.387594   16.309193   16.564224    381.336392    371.997827    406.335864
 3.865   36.088664   33.406374   37.115864   11.554175   10.832606   11.849375   16.386027   16.307594   16.562737    381.647725    372.301785    406.665038
 3.866   36.080577   33.398296   37.107856   11.551894   10.830533   11.847031   16.384458   16.305994   16.561249    381.959728    372.606387    406.994936
 3.867   36.072480   33.390208   37.099838   11.549612   10.828457   11.844684   16.382888   16.304393   16.559759    382.272426    372.911668    407.325577
 3.868   36.064372   33.382108   37.091810   11.547327   10.826380   11.842334   16.381316   16.302789   16.558267    382.585842    373.217654    407.656988
 3.869   36.056254   33.373996   37.083771   11.545040   10.824299   11.839982   16.379743   16.301184   16.556774    382.900001    373.524365    407.989202
 3.870   36.048124   33.365869   37.075721   11.542750   10.822216   11.837628   16.378167   16.299577   16.555279    383.214926    373.831817    408.322257
 3.871   36.039982   33.357726   37.067660   11.540458   10.820129   11.835270   16.376589   16.297968   16.553782    383.530644    374.140033    408.656182
 3.872   36.031827   33.349567   37.059587   11.538162   10.818038   11.832911   16.375009   16.296356   16.552283    383.847178    374.449036    408.991004
 3.873   36.023659   33.341391   37.051501   11.535864   10.815944   11.830549   16.373427   16.294742   16.550781    384.164553    374.758856    409.326743
 3.874   36.015476   33.333200   37.043402   11.533562   10.813846   11.828182   16.371843   16.293126   16.549278    384.482795    375.069518    409.663420
 3.875   36.007280   33.324992   37.035289   11.531257   10.811745   11.825813   16.370256   16.291507   16.547772    384.801930    375.381050    410.001053
 3.876   35.999067   33.316769   37.027161   11.528948   10.809640   11.823441   16.368666   16.289885   16.546263    385.121981    375.693473    410.339661
 3.877   35.990840   33.308531   37.019018   11.526636   10.807532   11.821063   16.367073   16.288261   16.544752    385.442974    376.006809    410.679265
 3.878   35.982596   33.300276   37.010860   11.524319   10.805421   11.818684   16.365478   16.286634   16.543238    385.764936    376.321077    411.019890
 3.879   35.974334   33.292004   37.002688   11.521998   10.803304   11.816299   16.363880   16.285003   16.541721    386.087889    376.636298    411.361565
 3.880   35.966056   33.283714   36.994500   11.519674   10.801185   11.813912   16.362278   16.283370   16.540201    386.411860    376.952492    411.704319
 3.881   35.957759   33.275406   36.986296   11.517345   10.799062   11.811520   16.360674   16.281733   16.538678    386.736873    377.269682    412.048180
 3.882   35.949444   33.267079   36.978076   11.515011   10.796934   11.809125   16.359066   16.280093   16.537152    387.062952    377.587897    412.393173
 3.883   35.941110   33.258732   36.969837   11.512673   10.794802   11.806725   16.357455   16.278450   16.535623    387.390120    377.907168    412.739323
 3.884   35.932756   33.250365   36.961579   11.510330   10.792665   11.804320   16.355840   16.276803   16.534091    387.718401    378.227527    413.086654
 3.885   35.924381   33.241978   36.953301   11.507982   10.790524   11.801910   16.354221   16.275152   16.532555    388.047817    378.548992    413.435188
 3.886   35.915987   33.233570   36.945004   11.505629   10.788378   11.799495   16.352599   16.273498   16.531015    388.378387    378.871572    413.784945
 3.887   35.907571   33.225141   36.936690   11.503270   10.786227   11.797076   16.350974   16.271839   16.529472    388.710134    379.195268    414.135946
 3.888   35.899134   33.216690   36.928359   11.500907   10.784071   11.794652   16.349344   16.270177   16.527926    389.043074    379.520078    414.488210
 3.889   35.890675   33.208218   36.920015   11.498538   10.781911   11.792226   16.347711   16.268511   16.526376    389.377228    379.846002    414.841756
 3.890   35.882194   33.199723   36.911657   11.496164   10.779746   11.789796   16.346073   16.266841   16.524821    389.712611    380.173044    415.196602
 3.891   35.873690   33.191206   36.903287   11.493784   10.777574   11.787364   16.344432   16.265167   16.523263    390.049241    380.501217    415.552767
 3.892   35.865164   33.182667   36.894902   11.491398   10.775399   11.784928   16.342786   16.263488   16.521702    390.387133    380.830537    415.910266
 3.893   35.856614   33.174103   36.886503   11.489007   10.773218   11.782488   16.341137   16.261806   16.520136    390.726300    381.161029    416.269118
 3.894   35.848041   33.165517   36.878086   11.486610   10.771030   11.780045   16.339483   16.260119   16.518566    391.066757    381.492722    416.629336
 3.895   35.839445   33.156906   36.869650   11.484207   10.768839   11.777596   16.337825   16.258428   16.516992    391.408516    381.825650    416.990932
 3.896   35.830825   33.148273   36.861191   11.481798   10.766641   11.775142   16.336163   16.256732   16.515415    391.751586    382.159849    417.353913
 3.897   35.822181   33.139616   36.852707   11.479384   10.764439   11.772681   16.334496   16.255032   16.513833    392.095978    382.495347    417.718285
 3.898   35.813513   33.130936   36.844198   11.476962   10.762231   11.770214   16.332825   16.253328   16.512247    392.441699    382.832161    418.084050
 3.899   35.804821   33.122234   36.835663   11.474536   10.760018   11.767739   16.331150   16.251619   16.510657    392.788758    383.170296    418.451213
 3.900   35.796104   33.113510   36.827103   11.472104   10.757801   11.765259   16.329471   16.249906   16.509062    393.137159    383.509749    418.819776
 3.901   35.787364   33.104763   36.818519   11.469665   10.755577   11.762772   16.327787   16.248189   16.507464    393.486908    383.850523    419.189744
 3.902   35.778599   33.095994   36.809910   11.467220   10.753350   11.760279   16.326099   16.246467   16.505862    393.838008    384.192615    419.561123
 3.903   35.769811   33.087203   36.801280   11.464770   10.751117   11.757780   16.324406   16.244741   16.504255    394.190463    384.536009    419.933922
 3.904   35.760998   33.078388   36.792628   11.462313   10.748879   11.755277   16.322710   16.243010   16.502645    394.544274    384.880700    420.308148
 3.905   35.752161   33.069550   36.783954   11.459851   10.746635   11.752767   16.321009   16.241276   16.501030    394.899442    385.226704    420.683802
 3.906   35.743300   33.060688   36.775253   11.457382   10.744387   11.750250   16.319303   16.239536   16.499411    395.255967    385.574061    421.060882
 3.907   35.734416   33.051805   36.766520   11.454909   10.742133   11.747724   16.317594   16.237793   16.497788    395.613847    385.922819    421.439378
 3.908   35.725508   33.042901   36.757750   11.452428   10.739875   11.745190   16.315880   16.236045   16.496161    395.973081    386.273026    421.819280
 3.909   35.716576   33.033976   36.748939   11.449943   10.737612   11.742644   16.314162   16.234293   16.494531    396.333664    386.624718    422.200574
 3.910   35.707621   33.025033   36.740085   11.447451   10.735346   11.740086   16.312440   16.232536   16.492896    396.695594    386.977913    422.583250
 3.911   35.698643   33.016071   36.731188   11.444955   10.733075   11.737517   16.310714   16.230776   16.491257    397.058864    387.332614    422.967300
 3.912   35.689642   33.007090   36.722248   11.442452   10.730800   11.734936   16.308984   16.229011   16.489615    397.423468    387.688802    423.352720
 3.913   35.680619   32.998089   36.713271   11.439944   10.728521   11.732345   16.307250   16.227243   16.487968    397.789399    388.046433    423.739511
 3.914   35.671573   32.989069   36.704261   11.437431   10.726238   11.729746   16.305512   16.225470   16.486318    398.156648    388.405453    424.127673
 3.915   35.662506   32.980028   36.695222   11.434913   10.723949   11.727139   16.303770   16.223693   16.484665    398.525204    388.765819    424.517203
 3.916   35.653417   32.970967   36.686156   11.432388   10.721657   11.724526   16.302025   16.221913   16.483007    398.895055    389.127504    424.908089
 3.917   35.644306   32.961886   36.677063   11.429860   10.719361   11.721905   16.300275   16.220129   16.481347    399.266189    389.490502    425.300315
 3.918   35.635176   32.952788   36.667940   11.427326   10.717060   11.719277   16.298523   16.218341   16.479682    399.638591    389.854827    425.693856
 3.919   35.626025   32.943672   36.658783   11.424787   10.714756   11.716640   16.296766   16.216550   16.478015    400.012244    390.220506    426.088685
 3.920   35.616854   32.934542   36.649590   11.422245   10.712449   11.713993   16.295006   16.214755   16.476344    400.387133    390.587561    426.484776
 3.921   35.607664   32.925396   36.640358   11.419697   10.710138   11.711336   16.293243   16.212957   16.474670    400.763238    390.955987    426.882107
 3.922   35.598456   32.916237   36.631090   11.417146   10.707826   11.708670   16.291477   16.211155   16.472993    401.140543    391.325760    427.280661
 3.923   35.589229   32.907063   36.621788   11.414590   10.705509   11.705994   16.289708   16.209351   16.471313    401.519027    391.696837    427.680427
 3.924   35.579985   32.897874   36.612457   11.412029   10.703190   11.703312   16.287935   16.207543   16.469630    401.898672    392.069166    428.081393
 3.925   35.570724   32.888669   36.603101   11.409466   10.700868   11.700623   16.286160   16.205732   16.467944    402.279458    392.442683    428.483548
 3.926   35.561447   32.879449   36.593726   11.406898   10.698542   11.697928   16.284382   16.203919   16.466256    402.661365    392.817330    428.886878
 3.927   35.552153   32.870214   36.584335   11.404327   10.696214   11.695231   16.282601   16.202103   16.464565    403.044373    393.193059    429.291363
 3.928   35.542845   32.860965   36.574929   11.401753   10.693883   11.692531   16.280818   16.200284   16.462872    403.428463    393.569845    429.696979
 3.929   35.533521   32.851703   36.565507   11.399175   10.691549   11.689827   16.279032   16.198463   16.461176    403.813615    393.947681    430.103697
 3.930   35.524183   32.842430   36.556067   11.396594   10.689212   11.687119   16.277244   16.196640   16.459478    404.199811    394.326569    430.511489
 3.931   35.514832   32.833145   36.546610   11.394010   10.686875   11.684405   16.275454   16.194814   16.457778    404.587031    394.706497    430.920334
 3.932   35.505467   32.823851   36.537137   11.391424   10.684535   11.681689   16.273661   16.192986   16.456076    404.975258    395.087449    431.330213
 3.933   35.496089   32.814546   36.527646   11.388834   10.682192   11.678969   16.271867   16.191156   16.454371    405.364476    395.469407    431.741116
 3.934   35.486699   32.805230   36.518141   11.386242   10.679848   11.676246   16.270070   16.189324   16.452665    405.754668    395.852349    432.153032
 3.935   35.477297   32.795903   36.508621   11.383649   10.677503   11.673519   16.268272   16.187490   16.450957    406.145821    396.236251    432.565952
 3.936   35.467884   32.786565   36.499090   11.381052   10.675155   11.670790   16.266472   16.185654   16.449248    406.537921    396.621083    432.979866
 3.937   35.458459   32.777216   36.489550   11.378453   10.672805   11.668060   16.264670   16.183816   16.447536    406.930957    397.006818    433.394760
 3.938   35.449023   32.767858   36.480000   11.375852   10.670454   11.665328   16.262866   16.181977   16.445823    407.324917    397.393434    433.810620
 3.939   35.439577   32.758491   36.470444   11.373249   10.668100   11.662594   16.261060   16.180136   16.444109    407.719792    397.780916    434.227429
 3.940   35.430120   32.749115   36.460880   11.370644   10.665746   11.659860   16.259253   16.178293   16.442393    408.115573    398.169254    434.645173
 3.941   35.420653   32.739732   36.451310   11.368037   10.663390   11.657124   16.257445   16.176449   16.440675    408.512252    398.558441    435.063839
 3.942   35.411177   32.730341   36.441733   11.365428   10.661034   11.654388   16.255635   16.174603   16.438956    408.909820    398.948472    435.483422
 3.943   35.401690   32.720943   36.432148   11.362819   10.658675   11.651650   16.253823   16.172756   16.437235    409.308273    399.339349    435.903915
 3.944   35.392194   32.711537   36.422554   11.360206   10.656316   11.648911   16.252011   16.170907   16.435513    409.707602    399.731074    436.325316
 3.945   35.382689   32.702122   36.412953   11.357592   10.653956   11.646171   16.250196   16.169057   16.433790    410.107800    400.123642    436.747624
 3.946   35.373175   32.692700   36.403344   11.354976   10.651594   11.643430   16.248381   16.167206   16.432066    410.508861    400.517040    437.170836
 3.947   35.363652   32.683268   36.393729   11.352360   10.649230   11.640687   16.246564   16.165353   16.430340    410.910775    400.911248    437.594950
 3.948   35.354121   32.673827   36.384109   11.349741   10.646865   11.637944   16.244746   16.163499   16.428613    411.313534    401.306243    438.019959
 3.949   35.344581   32.664379   36.374488   11.347121   10.644500   11.635202   16.242926   16.161644   16.426885    411.717129    401.702002    438.445852
 3.950   35.335033   32.654922   36.364864   11.344500   10.642132   11.632461   16.241106   16.159788   16.425156    412.121549    402.098503    438.872616
 3.951   35.325478   32.645457   36.355241   11.341878   10.639763   11.629719   16.239285   16.157930   16.423426    412.526783    402.495734    439.300240
 3.952   35.315915   32.635985   36.345616   11.339255   10.637393   11.626979   16.237462   16.156072   16.421694    412.932822    402.893688    439.728712
 3.953   35.306345   32.626507   36.335990   11.336630   10.635023   11.624239   16.235639   16.154213   16.419962    413.339655    403.292369    440.158017
 3.954   35.296769   32.617022   36.326360   11.334005   10.632651   11.621500   16.233814   16.152353   16.418229    413.747271    403.691782    440.588142
 3.955   35.287186   32.607531   36.316727   11.331378   10.630279   11.618759   16.231989   16.150492   16.416495    414.155661    404.091929    441.019081
 3.956   35.277596   32.598033   36.307089   11.328752   10.627905   11.616019   16.230163   16.148630   16.414761    414.564815    404.492805    441.450831
 3.957   35.268001   32.588528   36.297447   11.326123   10.625532   11.613279   16.228336   16.146767   16.413025    414.974722    404.894399    441.883393
 3.958   35.258400   32.579014   36.287802   11.323495   10.623156   11.610539   16.226509   16.144904   16.411289    415.385373    405.296691    442.316769
 3.959   35.248793   32.569491   36.278157   11.320865   10.620778   11.607799   16.224681   16.143040   16.409553    415.796758    405.699657    442.750956
 3.960   35.239181   32.559959   36.268513   11.318235   10.618399   11.605061   16.222852   16.141175   16.407816    416.208867    406.103273    443.185948
 3.961   35.229565   32.550418   36.258870   11.315606   10.616020   11.602324   16.221023   16.139310   16.406078    416.621691    406.507526    443.621739
 3.962   35.219943   32.540868   36.249228   11.312975   10.613638   11.599589   16.219193   16.137445   16.404339    417.035221    406.912409    444.058315
 3.963   35.210318   32.531311   36.239588   11.310344   10.611255   11.596854   16.217363   16.135579   16.402601    417.449448    407.317917    444.495655
 3.964   35.200688   32.521749   36.229948   11.307713   10.608871   11.594121   16.215533   16.133713   16.400862    417.864365    407.724052    444.933739
 3.965   35.191054   32.512181   36.220307   11.305082   10.606488   11.591389   16.213702   16.131846   16.399122    418.279964    408.130827    445.372557
 3.966   35.181416   32.502607   36.210663   11.302451   10.604103   11.588657   16.211871   16.129979   16.397382    418.696238    408.538261    445.812104
 3.967   35.171774   32.493027   36.201013   11.299819   10.601718   11.585924   16.210039   16.128111   16.395642    419.113180    408.946370    446.252388
 3.968   35.162129   32.483439   36.191355   11.297187   10.599331   11.583189   16.208207   16.126244   16.393902    419.530782    409.355165    446.693417
 3.969   35.152481   32.473842   36.181690   11.294556   10.596943   11.580454   16.206375   16.124376   16.392161    419.949038    409.764645    447.135201
 3.970   35.142830   32.464233   36.172017   11.291925   10.594553   11.577717   16.204543   16.122508   16.390420    420.367939    410.174800    447.577745
 3.971   35.133176   32.454615   36.162337   11.289293   10.592160   11.574980   16.202711   16.120640   16.388679    420.787480    410.585624    448.021047
 3.972   35.123519   32.444986   36.152651   11.286662   10.589766   11.572240   16.200878   16.118772   16.386938    421.207652    410.997105    448.465093
 3.973   35.113860   32.435349   36.142960   11.284030   10.587372   11.569502   16.199046   16.116903   16.385197    421.628449    411.409222    448.909856
 3.974   35.104199   32.425707   36.133265   11.281400   10.584976   11.566763   16.197213   16.115035   16.383455    422.049865    411.821957    449.355309
 3.975   35.094535   32.416060   36.123568   11.278770   10.582580   11.564024   16.195381   16.113167   16.381714    422.471892    412.235300    449.801434
 3.976   35.084869   32.406408   36.113866   11.276140   10.580183   11.561286   16.193548   16.111298   16.379973    422.894523    412.649256    450.248225
 3.977   35.075202   32.396751   36.104159   11.273510   10.577786   11.558545   16.191716   16.109430   16.378232    423.317751    413.063836    450.695684
 3.978   35.065533   32.387087   36.094444   11.270881   10.575389   11.555805   16.189884   16.107562   16.376490    423.741568    413.479055    451.143825
 3.979   35.055863   32.377414   36.084719   11.268253   10.572989   11.553062   16.188051   16.105694   16.374749    424.165966    413.894929    451.592663
 3.980   35.046192   32.367730   36.074983   11.265624   10.570588   11.550318   16.186219   16.103827   16.373008    424.590937    414.311465    452.042211
 3.981   35.036520   32.358035   36.065236   11.262997   10.568184   11.547571   16.184388   16.101959   16.371268    425.016472    414.728659    452.492466
 3.982   35.026847   32.348329   36.055479   11.260371   10.565780   11.544821   16.182556   16.100092   16.369527    425.442564    415.146503    452.943413
 3.983   35.017174   32.338615   36.045711   11.257745   10.563373   11.542071   16.180725   16.098225   16.367787    425.869205    415.564978    453.395025
 3.984   35.007500   32.328895   36.035936   11.255120   10.560965   11.539319   16.178894   16.096359   16.366047    426.296387    415.984058    453.847269
 3.985   34.997827   32.319171   36.026156   11.252496   10.558558   11.536567   16.177064   16.094493   16.364308    426.724105    416.403707    454.300118
 3.986   34.988153   32.309444   36.016376   11.249873   10.556150   11.533815   16.175234   16.092627   16.362568    427.152351    416.823888    454.753554
 3.987   34.978479   32.299716   36.006597   11.247250   10.553744   11.531065   16.173404   16.090762   16.360830    427.581121    417.244566    455.207573
 3.988   34.968806   32.289983   35.996821   11.244628   10.551337   11.528317   16.171575   16.088897   16.359091    428.010408    417.665722    455.662181
 3.989   34.959133   32.280245   35.987049   11.242009   10.548929   11.525571   16.169746   16.087033   16.357353    428.440208    418.087351    456.117394
 3.990   34.949461   32.270500   35.977280   11.239389   10.546520   11.522826   16.167918   16.085169   16.355616    428.870516    418.509454    456.573228
 3.991   34.939789   32.260748   35.967514   11.236771   10.544109   11.520083   16.166090   16.083306   16.353879    429.301328    418.932030    457.029684
 3.992   34.930118   32.250988   35.957750   11.234154   10.541699   11.517342   16.164263   16.081444   16.352142    429.732640    419.355078    457.486755
 3.993   34.920448   32.241223   35.947989   11.231538   10.539288   11.514603   16.162436   16.079582   16.350406    430.164446    419.778601    457.944423
 3.994   34.910779   32.231453   35.938229   11.228923   10.536876   11.511865   16.160610   16.077720   16.348670    430.596745    420.202601    458.402664
 3.995   34.901111   32.221682   35.928470   11.226310   10.534464   11.509129   16.158785   16.075859   16.346935    431.029531    420.627075    458.861456
 3.996   34.891444   32.211910   35.918714   11.223697   10.532054   11.506393   16.156960   16.073999   16.345201    431.462799    421.052012    459.320778
 3.997   34.881779   32.202138   35.908961   11.221085   10.529644   11.503660   16.155136   16.072140   16.343467    431.896546    421.477398    459.780619
 3.998   34.872114   32.192367   35.899213   11.218475   10.527234   11.500929   16.153312   16.070281   16.341734    432.330765    421.903213    460.240976
 3.999   34.862452   32.182594   35.889471   11.215867   10.524826   11.498201   16.151490   16.068423   16.340002    432.765452    422.329440    460.701855
 4.000   34.852791   32.172820   35.879736   11.213260   10.522417   11.495476   16.149668   16.066566   16.338270    433.200600    422.756067    461.163263
 4.001   34.843132   32.163044   35.870008   11.210654   10.520010   11.492754   16.147846   16.064709   16.336538    433.636205    423.183083    461.625198
 4.002   34.833475   32.153266   35.860288   11.208050   10.517602   11.490035   16.146026   16.062853   16.334808    434.072260    423.610486    462.087653
 4.003   34.823821   32.143486   35.850576   11.205446   10.515194   11.487318   16.144206   16.060999   16.333078    434.508760    424.038273    462.550619
 4.004   34.814168   32.133706   35.840869   11.202845   10.512787   11.484605   16.142387   16.059144   16.331349    434.945701    424.466451    463.014084
 4.005   34.804518   32.123926   35.831167   11.200245   10.510382   11.481894   16.140569   16.057291   16.329621    435.383077    424.895033    463.478029
 4.006   34.794870   32.114149   35.821468   11.197646   10.507978   11.479184   16.138752   16.055439   16.327894    435.820886    425.324034    463.942440
 4.007   34.785225   32.104374   35.811770   11.195050   10.505575   11.476476   16.136935   16.053587   16.326167    436.259125    425.753471    464.407302
 4.008   34.775582   32.094604   35.802073   11.192454   10.503173   11.473769   16.135120   16.051737   16.324441    436.697790    426.183351    464.872605
 4.009   34.765942   32.084836   35.792375   11.189860   10.500774   11.471063   16.133305   16.049887   16.322716    437.136880    426.613677    465.338349
 4.010   34.756304   32.075073   35.782677   11.187268   10.498376   11.468358   16.131491   16.048039   16.320992    437.576393    427.044444    465.804534
 4.011   34.746670   32.065312   35.772980   11.184677   10.495979   11.465653   16.129678   16.046191   16.319269    438.016328    427.475651    466.271160
 4.012   34.737038   32.055555   35.763283   11.182089   10.493584   11.462950   16.127866   16.044344   16.317546    438.456687    427.907292    466.738230
 4.013   34.727408   32.045801   35.753589   11.179501   10.491191   11.460249   16.126055   16.042498   16.315825    438.897469    428.339351    467.205752
 4.014   34.717781   32.036048   35.743899   11.176916   10.488799   11.457549   16.124245   16.040653   16.314104    439.338676    428.771818    467.673729
 4.015   34.708157   32.026299   35.734211   11.174331   10.486408   11.454852   16.122436   16.038809   16.312384    439.780310    429.204704    468.142161
 4.016   34.698536   32.016552   35.724523   11.171748   10.484019   11.452155   16.120627   16.036966   16.310665    440.222374    429.638038    468.611041
 4.017   34.688917   32.006811   35.714831   11.169168   10.481632   11.449458   16.118820   16.035123   16.308946    440.664871    430.071861    469.080358
 4.018   34.679300   31.997075   35.705133   11.166588   10.479247   11.446760   16.117013   16.033282   16.307229    441.107803    430.506216    469.550102
 4.019   34.669686   31.987346   35.695423   11.164010   10.476864   11.444060   16.115207   16.031441   16.305512    441.551175    430.941138    470.020263
 4.020   34.660074   31.977624   35.685701   11.161433   10.474484   11.441357   16.113402   16.029602   16.303796    441.994990    431.376653    470.490839
 4.021   34.650464   31.967910   35.675965   11.158859   10.472106   11.438651   16.111598   16.027763   16.302080    442.439251    431.812770    470.961830
 4.022   34.640857   31.958203   35.666217   11.156284   10.469731   11.435943   16.109794   16.025925   16.300366    442.883962    432.249483    471.433243
 4.023   34.631252   31.948502   35.656460   11.153713   10.467359   11.433233   16.107991   16.024087   16.298652    443.329125    432.686768    471.905093
 4.024   34.621648   31.938807   35.646695   11.151141   10.464988   11.430523   16.106189   16.022251   16.296939    443.774744    433.124590    472.377395
 4.025   34.612047   31.929115   35.636928   11.148571   10.462620   11.427812   16.104388   16.020415   16.295226    444.220821    433.562923    472.850162
 4.026   34.602448   31.919426   35.627158   11.146004   10.460252   11.425102   16.102588   16.018581   16.293515    444.667358    434.001749    473.323403
 4.027   34.592851   31.909741   35.617387   11.143437   10.457886   11.422392   16.100788   16.016746   16.291804    445.114357    434.441068    473.797121
 4.028   34.583256   31.900059   35.607612   11.140872   10.455522   11.419683   16.098989   16.014913   16.290093    445.561817    434.880897    474.271309
 4.029   34.573662   31.890382   35.597832   11.138308   10.453159   11.416973   16.097191   16.013081   16.288384    446.009740    435.321266    474.745959
 4.030   34.564071   31.880711   35.588043   11.135746   10.450798   11.414261   16.095394   16.011249   16.286675    446.458125    435.762203    475.221058
 4.031   34.554482   31.871046   35.578245   11.133184   10.448441   11.411548   16.093597   16.009418   16.284967    446.906971    436.203717    475.696604
 4.032   34.544895   31.861386   35.568437   11.130625   10.446085   11.408833   16.091801   16.007588   16.283259    447.356279    436.645805    476.172595
 4.033   34.535310   31.851732   35.558622   11.128066   10.443731   11.406116   16.090006   16.005759   16.281552    447.806046    437.088452    476.649037
 4.034   34.525727   31.842083   35.548801   11.125510   10.441379   11.403400   16.088212   16.003930   16.279846    448.256272    437.531637    477.125934
 4.035   34.516146   31.832438   35.538977   11.122955   10.439028   11.400683   16.086419   16.002103   16.278141    448.706955    437.975324    477.603299
 4.036   34.506567   31.822795   35.529154   11.120401   10.436680   11.397968   16.084626   16.000276   16.276436    449.158095    438.419478    478.081143
 4.037   34.496991   31.813154   35.519335   11.117849   10.434332   11.395254   16.082834   15.998450   16.274732    449.609690    438.864066    478.559475
 4.038   34.487417   31.803514   35.509520   11.115297   10.431986   11.392543   16.081043   15.996624   16.273029    450.061740    439.309072    479.038301
 4.039   34.477845   31.793875   35.499712   11.112748   10.429640   11.389835   16.079252   15.994800   16.271327    450.514242    439.754495    479.517620
 4.040   34.468276   31.784238   35.489907   11.110199   10.427295   11.387128   16.077463   15.992977   16.269625    450.967196    440.200344    479.997427
 4.041   34.458708   31.774602   35.480107   11.107653   10.424952   11.384424   16.075674   15.991154   16.267924    451.420602    440.646620    480.477722
 4.042   34.449143   31.764968   35.470310   11.105107   10.422609   11.381721   16.073886   15.989332   16.266224    451.874459    441.093329    480.958503
 4.043   34.439581   31.755335   35.460515   11.102564   10.420268   11.379020   16.072099   15.987511   16.264525    452.328768    441.540485    481.439772
 4.044   34.430021   31.745705   35.450722   11.100021   10.417928   11.376321   16.070313   15.985691   16.262826    452.783528    441.988098    481.921527
 4.045   34.420463   31.736076   35.440931   11.097481   10.415589   11.373623   16.068528   15.983872   16.261129    453.238741    442.436161    482.403766
 4.046   34.410908   31.726449   35.431145   11.094942   10.413251   11.370927   16.066743   15.982054   16.259431    453.694407    442.884650    482.886486
 4.047   34.401355   31.716826   35.421366   11.092404   10.410916   11.368234   16.064959   15.980236   16.257735    454.150527    443.333532    483.369683
 4.048   34.391804   31.707205   35.411598   11.089868   10.408580   11.365545   16.063176   15.978419   16.256040    454.607102    443.782773    483.853354
 4.049   34.382255   31.697588   35.401843   11.087332   10.406248   11.362860   16.061394   15.976604   16.254345    455.064134    444.232346    484.337499
 4.050   34.372709   31.687973   35.392103   11.084799   10.403916   11.360181   16.059613   15.974788   16.252651    455.521626    444.682235    484.822120
 4.051   34.363165   31.678362   35.382379   11.082267   10.401586   11.357507   16.057832   15.972974   16.250957    455.979579    445.132436    485.307219
 4.052   34.353623   31.668755   35.372669   11.079736   10.399257   11.354838   16.056052   15.971161   16.249265    456.437996    445.582963    485.792799
 4.053   34.344084   31.659149   35.362970   11.077207   10.396929   11.352172   16.054273   15.969348   16.247573    456.896878    446.033856    486.278868
 4.054   34.334546   31.649546   35.353279   11.074680   10.394603   11.349510   16.052495   15.967537   16.245882    457.356228    446.485153    486.765433
 4.055   34.325011   31.639945   35.343593   11.072153   10.392278   11.346850   16.050717   15.965726   16.244191    457.816046    446.936870    487.252492
 4.056   34.315477   31.630347   35.333915   11.069628   10.389955   11.344193   16.048941   15.963915   16.242501    458.276333    447.388993    487.740040
 4.057   34.305946   31.620753   35.324247   11.067104   10.387633   11.341541   16.047165   15.962106   16.240812    458.737090    447.841487    488.228065
 4.058   34.296417   31.611164   35.314595   11.064582   10.385313   11.338893   16.045389   15.960297   16.239124    459.198316    448.294300    488.716555
 4.059   34.286890   31.601581   35.304963   11.062061   10.382996   11.336251   16.043615   15.958490   16.237436    459.660013    448.747377    489.205499
 4.060   34.277365   31.592005   35.295355   11.059541   10.380680   11.333617   16.041841   15.956683   16.235749    460.122179    449.200676    489.694891
 4.061   34.267842   31.582435   35.285773   11.057024   10.378368   11.330991   16.040068   15.954876   16.234063    460.584816    449.654185    490.184729
 4.062   34.258322   31.572871   35.276214   11.054507   10.376057   11.328373   16.038296   15.953071   16.232378    461.047923    450.107922    490.675017
 4.063   34.248803   31.563313   35.266674   11.051991   10.373748   11.325760   16.036525   15.951266   16.230693    461.511503    450.561949    491.165768
 4.064   34.239287   31.553759   35.257145   11.049478   10.371441   11.323151   16.034754   15.949462   16.229009    461.975557    451.016328    491.656999
 4.065   34.229773   31.544209   35.247627   11.046966   10.369136   11.320546   16.032984   15.947659   16.227325    462.440088    451.471095    492.148718
 4.066   34.220260   31.534662   35.238118   11.044454   10.366831   11.317945   16.031215   15.945857   16.225642    462.905100    451.926248    492.640927
 4.067   34.210750   31.525120   35.228622   11.041944   10.364529   11.315348   16.029447   15.944055   16.223960    463.370597    452.381747    493.133622
 4.068   34.201241   31.515583   35.219146   11.039436   10.362229   11.312757   16.027679   15.942255   16.222279    463.836583    452.837532    493.626795
 4.069   34.191734   31.506052   35.209697   11.036928   10.359931   11.310175   16.025912   15.940454   16.220598    464.303066    453.293528    494.120435
 4.070   34.182229   31.496530   35.200280   11.034422   10.357636   11.307602   16.024146   15.938655   16.218918    464.770052    453.749679    494.614536
 4.071   34.172725   31.487015   35.190897   11.031918   10.355343   11.305039   16.022380   15.936856   16.217238    465.237549    454.205972    495.109103
 4.072   34.163222   31.477507   35.181546   11.029414   10.353053   11.302486   16.020615   15.935058   16.215559    465.705566    454.662434    495.604149
 4.073   34.153720   31.468006   35.172221   11.026911   10.350765   11.299941   16.018850   15.933260   16.213881    466.174112    455.119139    496.099700
 4.074   34.144219   31.458509   35.162915   11.024410   10.348479   11.297402   16.017086   15.931463   16.212203    466.643195    455.576173    496.595781
 4.075   34.134719   31.449014   35.153621   11.021909   10.346194   11.294866   16.015323   15.929667   16.210525    467.112826    456.033612    497.092414
 4.076   34.125220   31.439523   35.144335   11.019409   10.343910   11.292335   16.013559   15.927870   16.208848    467.583013    456.491501    497.589612
 4.077   34.115721   31.430034   35.135058   11.016911   10.341628   11.289806   16.011797   15.926075   16.207171    468.053765    456.949851    498.087377
 4.078   34.106222   31.420549   35.125793   11.014413   10.339348   11.287281   16.010035   15.924280   16.205495    468.525092    457.408631    498.585706
 4.079   34.096723   31.411070   35.116546   11.011916   10.337069   11.284762   16.008273   15.922485   16.203819    468.997003    457.867784    499.084590
 4.080   34.087224   31.401597   35.107321   11.009420   10.334793   11.282250   16.006511   15.920690   16.202143    469.469507    458.327256    499.584023
 4.081   34.077725   31.392132   35.098122   11.006924   10.332519   11.279745   16.004750   15.918896   16.200468    469.942615    458.787036    500.084010
 4.082   34.068225   31.382672   35.088946   11.004430   10.330247   11.277249   16.002989   15.917102   16.198792    470.416337    459.247143    500.584567
 4.083   34.058724   31.373218   35.079790   11.001936   10.327978   11.274758   16.001228   15.915308   16.197117    470.890684    459.707627    501.085715
 4.084   34.049223   31.363767   35.070649   10.999442   10.325709   11.272272   15.999468   15.913515   16.195442    471.365668    460.168552    501.587483
 4.085   34.039721   31.354318   35.061517   10.996949   10.323442   11.269789   15.997708   15.911722   16.193768    471.841300    460.629996    502.089903
 4.086   34.030217   31.344869   35.052388   10.994457   10.321176   11.267308   15.995947   15.909928   16.192093    472.317593    461.092032    502.593006
 4.087   34.020711   31.335419   35.043257   10.991965   10.318909   11.264827   15.994187   15.908135   16.190418    472.794560    461.554713    503.096816
 4.088   34.011204   31.325967   35.034125   10.989472   10.316644   11.262347   15.992427   15.906342   16.188744    473.272215    462.018061    503.601350
 4.089   34.001695   31.316514   35.024992   10.986981   10.314379   11.259867   15.990667   15.904549   16.187069    473.750573    462.482070    504.106615
 4.090   33.992183   31.307060   35.015862   10.984490   10.312113   11.257389   15.988907   15.902756   16.185394    474.229651    462.946724    504.612620
 4.091   33.982668   31.297606   35.006735   10.981999   10.309850   11.254912   15.987146   15.900962   16.183719    474.709465    463.412028    505.119379
 4.092   33.973151   31.288150   34.997610   10.979508   10.307586   11.252437   15.985386   15.899168   16.182044    475.190033    463.878000    505.626912
 4.093   33.963630   31.278693   34.988487   10.977016   10.305323   11.249963   15.983625   15.897375   16.180369    475.671375    464.344664    506.135242
 4.094   33.954105   31.269233   34.979364   10.974525   10.303058   11.247490   15.981864   15.895580   16.178693    476.153509    464.812048    506.644394
 4.095   33.944576   31.259770   34.970240   10.972033   10.300795   11.245017   15.980102   15.893786   16.177017    476.636457    465.280192    507.154395
 4.096   33.935043   31.250302   34.961112   10.969541   10.298531   11.242544   15.978340   15.891990   16.175340    477.120236    465.749140    507.665272
 4.097   33.925505   31.240830   34.951976   10.967048   10.296266   11.240071   15.976577   15.890195   16.173663    477.604868    466.218937    508.177054
 4.098   33.915961   31.231351   34.942832   10.964555   10.294001   11.237594   15.974814   15.888398   16.171985    478.090373    466.689620    508.689763
 4.099   33.906413   31.221867   34.933679   10.962062   10.291736   11.235117   15.973051   15.886602   16.170307    478.576771    467.161214    509.203421
 4.100   33.896858   31.212376   34.924515   10.959567   10.289468   11.232638   15.971286   15.884804   16.168628    479.064083    467.633738    509.718047
 4.101   33.887297   31.202879   34.915342   10.957071   10.287201   11.230156   15.969521   15.883005   16.166948    479.552330    468.107214    510.233664
 4.102   33.877729   31.193375   34.906158   10.954575   10.284933   11.227674   15.967754   15.881206   16.165267    480.041531    468.581655    510.750292
 4.103   33.868154   31.183864   34.896965   10.952078   10.282662   11.225189   15.965987   15.879405   16.163586    480.531709    469.057066    511.267951
 4.104   33.858572   31.174346   34.887764   10.949580   10.280392   11.222702   15.964219   15.877604   16.161903    481.022882    469.533453    511.786661
 4.105   33.848982   31.164820   34.878555   10.947081   10.278121   11.220215   15.962450   15.875802   16.160219    481.515070    470.010835    512.306443
 4.106   33.839385   31.155285   34.869336   10.944580   10.275847   11.217726   15.960680   15.873998   16.158535    482.008289    470.489242    512.827317
 4.107   33.829779   31.145742   34.860104   10.942078   10.273573   11.215233   15.958908   15.872193   16.156849    482.502556    470.968715    513.349305
 4.108   33.820164   31.136190   34.850857   10.939575   10.271297   11.212738   15.957136   15.870387   16.155162    482.997889    471.449298    513.872428
 4.109   33.810541   31.126628   34.841592   10.937070   10.269019   11.210238   15.955362   15.868580   16.153474    483.494303    471.931031    514.396706
 4.110   33.800909   31.117055   34.832308   10.934563   10.266740   11.207735   15.953587   15.866771   16.151785    483.991813    472.413949    514.922157
 4.111   33.791268   31.107472   34.823004   10.932055   10.264459   11.205227   15.951810   15.864961   16.150094    484.490436    472.898072    515.448798
 4.112   33.781617   31.097878   34.813681   10.929546   10.262175   11.202713   15.950033   15.863150   16.148402    484.990188    473.383403    515.976647
 4.113   33.771956   31.088274   34.804341   10.927035   10.259891   11.200198   15.948253   15.861337   16.146708    485.491086    473.869917    516.505718
 4.114   33.762285   31.078659   34.794989   10.924521   10.257604   11.197678   15.946472   15.859523   16.145013    485.993148    474.357595    517.036026
 4.115   33.752604   31.069033   34.785624   10.922006   10.255315   11.195157   15.944690   15.857707   16.143317    486.496390    474.846451    517.567587
 4.116   33.742912   31.059396   34.776243   10.919490   10.253025   11.192633   15.942906   15.855889   16.141619    487.000831    475.336535    518.100418
 4.117   33.733209   31.049747   34.766841   10.916971   10.250733   11.190102   15.941121   15.854070   16.139920    487.506488    475.827923    518.634539
 4.118   33.723495   31.040087   34.757411   10.914449   10.248437   11.187566   15.939333   15.852249   16.138219    488.013380    476.320703    519.169972
 4.119   33.713770   31.030414   34.747946   10.911926   10.246141   11.185021   15.937545   15.850427   16.136516    488.521526    476.814961    519.706740
 4.120   33.704032   31.020729   34.738444   10.909401   10.243842   11.182467   15.935754   15.848602   16.134811    489.030947    477.310765    520.244868
 4.121   33.694283   31.011030   34.728901   10.906874   10.241540   11.179902   15.933961   15.846776   16.133105    489.541663    477.808151    520.784379
 4.122   33.684521   31.001318   34.719321   10.904343   10.239236   11.177329   15.932167   15.844947   16.131397    490.053697    478.307116    521.325295
 4.123   33.674746   30.991592   34.709708   10.901811   10.236930   11.174747   15.930370   15.843117   16.129687    490.567071    478.807611    521.867631
 4.124   33.664958   30.981853   34.700069   10.899276   10.234620   11.172160   15.928571   15.841284   16.127975    491.081807    479.309579    522.411407
 4.125   33.655156   30.972100   34.690408   10.896737   10.232309   11.169568   15.926771   15.839449   16.126261    491.597929    479.813000    522.956648
 4.126   33.645340   30.962333   34.680724   10.894197   10.229994   11.166969   15.924968   15.837613   16.124545    492.115457    480.317901    523.503388
 4.127   33.635510   30.952549   34.671012   10.891654   10.227677   11.164366   15.923163   15.835773   16.122826    492.634417    480.824352    524.051665
 4.128   33.625665   30.942747   34.661265   10.889107   10.225356   11.161753   15.921355   15.833932   16.121106    493.154830    481.332456    524.601516
 4.129   33.615806   30.932926   34.651475   10.886558   10.223030   11.159129   15.919545   15.832088   16.119383    493.676720    481.842334    525.152979
 4.130   33.605930   30.923084   34.641634   10.884005   10.220702   11.156493   15.917733   15.830241   16.117657    494.200111    482.354086    525.706089
 4.131   33.596039   30.913222   34.631740   10.881449   10.218368   11.153843   15.915918   15.828392   16.115930    494.725029    482.867764    526.260875
 4.132   33.586132   30.903339   34.621794   10.878890   10.216031   11.151180   15.914101   15.826541   16.114200    495.251499    483.383371    526.817357
 4.133   33.576208   30.893436   34.611803   10.876328   10.213689   11.148506   15.912281   15.824687   16.112467    495.779547    483.900866    527.375544
 4.134   33.566267   30.883515   34.601772   10.873761   10.211345   11.145824   15.910458   15.822829   16.110732    496.309198    484.420182    527.935447
 4.135   33.556309   30.873574   34.591711   10.871192   10.208996   11.143133   15.908632   15.820969   16.108994    496.840478    484.941254    528.497088
 4.136   33.546333   30.863614   34.581623   10.868619   10.206643   11.140436   15.906804   15.819107   16.107253    497.373411    485.464040    529.060505
 4.137   33.536339   30.853631   34.571512   10.866041   10.204286   11.137734   15.904973   15.817241   16.105509    497.908020    485.988532    529.625747
 4.138   33.526326   30.843624   34.561376   10.863460   10.201923   11.135026   15.903138   15.815372   16.103763    498.444330    486.514773    530.192868
 4.139   33.516295   30.833588   34.551208   10.860876   10.199556   11.132310   15.901301   15.813500   16.102014    498.982362    487.042847    530.761922
 4.140   33.506245   30.823523   34.541004   10.858286   10.197181   11.129586   15.899460   15.811625   16.100261    499.522142    487.572840    531.332955
 4.141   33.496175   30.813426   34.530760   10.855693   10.194800   11.126853   15.897617   15.809747   16.098506    500.063693    488.104799    531.905999
 4.142   33.486085   30.803300   34.520478   10.853095   10.192412   11.124110   15.895770   15.807865   16.096747    500.607039    488.638737    532.481073
 4.143   33.475975   30.793144   34.510160   10.850494   10.190018   11.121358   15.893920   15.805980   16.094986    501.152205    489.174646    533.058185
 4.144   33.465844   30.782961   34.499810   10.847887   10.187620   11.118599   15.892066   15.804092   16.093221    501.699218    489.712502    533.637332
 4.145   33.455693   30.772753   34.489432   10.845277   10.185215   11.115834   15.890209   15.802200   16.091453    502.248100    490.252281    534.218510
 4.146   33.445520   30.762521   34.479028   10.842661   10.182806   11.113062   15.888348   15.800305   16.089681    502.798879    490.793964    534.801720
 4.147   33.435326   30.752267   34.468602   10.840042   10.180392   11.110286   15.886484   15.798406   16.087907    503.351579    491.337552    535.386976
 4.148   33.425109   30.741990   34.458151   10.837418   10.177974   11.107504   15.884617   15.796504   16.086128    503.906225    491.883071    535.974307
 4.149   33.414871   30.731687   34.447675   10.834788   10.175551   11.104717   15.882745   15.794597   16.084346    504.462845    492.430573    536.563757
 4.150   33.404609   30.721359   34.437169   10.832154   10.173122   11.101922   15.880870   15.792687   16.082561    505.021466    492.980116    537.155373
 4.151   33.394325   30.711002   34.426632   10.829514   10.170688   11.099121   15.878991   15.790773   16.080772    505.582118    493.531739    537.749193
 4.152   33.384016   30.700618   34.416065   10.826870   10.168247   11.096312   15.877109   15.788855   16.078979    506.144830    494.085466    538.345249
 4.153   33.373684   30.690205   34.405468   10.824220   10.165801   11.093497   15.875222   15.786933   16.077182    506.709634    494.641308    538.943565
 4.154   33.363327   30.679765   34.394844   10.821564   10.163350   11.090675   15.873331   15.785007   16.075382    507.276559    495.199276    539.544165
 4.155   33.352945   30.669299   34.384192   10.818904   10.160892   11.087847   15.871436   15.783077   16.073577    507.845635    495.759384    540.147064
 4.156   33.342538   30.658806   34.373513   10.816237   10.158430   11.085013   15.869537   15.781143   16.071769    508.416891    496.321657    540.752279
 4.157   33.332106   30.648289   34.362805   10.813566   10.155963   11.082171   15.867634   15.779204   16.069956    508.990354    496.886132    541.359824
 4.158   33.321647   30.637746   34.352067   10.810888   10.153490   11.079323   15.865726   15.777261   16.068140    509.566051    497.452851    541.969723
 4.159   33.311162   30.627177   34.341296   10.808206   10.151012   11.076468   15.863814   15.775313   16.066319    510.144009    498.021864    542.582005
 4.160   33.300650   30.616583   34.330491   10.805516   10.148528   11.073605   15.861897   15.773361   16.064494    510.724256    498.593216    543.196704
 4.161   33.290111   30.605961   34.319650   10.802821   10.146041   11.070733   15.859976   15.771404   16.062664    511.306819    499.166943    543.813852
 4.162   33.279545   30.595312   34.308773   10.800120   10.143546   11.067853   15.858050   15.769443   16.060830    511.891728    499.743070    544.433480
 4.163   33.268951   30.584635   34.297862   10.797412   10.141046   11.064964   15.856120   15.767477   16.058992    512.479013    500.321620    545.055627
 4.164   33.258328   30.573930   34.286915   10.794698   10.138540   11.062068   15.854185   15.765506   16.057149    513.068705    500.902607    545.680326
 4.165   33.247677   30.563195   34.275937   10.791979   10.136028   11.059164   15.852245   15.763531   16.055302    513.660834    501.486030    546.307607
 4.166   33.236996   30.552432   34.264928   10.789252   10.133511   11.056253   15.850301   15.761550   16.053450    514.255431    502.071887    546.937495
 4.167   33.226286   30.541641   34.253892   10.786519   10.130988   11.053337   15.848351   15.759564   16.051593    514.852529    502.660176    547.570010
 4.168   33.215546   30.530822   34.242830   10.783779   10.128459   11.050413   15.846396   15.757574   16.049732    515.452160    503.250908    548.205176
 4.169   33.204776   30.519976   34.231741   10.781033   10.125925   11.047485   15.844437   15.755578   16.047865    516.054357    503.844114    548.843017
 4.170   33.193975   30.509103   34.220625   10.778280   10.123385   11.044551   15.842472   15.753577   16.045994    516.659158    504.439830    549.483565
 4.171   33.183142   30.498203   34.209481   10.775519   10.120839   11.041609   15.840502   15.751570   16.044117    517.266598    505.038095    550.126858
 4.172   33.172278   30.487274   34.198308   10.772752   10.118289   11.038662   15.838526   15.749559   16.042236    517.876718    505.638957    550.772941
 4.173   33.161380   30.476315   34.187104   10.769978   10.115732   11.035707   15.836545   15.747541   16.040349    518.489559    506.242479    551.421867
 4.174   33.150450   30.465325   34.175866   10.767196   10.113168   11.032745   15.834559   15.745518   16.038457    519.105162    506.848719    552.073692
 4.175   33.139487   30.454303   34.164594   10.764406   10.110598   11.029775   15.832567   15.743490   16.036560    519.723570    507.457709    552.728467
 4.176   33.128489   30.443248   34.153291   10.761608   10.108021   11.026798   15.830569   15.741455   16.034657    520.344823    508.069457    553.386241
 4.177   33.117456   30.432159   34.141961   10.758803   10.105437   11.023815   15.828565   15.739415   16.032748    520.968964    508.683954    554.047055
 4.178   33.106388   30.421037   34.130606   10.755990   10.102846   11.020827   15.826555   15.737368   16.030834    521.596033    509.301190    554.710945
 4.179   33.095284   30.409882   34.119230   10.753169   10.100248   11.017834   15.824539   15.735316   16.028914    522.226074    509.921161    555.377944
 4.180   33.084144   30.398693   34.107835   10.750341   10.097644   11.014837   15.822518   15.733257   16.026988    522.859128    510.543879    556.048088
 4.181   33.072966   30.387472   34.096421   10.747503   10.095032   11.011836   15.820490   15.731192   16.025056    523.495240    511.169379    556.721419
 4.182   33.061751   30.376216   34.084986   10.744657   10.092414   11.008832   15.818455   15.729120   16.023118    524.134454    511.797719    557.397986
 4.183   33.050498   30.364926   34.073526   10.741802   10.089789   11.005821   15.816414   15.727042   16.021174    524.776818    512.428996    558.077842
 4.184   33.039206   30.353599   34.062034   10.738939   10.087156   11.002805   15.814367   15.724957   16.019224    525.422375    513.063306    558.761042
 4.185   33.027875   30.342235   34.050509   10.736066   10.084515   10.999780   15.812313   15.722866   16.017267    526.071172    513.700722    559.447649
 4.186   33.016504   30.330831   34.038950   10.733185   10.081866   10.996748   15.810252   15.720767   16.015304    526.723251    514.341285    560.137723
 4.187   33.005092   30.319386   34.027360   10.730294   10.079209   10.993708   15.808184   15.718662   16.013334    527.378656    514.985003    560.831324
 4.188   32.993640   30.307899   34.015741   10.727394   10.076543   10.990661   15.806110   15.716550   16.011358    528.037431    515.631863    561.528506
 4.189   32.982146   30.296369   34.004099   10.724485   10.073866   10.987611   15.804028   15.714430   16.009375    528.699619    516.281842    562.229317
 4.190   32.970610   30.284795   33.992438   10.721567   10.071182   10.984557   15.801939   15.712304   16.007385    529.365264    516.934930    562.933801
 4.191   32.959031   30.273178   33.980758   10.718638   10.068488   10.981498   15.799844   15.710170   16.005389    530.034412    517.591152    563.642005
 4.192   32.947409   30.261517   33.969059   10.715700   10.065786   10.978437   15.797740   15.708028   16.003385    530.707113    518.250570    564.353982
 4.193   32.935743   30.249811   33.957335   10.712753   10.063074   10.975369   15.795630   15.705879   16.001374    531.383415    518.913274    565.069781
 4.194   32.924033   30.238060   33.945581   10.709794   10.060351   10.972295   15.793512   15.703723   15.999356    532.063368    519.579371    565.789452
 4.195   32.912278   30.226263   33.933791   10.706826   10.057620   10.969214   15.791386   15.701558   15.997331    532.747022    520.248978    566.513045
 4.196   32.900477   30.214420   33.921961   10.703847   10.054879   10.966122   15.789252   15.699386   15.995299    533.434426    520.922200    567.240606
 4.197   32.888630   30.202532   33.910086   10.700858   10.052129   10.963020   15.787111   15.697206   15.993258    534.125629    521.599121    567.972182
 4.198   32.876736   30.190597   33.898165   10.697858   10.049368   10.959909   15.784962   15.695018   15.991211    534.820680    522.279790    568.707823
 4.199   32.864794   30.178615   33.886201   10.694848   10.046598   10.956786   15.782805   15.692821   15.989155    535.519628    522.964225    569.447582
 4.200   32.852805   30.166586   33.874197   10.691827   10.043819   10.953654   15.780639   15.690617   15.987092    536.222525    523.652438    570.191513
 4.201   32.840767   30.154508   33.862151   10.688794   10.041028   10.950513   15.778466   15.688404   15.985021    536.929424    524.344467    570.939672
 4.202   32.828680   30.142382   33.850065   10.685750   10.038228   10.947363   15.776284   15.686182   15.982942    537.640378    525.040367    571.692118
 4.203   32.816543   30.130205   33.837936   10.682695   10.035416   10.944202   15.774093   15.683952   15.980855    538.355444    525.740198    572.448917
 4.204   32.804355   30.117977   33.825762   10.679629   10.032595   10.941032   15.771894   15.681714   15.978760    539.074677    526.444034    573.210129
 4.205   32.792116   30.105698   33.813541   10.676550   10.029762   10.937851   15.769686   15.679466   15.976656    539.798133    527.151957    573.975809
 4.206   32.779825   30.093368   33.801269   10.673461   10.026920   10.934657   15.767470   15.677210   15.974544    540.525868    527.864059    574.746006
 4.207   32.767481   30.080987   33.788941   10.670358   10.024065   10.931451   15.765245   15.674944   15.972424    541.257935    528.580431    575.520763
 4.208   32.755085   30.068556   33.776557   10.667245   10.021202   10.928231   15.763010   15.672669   15.970295    541.994389    529.301147    576.300126
 4.209   32.742634   30.056075   33.764114   10.664119   10.018327   10.924997   15.760767   15.670385   15.968157    542.735287    530.026271    577.084141
 4.210   32.730130   30.043543   33.751613   10.660981   10.015442   10.921748   15.758514   15.668092   15.966011    543.480684    530.755855    577.872862
 4.211   32.717570   30.030961   33.739052   10.657829   10.012546   10.918487   15.756252   15.665789   15.963855    544.230639    531.489954    578.666348
 4.212   32.704955   30.018327   33.726431   10.654665   10.009639   10.915211   15.753981   15.663477   15.961690    544.985213    532.228628    579.464667
 4.213   32.692283   30.005639   33.713751   10.651490   10.006722   10.911921   15.751700   15.661155   15.959517    545.744468    532.971927    580.267894
 4.214   32.679554   29.992897   33.701010   10.648300   10.003793   10.908618   15.749409   15.658823   15.957334    546.508464    533.719900    581.076106
 4.215   32.666767   29.980099   33.688211   10.645097   10.000852   10.905300   15.747109   15.656481   15.955142    547.277258    534.472590    581.889372
 4.216   32.653922   29.967243   33.675352   10.641881    9.997900   10.901967   15.744798   15.654129   15.952940    548.050908    535.230043    582.707759
 4.217   32.641019   29.954330   33.662435   10.638652    9.994935   10.898622   15.742478   15.651767   15.950729    548.829466    535.992303    583.531321
 4.218   32.628056   29.941360   33.649457   10.635411    9.991958   10.895263   15.740148   15.649395   15.948508    549.612983    536.759422    584.360106
 4.219   32.615033   29.928332   33.636420   10.632154    9.988969   10.891889   15.737807   15.647012   15.946277    550.401511    537.531455    585.194159
 4.220   32.601950   29.915246   33.623321   10.628885    9.985969   10.888501   15.735457   15.644620   15.944037    551.195099    538.308458    586.033521
 4.221   32.588806   29.902104   33.610159   10.625601    9.982956   10.885098   15.733096   15.642216   15.941787    551.993800    539.090485    586.878244
 4.222   32.575601   29.888904   33.596935   10.622304    9.979932   10.881681   15.730725   15.639803   15.939527    552.797667    539.877589    587.728388
 4.223   32.562334   29.875645   33.583648   10.618993    9.976895   10.878249   15.728343   15.637378   15.937257    553.606754    540.669822    588.584012
 4.224   32.549005   29.862325   33.570298   10.615667    9.973845   10.874802   15.725951   15.634943   15.934977    554.421114    541.467231    589.445183
 4.225   32.535614   29.848945   33.556884   10.612328    9.970783   10.871340   15.723548   15.632497   15.932687    555.240797    542.269860    590.311966
 4.226   32.522159   29.835502   33.543407   10.608974    9.967708   10.867864   15.721135   15.630041   15.930387    556.065852    543.077751    591.184424
 4.227   32.508641   29.821995   33.529867   10.605607    9.964619   10.864372   15.718711   15.627573   15.928077    556.896327    543.890944    592.062620
 4.228   32.495059   29.808424   33.516264   10.602223    9.961517   10.860866   15.716276   15.625095   15.925756    557.732269    544.709479    592.946609
 4.229   32.481414   29.794788   33.502597   10.598827    9.958402   10.857347   15.713831   15.622605   15.923425    558.573726    545.533404    593.836440
 4.230   32.467703   29.781086   33.488867   10.595416    9.955273   10.853811   15.711374   15.620105   15.921083    559.420748    546.362768    594.732165
 4.231   32.453928   29.767320   33.475072   10.591990    9.952131   10.850261   15.708907   15.617593   15.918731    560.273392    547.197626    595.633838
 4.232   32.440087   29.753487   33.461213   10.588549    9.948974   10.846696   15.706428   15.615071   15.916369    561.131715    548.038035    596.541524
 4.233   32.426180   29.739588   33.447288   10.585094    9.945804   10.843116   15.703939   15.612537   15.913995    561.995776    548.884054    597.455281
 4.234   32.412206   29.725623   33.433297   10.581623    9.942620   10.839521   15.701438   15.609991   15.911612    562.865631    549.735740    598.375167
 4.235   32.398166   29.711590   33.419240   10.578137    9.939422   10.835910   15.698926   15.607434   15.909217    563.741328    550.593143    599.301234
 4.236   32.384059   29.697491   33.405115   10.574638    9.936211   10.832283   15.696403   15.604866   15.906812    564.622910    551.456307    600.233530
 4.237   32.369884   29.683323   33.390923   10.571122    9.932984   10.828641   15.693869   15.602286   15.904395    565.510416    552.325271    601.172097
 4.238   32.355642   29.669088   33.376664   10.567592    9.929745   10.824984   15.691323   15.599695   15.901968    566.403879    553.200069    602.116977
 4.239   32.341333   29.654784   33.362337   10.564046    9.926491   10.821311   15.688766   15.597093   15.899531    567.303335    554.080734    603.068209
 4.240   32.326956   29.640411   33.347943   10.560486    9.923222   10.817623   15.686197   15.594478   15.897082    568.208820    554.967300    604.025834
 4.241   32.312512   29.625969   33.333482   10.556909    9.919940   10.813919   15.683618   15.591853   15.894623    569.120377    555.859808    604.989898
 4.242   32.297999   29.611458   33.318952   10.553319    9.916643   10.810198   15.681027   15.589216   15.892152    570.038055    556.758307    605.960453
 4.243   32.283418   29.596878   33.304354   10.549713    9.913332   10.806463   15.678424   15.586567   15.889671    570.961906    557.662849    606.937556
 4.244   32.268769   29.582227   33.289688   10.546092    9.910006   10.802713   15.675810   15.583906   15.887179    571.891980    558.573482    607.921255
 4.245   32.254050   29.567507   33.274953   10.542455    9.906667   10.798946   15.673185   15.581234   15.884676    572.828324    559.490253    608.911596
 4.246   32.239262   29.552718   33.260148   10.538804    9.903312   10.795163   15.670548   15.578550   15.882161    573.770983    560.413207    609.908615
 4.247   32.224405   29.537860   33.245274   10.535136    9.899945   10.791365   15.667899   15.575855   15.879636    574.720003    561.342387    610.912349
 4.248   32.209479   29.522935   33.230331   10.531454    9.896563   10.787552   15.665239   15.573147   15.877099    575.675432    562.277841    611.922841
 4.249   32.194482   29.507941   33.215318   10.527756    9.893168   10.783721   15.662567   15.570428   15.874552    576.637327    563.219623    612.940145
 4.250   32.179415   29.492879   33.200234   10.524042    9.889758   10.779875   15.659884   15.567697   15.871993    577.605757    564.167800    613.964331
 4.251   32.164276   29.477747   33.185080   10.520313    9.886334   10.776013   15.657188   15.564953   15.869423    578.580808    565.122455    614.995490
 4.252   32.149065   29.462545   33.169853   10.516567    9.882895   10.772135   15.654481   15.562198   15.866841    579.562587    566.083695    616.033739
 4.253   32.133780   29.447270   33.154552   10.512806    9.879443   10.768239   15.651761   15.559430   15.864247    580.551228    567.051652    617.079229
 4.254   32.118419   29.431920   33.139175   10.509027    9.875974   10.764327   15.649028   15.556649   15.861642    581.546893    568.026485    618.132139
 4.255   32.102980   29.416492   33.123720   10.505232    9.872490   10.760396   15.646283   15.553855   15.859023    582.549777    569.008384    619.192675
 4.256   32.087459   29.400983   33.108183   10.501418    9.868989   10.756446   15.643524   15.551047   15.856392    583.560105    569.997567    620.261070
 4.257   32.071854   29.385392   33.092563   10.497585    9.865471   10.752479   15.640750   15.548225   15.853747    584.578138    570.994286    621.337583
 4.258   32.056160   29.369716   33.076855   10.493733    9.861935   10.748490   15.637962   15.545387   15.851088    585.604169    571.998825    622.422510
 4.259   32.040373   29.353951   33.061055   10.489860    9.858382   10.744480   15.635159   15.542534   15.848414    586.638526    573.011501    623.516181
 4.260   32.024489   29.338094   33.045159   10.485964    9.854809   10.740447   15.632338   15.539664   15.845725    587.681569    574.032665    624.618967
 4.261   32.008501   29.322139   33.029160   10.482046    9.851216   10.736391   15.629501   15.536776   15.843019    588.733692    575.062702    625.731279
 4.262   31.992406   29.306081   33.013055   10.478103    9.847601   10.732311   15.626645   15.533870   15.840295    589.795317    576.102027    626.853569
 4.263   31.976195   29.289912   32.996836   10.474134    9.843964   10.728203   15.623770   15.530944   15.837553    590.866898    577.151084    627.986329
 4.264   31.959864   29.273625   32.980497   10.470138    9.840302   10.724068   15.620874   15.527997   15.834791    591.948913    578.210346    629.130083
 4.265   31.943406   29.257212   32.964030   10.466113    9.836612   10.719903   15.617957   15.525029   15.832008    593.041864    579.280309    630.285375
 4.266   31.926813   29.240666   32.947430   10.462056    9.832895   10.715706   15.615017   15.522037   15.829204    594.146274    580.361487    631.452767
 4.267   31.910079   29.223980   32.930688   10.457968    9.829149   10.711476   15.612053   15.519021   15.826377    595.262682    581.454411    632.632830
 4.268   31.893196   29.207148   32.913797   10.453846    9.825371   10.707209   15.609063   15.515979   15.823525    596.391637    582.559621    633.826138
 4.269   31.876158   29.190162   32.896751   10.449688    9.821561   10.702907   15.606047   15.512910   15.820648    597.533698    583.677663    635.033270
 4.270   31.858956   29.173016   32.879541   10.445493    9.817717   10.698566   15.603004   15.509812   15.817745    598.689430    584.809090    636.254809
 4.271   31.841575   29.155694   32.862152   10.441255    9.813835   10.694181   15.599929   15.506684   15.814812    599.860113    585.955149    637.492101
 4.272   31.823943   29.138126   32.844512   10.436959    9.809901   10.689737   15.596812   15.503511   15.811838    601.050512    587.120514    638.750193
 4.273   31.806050   29.120298   32.826609   10.432603    9.805911   10.685229   15.593649   15.500293   15.808821    602.261604    588.306152    640.030129
 4.274   31.787892   29.102209   32.808440   10.428185    9.801864   10.680656   15.590441   15.497029   15.805760    603.493663    589.512335    641.332211
 4.275   31.769477   29.083862   32.790014   10.423706    9.797762   10.676022   15.587188   15.493719   15.802657    604.746410    590.738780    642.656153
 4.276   31.750815   29.065269   32.771340   10.419169    9.793606   10.671329   15.583893   15.490366   15.799513    606.019305    591.984933    644.001388
 4.277   31.731915   29.046440   32.752433   10.414578    9.789401   10.666579   15.580557   15.486972   15.796331    607.311752    593.250179    645.367285
 4.278   31.712788   29.027385   32.733305   10.409935    9.785148   10.661777   15.577183   15.483538   15.793111    608.623208    594.533955    646.753262
 4.279   31.693443   29.008114   32.713965   10.405242    9.780849   10.656925   15.573771   15.480067   15.789856    609.953219    595.835794    648.158829
 4.280   31.673887   28.988635   32.694422   10.400501    9.776506   10.652026   15.570323   15.476559   15.786567    611.301433    597.155337    649.583602
 4.281   31.654124   28.968953   32.674682   10.395713    9.772120   10.647080   15.566841   15.473016   15.783244    612.667588    598.492322    651.027302
 4.282   31.634161   28.949072   32.654749   10.390878    9.767693   10.642089   15.563325   15.469438   15.779889    614.051502    599.846576    652.489734
 4.283   31.614000   28.928997   32.634625   10.386000    9.763225   10.637054   15.559775   15.465826   15.776502    615.453055    601.218001    653.970780
 4.284   31.593645   28.908729   32.614311   10.381077    9.758717   10.631974   15.556192   15.462181   15.773083    616.872184    602.606560    655.470380
 4.285   31.573097   28.888270   32.593808   10.376111    9.754168   10.626851   15.552577   15.458503   15.769633    618.308868    604.012256    656.988523
 4.286   31.552358   28.867620   32.573116   10.371102    9.749581   10.621683   15.548930   15.454792   15.766153    619.763122    605.435124    658.525239
 4.287   31.531429   28.846780   32.552234   10.366051    9.744955   10.616473   15.545251   15.451049   15.762642    621.234992    606.875215    660.080582
 4.288   31.510311   28.825751   32.531166   10.360958    9.740289   10.611219   15.541540   15.447274   15.759101    622.724547    608.332594    661.654633
 4.289   31.489005   28.804533   32.509912   10.355823    9.735584   10.605922   15.537798   15.443467   15.755530    624.231879    609.807332    663.247483
 4.290   31.467511   28.783127   32.488475   10.350646    9.730841   10.600584   15.534025   15.439627   15.751929    625.757095    611.299517    664.859245
 4.291   31.445830   28.761534   32.466854   10.345428    9.726059   10.595204   15.530220   15.435757   15.748297    627.300320    612.809264    666.490046
 4.292   31.423961   28.739754   32.445050   10.340167    9.721238   10.589782   15.526384   15.431854   15.744636    628.861691    614.336703    668.140033
 4.293   31.401904   28.717785   32.423063   10.334867    9.716380   10.584319   15.522517   15.427920   15.740945    630.441355    615.881976    669.809362
 4.294   31.379660   28.695629   32.400893   10.329524    9.711483   10.578815   15.518619   15.423954   15.737224    632.039471    617.445242    671.498201
 4.295   31.357227   28.673285   32.378537   10.324140    9.706548   10.573268   15.514689   15.419956   15.733473    633.656205    619.026692    673.206726
 4.296   31.334607   28.650752   32.355992   10.318715    9.701574   10.567678   15.510728   15.415926   15.729693    635.291730    620.626543    674.935118
 4.297   31.311797   28.628031   32.333254   10.313248    9.696563   10.562045   15.506736   15.411865   15.725882    636.946226    622.245022    676.683569
 4.298   31.288798   28.605120   32.310320   10.307741    9.691513   10.556367   15.502713   15.407772   15.722042    638.619879    623.882351    678.452273
 4.299   31.265609   28.582020   32.287187   10.302191    9.686425   10.550645   15.498658   15.403647   15.718171    640.312878    625.538744    680.241431
 4.300   31.242230   28.558730   32.263854   10.296601    9.681297   10.544877   15.494572   15.399490   15.714270    642.025421    627.214403    682.051248
 4.301   31.218660   28.535249   32.240320   10.290969    9.676133   10.539064   15.490454   15.395302   15.710339    643.757705    628.909527    683.881936
 4.302   31.194899   28.511577   32.216587   10.285296    9.670928   10.533207   15.486306   15.391081   15.706378    645.509934    630.624305    685.733710
 4.303   31.170946   28.487713   32.192654   10.279581    9.665687   10.527305   15.482125   15.386828   15.702387    647.282315    632.358910    687.606794
 4.304   31.146801   28.463657   32.168525   10.273825    9.660406   10.521359   15.477913   15.382544   15.698366    649.075057    634.113514    689.501409
 4.305   31.122463   28.439408   32.144199   10.268027    9.655087   10.515370   15.473670   15.378227   15.694314    650.888371    635.888303    691.417780
 4.306   31.097931   28.414965   32.119677   10.262189    9.649730   10.509337   15.469394   15.373878   15.690232    652.722472    637.683483    693.356123
 4.307   31.073206   28.390330   32.094957   10.256308    9.644334   10.503261   15.465087   15.369497   15.686120    654.577576    639.499279    695.316658
 4.308   31.048286   28.365502   32.070038   10.250385    9.638900   10.497140   15.460749   15.365084   15.681977    656.453902    641.335935    697.299605
 4.309   31.023172   28.340481   32.044915   10.244421    9.633427   10.490974   15.456378   15.360638   15.677804    658.351667    643.193704    699.305189
 4.310   30.997862   28.315268   32.019586   10.238416    9.627917   10.484762   15.451976   15.356160   15.673600    660.271095    645.072835    701.333637
 4.311   30.972357   28.289861   31.994051   10.232369    9.622369   10.478506   15.447542   15.351650   15.669366    662.212407    646.973559    703.385184
 4.312   30.946656   28.264261   31.968309   10.226281    9.616781   10.472204   15.443077   15.347108   15.665102    664.175829    648.896089    705.460066
 4.313   30.920758   28.238467   31.942361   10.220151    9.611157   10.465857   15.438579   15.342533   15.660806    666.161585    650.840631    707.558522
 4.314   30.894663   28.212479   31.916208   10.213980    9.605495   10.459466   15.434050   15.337926   15.656481    668.169905    652.807374    709.680799
 4.315   30.868372   28.186295   31.889855   10.207767    9.599793   10.453031   15.429488   15.333287   15.652124    670.201015    654.796501    711.827152
 4.316   30.841883   28.159913   31.863302   10.201513    9.594054   10.446552   15.424895   15.328615   15.647737    672.255147    656.808193    713.997848
 4.317   30.815197   28.133332   31.836552   10.195217    9.588276   10.440032   15.420270   15.323911   15.643320    674.332532    658.842645    716.193155
 4.318   30.788312   28.106550   31.809606   10.188880    9.582458   10.433468   15.415613   15.319175   15.638872    676.433404    660.900069    718.413337
 4.319   30.761230   28.079568   31.782463   10.182502    9.576602   10.426863   15.410925   15.314406   15.634393    678.557998    662.980703    720.658651
 4.320   30.733949   28.052383   31.755122   10.176083    9.570706   10.420217   15.406204   15.309605   15.629884    680.706548    665.084794    722.929350
 4.321   30.706470   28.024997   31.727582   10.169622    9.564772   10.413527   15.401452   15.304772   15.625345    682.879293    667.212579    725.225686
 4.322   30.678792   27.997410   31.699843   10.163121    9.558798   10.406795   15.396668   15.299906   15.620775    685.076473    669.364289    727.547906
 4.323   30.650916   27.969621   31.671906   10.156579    9.552786   10.400021   15.391852   15.295009   15.616174    687.298326    671.540148    729.896249
 4.324   30.622841   27.941633   31.643772   10.149996    9.546736   10.393205   15.387005   15.290079   15.611543    689.545096    673.740388    732.270957
 4.325   30.594567   27.913445   31.615439   10.143371    9.540646   10.386347   15.382126   15.285117   15.606882    691.817027    675.965257    734.672285
 4.326   30.566094   27.885056   31.586906   10.136707    9.534520   10.379448   15.377215   15.280123   15.602190    694.114365    678.215021    737.100501
 4.327   30.537423   27.856466   31.558171   10.130002    9.528355   10.372506   15.372273   15.275097   15.597468    696.437357    680.489954    739.555890
 4.328   30.508552   27.827673   31.529231   10.123256    9.522151   10.365521   15.367299   15.270039   15.592716    698.786255    682.790334    742.038743
 4.329   30.479482   27.798675   31.500087   10.116470    9.515908   10.358494   15.362294   15.264949   15.587933    701.161313    685.116434    744.549353
 4.330   30.450214   27.769472   31.470735   10.109645    9.509626   10.351422   15.357257   15.259828   15.583121    703.562789    687.468522    747.088012
 4.331   30.418977   27.738299   31.439414   10.102366    9.502926   10.343884   15.351885   15.254365   15.577987    706.137109    689.989840    749.809483
 4.332   30.393432   27.712817   31.413783   10.096419    9.497455   10.337721   15.347494   15.249900   15.573791    708.251057    692.060541    752.044082
 4.333   30.366036   27.685478   31.386293   10.090047    9.491589   10.331117   15.342788   15.245114   15.569294    710.526946    694.289896    754.450050
 4.334   30.336714   27.656209   31.356871   10.083233    9.485313   10.324055   15.337753   15.239995   15.564482    712.972899    696.685836    757.035951
 4.335   30.305400   27.624944   31.325453   10.075962    9.478616   10.316521   15.332379   15.234531   15.559347    715.596671    699.255919    759.809965
 4.336   30.272044   27.591635   31.291992   10.068225    9.471488   10.308505   15.326659   15.228714   15.553879    718.404728    702.006429    762.778913
 4.337   30.236635   27.556272   31.256479   10.060022    9.463927   10.300008   15.320590   15.222544   15.548079    721.400697    704.940874    765.946624
 4.338   30.199228   27.518908   31.218972   10.051364    9.455947   10.291044   15.314184   15.216030   15.541956    724.582624    708.057312    769.311038
 4.339   30.160000   27.479720   31.179647   10.042296    9.447587   10.281657   15.307471   15.209204   15.535539    727.938269    711.343756    772.859231
 4.340   30.119214   27.438970   31.138768   10.032881    9.438903   10.271911   15.300496   15.202113   15.528872    731.447762    714.780756    776.570207
 4.341   30.074477   27.394264   31.093940   10.022566    9.429388   10.261238   15.292852   15.194341   15.521565    735.321501    718.574287    780.666500
 4.342   30.026820   27.346633   31.046195   10.011593    9.419264   10.249889   15.284716   15.186070   15.513788    739.476248    722.642872    785.060078
 4.343   29.977290   27.297126   30.996579   10.000207    9.408756   10.238112   15.276269   15.177481   15.505712    743.825251    726.901612    789.659179
 4.344   29.926810   27.246665   30.946012    9.988621    9.398061   10.226128   15.267667   15.168737   15.497488    748.290650    731.274308    794.381446
 4.345   29.875525   27.195398   30.894641    9.976867    9.387211   10.213974   15.258937   15.159862   15.489141    752.861463    735.750204    799.215245
 4.346   29.822710   27.142600   30.841743    9.964783    9.376053   10.201480   15.249955   15.150731   15.480553    757.605053    740.395216    804.231808
 4.347   29.767005   27.086910   30.785958    9.952059    9.364302   10.188325   15.240492   15.141111   15.471503    762.648737    745.333931    809.565780
 4.348   29.706745   27.026666   30.725626    9.938318    9.351611   10.174126   15.230266   15.130716   15.461724    768.152041    750.722463    815.385885
 4.349   29.640317   26.960252   30.659136    9.923201    9.337645   10.158507   15.219007   15.119271   15.450956    774.276171    756.718578    821.862637
 4.350   29.566563   26.886510   30.585332    9.906452    9.322169   10.141209   15.206522   15.106582   15.439016    781.147158    763.445617    829.129354
 4.351   29.485117   26.805073   30.503847    9.888001    9.305116   10.122157   15.192756   15.092589   15.425848    788.823481    770.960816    837.247903
 4.352   29.396763   26.716727   30.415466    9.868037    9.286660   10.101548   15.177846   15.077435   15.411585    797.257512    779.217561    846.167930
 4.353   29.303844   26.623814   30.322529    9.847098    9.267299   10.079938   15.162192   15.061525   15.396609    806.249084    788.019942    855.677742
 4.354   29.208472   26.528447   30.227144    9.825668    9.247479   10.057824   15.146153   15.045225   15.381263    815.609993    797.183767    865.578291
 4.355   29.111117   26.431096   30.129781    9.803856    9.227301   10.035318   15.129810   15.028616   15.365625    825.305956    806.675507    875.833318
 4.356   29.010358   26.330340   30.029017    9.781349    9.206475   10.012099   15.112926   15.011458   15.349467    835.492875    816.647784    886.607718
 4.357   28.903363   26.223349   29.922021    9.757524    9.184424    9.987522   15.095032   14.993275   15.332341    846.482824    827.406071    898.231577
 4.358   28.786571   26.106560   29.805235    9.731603    9.160427    9.960789   15.075539   14.973468   15.313683    858.685940    839.351807    911.138724
 4.359   28.656457   25.976451   29.675137    9.702834    9.133785    9.931121   15.053872   14.951453   15.292941    872.540941    852.914392    925.793248
 4.360   28.510457   25.830455   29.529165    9.670683    9.104002    9.897974   15.029620   14.926813   15.269721    888.421799    868.459840    942.590793
 4.361   28.347753   25.667756   29.366502    9.635017    9.070952    9.861211   15.002670   14.899433   15.243914    906.547523    886.202495    961.763128
 4.362   28.168891   25.488898   29.187694    9.596007    9.034786    9.821007   14.973134   14.869429   15.215625    927.010109    906.232387    983.407701
 4.363   27.975664   25.295676   28.994530    9.554093    8.995912    9.777820   14.941332   14.837125   15.185161    949.769477    928.510273   1007.482275
 4.364   27.771271   25.091289   28.790208    9.510013    8.955011    9.732409   14.907811   14.803077   15.153044    974.609935    952.825021   1033.758870
 4.365   27.560051   24.880076   28.579064    9.464735    8.912976    9.685773   14.873296   14.768024   15.119968   1001.140331    978.793741   1061.823902
 4.366   27.346648   24.666678   28.365739    9.419267    8.870744    9.638951   14.838555   14.732743   15.086668   1028.869576   1005.935709   1091.158041
 4.367   27.134797   24.454831   28.153969    9.374405    8.829052    9.592762   14.804193   14.697851   15.053725   1057.354935   1033.817522   1121.293066
 4.368   26.926253   24.246287   27.945508    9.330506    8.788235    9.547572   14.770490   14.663630   15.021408   1086.367310   1062.214877   1151.986722
 4.369   26.720596   24.040629   27.739940    9.287466    8.748197    9.503279   14.737370   14.630005   14.989644   1115.961393   1091.181236   1183.296970
 4.370   26.516474   23.836500   27.535913    9.244995    8.708664    9.459578   14.704612   14.596750   14.958220   1146.340870   1120.915895   1215.439414
 4.371   26.313402   23.633418   27.332943    9.202979    8.669538    9.416357   14.672134   14.563781   14.927059   1177.600215   1151.511272   1248.514132
 4.372   26.111026   23.431027   27.130676    9.161343    8.630744    9.373534   14.639876   14.531038   14.896104   1209.823566   1183.049691   1282.610273
 4.373   25.908327   23.228310   26.928091    9.119873    8.592085    9.330891   14.607675   14.498355   14.865198   1243.215097   1215.731000   1317.944017
 4.374   25.704723   23.024685   26.724605    9.078448    8.553448    9.288303   14.575438   14.465639   14.834251   1277.928626   1249.705758   1354.678285
 4.375   25.500855   22.820794   26.520856    9.037199    8.514955    9.245904   14.543266   14.432991   14.803362   1313.915411   1284.926217   1392.761655
 4.376   25.298557   22.618473   26.318680    8.996490    8.476947    9.204069   14.511446   14.400702   14.772805   1350.892326   1321.115189   1431.894645
 4.377   25.100314   22.420207   26.120563    8.956811    8.439883    9.163300   14.480364   14.369165   14.742951   1388.405242   1357.828087   1471.596738
 4.378   24.908625   22.228497   25.929007    8.918644    8.404212    9.124094   14.450402   14.338766   14.714169   1425.931292   1394.553042   1511.314586
 4.379   24.725507   22.045359   25.746032    8.882363    8.370287    9.086835   14.421865   14.309815   14.686751   1462.977811   1430.807760   1550.526723
 4.380   24.552206   21.872039   25.572884    8.848187    8.338317    9.051746   14.394932   14.282493   14.660871   1499.160007   1466.215560   1588.825777
 4.381   24.389106   21.708920   25.409949    8.816164    8.308348    9.018878   14.369651   14.256848   14.636574   1534.246408   1500.549883   1625.966597
 4.382   24.235807   21.555605   25.256827    8.786188    8.280283    8.988120   14.345947   14.232805   14.613790   1568.171187   1533.746342   1661.879339
 4.383   24.091027   21.410809   25.112233    8.757988    8.253870    8.959191   14.323611   14.210150   14.592319   1601.082157   1565.949697   1696.720323
 4.384   23.952732   21.272498   24.974129    8.731149    8.228722    8.931665   14.302322   14.188557   14.571851   1633.335082   1597.508237   1730.866057
 4.385   23.818462   21.138214   24.840055    8.705180    8.204381    8.905037   14.281695   14.167638   14.552018   1665.435815   1628.917114   1764.852033
 4.386   23.685823   21.005560   24.707615    8.679615    8.180411    8.878827   14.261359   14.147014   14.532463   1697.930476   1660.710827   1799.256472
 4.387   23.553101   20.872822   24.575094    8.654119    8.156495    8.852692   14.241051   14.126420   14.512932   1731.249185   1693.310290   1834.534874
 4.388   23.419766   20.739471   24.441966    8.628592    8.132543    8.826527   14.220689   14.105772   14.493348   1765.555166   1726.875145   1870.860203
 4.389   23.286490   20.606175   24.308902    8.603160    8.108671    8.800466   14.200376   14.085175   14.473808   1800.706868   1761.266734   1908.082718
 4.390   23.154340   20.474003   24.176971    8.578027    8.085069    8.774716   14.180275   14.064792   14.454470   1836.437000   1796.223355   1945.919493
 4.391   23.023685   20.343325   24.046546    8.553258    8.061802    8.749345   14.160438   14.044679   14.435385   1872.645893   1831.647402   1984.265062
 4.392   22.894592   20.214207   23.917690    8.528865    8.038878    8.724363   14.140876   14.024845   14.416562   1909.310731   1867.516530   2023.095324
 4.393   22.767223   20.086811   23.790565    8.504873    8.016323    8.699796   14.121611   14.005313   14.398023   1946.377522   1903.777942   2062.353142
 4.394   22.641429   19.960989   23.665019    8.481251    7.994107    8.675614   14.102618   13.986058   14.379745   1983.881533   1940.466203   2102.075904
 4.395   22.516495   19.836025   23.540335    8.457861    7.972103    8.651671   14.083789   13.966970   14.361622   2022.036325   1977.790313   2142.489855
 4.396   22.391243   19.710745   23.415338    8.434483    7.950101    8.627745   14.064946   13.947868   14.343484   2061.222189   2016.122357   2183.997893
 4.397   22.264367   19.583839   23.288719    8.410873    7.927874    8.603585   14.045892   13.928553   14.325141   2101.898723   2055.911944   2227.087018
 4.398   22.134777   19.454217   23.159390    8.386832    7.905232    8.578986   14.026465   13.908861   14.306438   2144.497501   2097.581182   2272.214652
 4.399   22.001796   19.321206   23.026679    8.362239    7.882062    8.553826   14.006567   13.888691   14.287279   2189.350249   2141.454420   2319.732551
 4.400   21.865133   19.184509   22.890294    8.337045    7.858316    8.528054   13.986155   13.868003   14.267624   2236.686984   2187.756470   2369.884803
 4.401   21.724703   19.044045   22.750152    8.311242    7.833986    8.501663   13.965221   13.846785   14.247463   2286.683454   2236.659073   2422.858055
 4.402   21.580944   18.900251   22.606691    8.284915    7.809150    8.474740   13.943832   13.825108   14.226863   2339.336931   2288.159404   2478.649901
 4.403   21.435152   18.754422   22.461203    8.258305    7.784038    8.447532   13.922183   13.803168   14.206010   2394.309885   2341.927146   2536.903164
 4.404   21.288425   18.607657   22.314785    8.231613    7.758837    8.420246   13.900439   13.781131   14.185063   2451.294985   2397.661578   2597.292592
 4.405   21.140840   18.460034   22.167513    8.204857    7.733565    8.392898   13.878610   13.759011   14.164032   2510.353993   2455.423045   2659.884011
 4.406   20.991353   18.310509   22.018341    8.177847    7.708040    8.365295   13.856543   13.736650   14.142771   2572.021041   2515.733930   2725.243933
 4.407   20.838128   18.157245   21.865435    8.150257    7.681955    8.337102   13.833970   13.713777   14.121018   2637.232973   2579.510439   2794.365896
 4.408   20.678991   17.998070   21.706624    8.121702    7.654946    8.307926   13.810573   13.690070   14.098470   2707.192036   2647.928233   2868.525106
 4.409   20.511887   17.830929   21.539855    8.091826    7.626673    8.277406   13.786057   13.665231   14.074841   2783.201245   2722.261353   2949.104057
 4.410   20.335371   17.654375   21.363684    8.060388    7.596905    8.245292   13.760218   13.639051   14.049933   2866.451156   2803.673668   3037.366558
 4.411   20.148983   17.467951   21.177653    8.027323    7.565579    8.211523   13.732996   13.611473   14.023690   2957.810455   2893.014109   3134.235710
 4.412   19.958574   17.277505   20.987613    7.993682    7.533688    8.177173   13.705253   13.583368   13.996941   3054.983730   2988.036735   3237.279771
 4.413   19.780856   17.099750   20.810271    7.962407    7.504021    8.145251   13.679419   13.557198   13.972029   3149.359324   3080.318316   3337.367373
 4.414   19.624313   16.943172   20.654112    7.934957    7.477967    8.117247   13.656710   13.534195   13.950128   3235.570630   3164.610589   3428.805433
 4.415   19.475722   16.794545   20.505909    7.908984    7.453303    8.090760   13.635195   13.512403   13.929377   3320.189831   3247.342062   3518.562879
 4.416   19.301085   16.619872   20.331662    7.878562    7.424399    8.059728   13.609958   13.486841   13.905035   3423.263242   3348.117589   3627.905086
 4.417   19.055583   16.374334   20.086555    7.835981    7.383913    8.016278   13.574571   13.451001   13.870896   3575.129893   3496.604326   3789.027530
 4.418   18.695158   16.013870   19.726528    7.773853    7.324781    7.952870   13.522805   13.398576   13.820948   3813.937961   3730.098405   4042.437302
 4.419   18.185147   15.503819   19.216922    7.686698    7.241700    7.863940   13.449927   13.324780   13.750611   4187.620603   4095.448495   4439.082240
 4.420   17.504715   14.823342   18.536903    7.571747    7.131872    7.746715   13.353352   13.227006   13.657370   4761.894641   4656.860282   5048.904706
 4.421   16.647439   13.966020   17.680050    7.428954    6.995007    7.601227   13.232701   13.104883   13.540834   5636.425357   5511.666380   5978.137935
 4.422   15.608500   12.927032   16.641545    7.258697    6.831119    7.427980   13.087937   12.958394   13.400935   6991.128195   6835.506385   7418.814028
 4.423   14.515734   11.834216   15.549215    7.082580    6.660667    7.249068   12.937309   12.806020   13.255285   8899.447232   8699.774567   9450.507944
 4.424   13.345235   10.663666   14.379156    6.896847    6.479705    7.060762   12.777757   12.644679   13.100909  11751.447659  11484.869230  12491.176331
 4.425   12.086689    9.405068   13.121055    6.699897    6.286159    6.861576   12.608274   12.473374   12.936802  16272.557625  15897.744909  17320.227148
 4.426   10.738322    8.056647   11.773138    6.491209    6.078708    6.651190   12.429277   12.292569   12.763289  23939.932741  23376.756819  25530.017166
 4.427    9.302133    6.620402   10.337403    6.270345    5.855558    6.429469   12.242316   12.103917   12.581765  38117.453452  37194.127433  40762.447311
 4.428    7.781770    5.099983    8.817499    6.036255    5.613133    6.195867   12.050911   11.911193   12.395004  67632.782830  65925.794181  72632.920768
 4.429    6.181514    3.000000    7.217707    5.786454    5.253634    5.948811   11.864444   11.724534   12.211606 140778.359143 137008.567290 154846.380477
